carrier,flight_number,total_fare,currency,travel_date,collector
QP,QP1836,6880.00,INR,2026-09-21,playwright_network
QP,QP1826,6880.00,INR,2026-09-21,playwright_network
QP,QP1820,7583.00,INR,2026-09-21,playwright_network
QP,QP1110,10235.00,INR,2026-09-21,playwright_network
QP,QP1833,17657.00,INR,2026-09-21,playwright_network
QP,QP1119,23111.00,INR,2026-09-21,playwright_network
QP,QP1112,23111.00,INR,2026-09-21,playwright_network
QP,UNSPECIFIED,6530.00,INR,2026-09-27,playwright_network
QP,UNSPECIFIED,6530.00,INR,2026-09-27,playwright_network
QP,UNSPECIFIED,6530.00,INR,2026-10-05,playwright_network
QP,UNSPECIFIED,6530.00,INR,2026-10-05,playwright_network
QP,UNSPECIFIED,6530.00,INR,2026-10-20,playwright_network
QP,UNSPECIFIED,6530.00,INR,2026-10-20,playwright_network
QP,UNSPECIFIED,7103.00,INR,2026-11-04,playwright_network
QP,UNSPECIFIED,7103.00,INR,2026-11-04,playwright_network
QP,UNSPECIFIED,8825.00,INR,2026-09-21,playwright_network
QP,UNSPECIFIED,8825.00,INR,2026-09-21,playwright_network
QP,QP1516,6249.00,INR,2026-09-27,playwright_network
QP,QP1527,6994.00,INR,2026-09-27,playwright_network
QP,QP1518,8157.00,INR,2026-09-27,playwright_network
QP,QP1382,9546.00,INR,2026-09-27,playwright_network
QP,QP1133,10341.00,INR,2026-09-27,playwright_network
QP,UNSPECIFIED,7199.00,INR,2026-10-05,playwright_network
QP,UNSPECIFIED,7199.00,INR,2026-10-05,playwright_network
QP,UNSPECIFIED,5050.00,INR,2026-10-20,playwright_network
QP,UNSPECIFIED,5050.00,INR,2026-10-20,playwright_network
QP,UNSPECIFIED,7199.00,INR,2026-11-04,playwright_network
QP,UNSPECIFIED,7199.00,INR,2026-11-04,playwright_network
QP,UNSPECIFIED,8829.00,INR,2026-09-21,playwright_network
QP,UNSPECIFIED,8829.00,INR,2026-09-21,playwright_network
QP,QP1812,9179.00,INR,2026-09-27,playwright_network
QP,QP1350,9342.00,INR,2026-09-27,playwright_network
QP,QP1308,9508.00,INR,2026-09-27,playwright_network
QP,QP1824,11368.00,INR,2026-09-27,playwright_network
QP,QP1822,12446.00,INR,2026-09-27,playwright_network
QP,UNSPECIFIED,8829.00,INR,2026-10-05,playwright_network
QP,UNSPECIFIED,8829.00,INR,2026-10-05,playwright_network
QP,UNSPECIFIED,9680.00,INR,2026-10-20,playwright_network
QP,UNSPECIFIED,9680.00,INR,2026-10-20,playwright_network
QP,UNSPECIFIED,9859.00,INR,2026-11-04,playwright_network
QP,UNSPECIFIED,9859.00,INR,2026-11-04,playwright_network
IX,IX1392,6011.00,INR,2026-09-21,playwright_network
SG,SG2802,5999.00,INR,2026-09-21,playwright_network
SG,SG162,6292.00,INR,2026-09-21,playwright_network
IX,IX1235,6688.00,INR,2026-09-21,playwright_network
6E,6E322,6530.00,INR,2026-09-21,playwright_network
6E,6E853,6530.00,INR,2026-09-21,playwright_network
6E,6E329,6530.00,INR,2026-09-21,playwright_network
6E,6E6706,6530.00,INR,2026-09-21,playwright_network
6E,6E864,6530.00,INR,2026-09-21,playwright_network
6E,6E6318,6530.00,INR,2026-09-21,playwright_network
6E,6E395,6530.00,INR,2026-09-21,playwright_network
6E,6E6114,6530.00,INR,2026-09-21,playwright_network
6E,6E327,6530.00,INR,2026-09-21,playwright_network
QP,QP1836,6530.00,INR,2026-09-21,playwright_network
QP,QP1826,6530.00,INR,2026-09-21,playwright_network
6E,6E6022,6530.00,INR,2026-09-21,playwright_network
6E,6E303,6583.00,INR,2026-09-21,playwright_network
6E,6E324,6583.00,INR,2026-09-21,playwright_network
6E,6E2013,6618.00,INR,2026-09-21,playwright_network
6E,6E6983,6618.00,INR,2026-09-21,playwright_network
6E,6E5073,6618.00,INR,2026-09-21,playwright_network
AI,AI1780,6843.00,INR,2026-09-21,playwright_network
6E,6E2169,6750.00,INR,2026-09-21,playwright_network
6E,6E6829,6750.00,INR,2026-09-21,playwright_network
6E,6E6676,6751.00,INR,2026-09-21,playwright_network
6E,6E354,6751.00,INR,2026-09-21,playwright_network
6E,6E5298,6828.00,INR,2026-09-21,playwright_network
6E,6E5206,6828.00,INR,2026-09-21,playwright_network
6E,6E6050,6828.00,INR,2026-09-21,playwright_network
6E,6E6601,6960.00,INR,2026-09-21,playwright_network
6E,6E6282,6960.00,INR,2026-09-21,playwright_network
6E,6E882,6960.00,INR,2026-09-21,playwright_network
6E,6E6497,6960.00,INR,2026-09-21,playwright_network
QP,QP1820,7233.00,INR,2026-09-21,playwright_network
IX,IX1165,8349.00,INR,2026-09-21,playwright_network
IX,IX1049,8349.00,INR,2026-09-21,playwright_network
6E,6E931,8351.00,INR,2026-09-21,playwright_network
6E,6E6569,9178.00,INR,2026-09-21,playwright_network
6E,6E5038,9257.00,INR,2026-09-21,playwright_network
6E,6E6212,9388.00,INR,2026-09-21,playwright_network
IX,IX1003,9971.00,INR,2026-09-21,playwright_network
QP,QP1110,9885.00,INR,2026-09-21,playwright_network
6E,6E2381,10153.00,INR,2026-09-21,playwright_network
6E,6E6479,10494.00,INR,2026-09-21,playwright_network
AI,AI9759,11175.00,INR,2026-09-21,playwright_network
AI,AI9447,11175.00,INR,2026-09-21,playwright_network
6E,6E2383,11525.00,INR,2026-09-21,playwright_network
6E,6E5014,11577.00,INR,2026-09-21,playwright_network
6E,6E2341,11577.00,INR,2026-09-21,playwright_network
IX,IX1068,12222.00,INR,2026-09-21,playwright_network
6E,6E6433,12724.00,INR,2026-09-21,playwright_network
6E,6E2249,12747.00,INR,2026-09-21,playwright_network
IX,IX1082,13362.00,INR,2026-09-21,playwright_network
IX,IX1817,13362.00,INR,2026-09-21,playwright_network
6E,6E2331,13333.00,INR,2026-09-21,playwright_network
IX,IX1049,13886.00,INR,2026-09-21,playwright_network
6E,6E357,14395.00,INR,2026-09-21,playwright_network
IX,IX1108,14864.00,INR,2026-09-21,playwright_network
IX,IX1108,15601.00,INR,2026-09-21,playwright_network
6E,6E6443,15224.00,INR,2026-09-21,playwright_network
IX,IX1815,16690.00,INR,2026-09-21,playwright_network
IX,IX1081,16090.00,INR,2026-09-21,playwright_network
IX,IX1273,16091.00,INR,2026-09-21,playwright_network
AI,AI2627,15960.00,INR,2026-09-21,playwright_network
IX,IX1754,17349.00,INR,2026-09-21,playwright_network
IX,IX1067,17506.00,INR,2026-09-21,playwright_network
IX,IX1001,17509.00,INR,2026-09-21,playwright_network
QP,QP1833,17307.00,INR,2026-09-21,playwright_network
6E,6E5073,18147.00,INR,2026-09-21,playwright_network
6E,6E6218,18500.00,INR,2026-09-21,playwright_network
6E,6E6814,18500.00,INR,2026-09-21,playwright_network
6E,6E6107,18500.00,INR,2026-09-21,playwright_network
6E,6E5138,19503.00,INR,2026-09-21,playwright_network
IX,IX1059,20177.00,INR,2026-09-21,playwright_network
AI,AI1779,20423.00,INR,2026-09-21,playwright_network
IX,IX1812,21041.00,INR,2026-09-21,playwright_network
IX,IX1812,21879.00,INR,2026-09-21,playwright_network
IX,IX1811,21879.00,INR,2026-09-21,playwright_network
6E,6E6293,21850.00,INR,2026-09-21,playwright_network
IX,IX1783,22487.00,INR,2026-09-21,playwright_network
6E,6E5119,22297.00,INR,2026-09-21,playwright_network
6E,6E358,22658.00,INR,2026-09-21,playwright_network
QP,QP1119,22761.00,INR,2026-09-21,playwright_network
QP,QP1112,22761.00,INR,2026-09-21,playwright_network
6E,6E5119,22977.00,INR,2026-09-21,playwright_network
6E,6E2076,23082.00,INR,2026-09-21,playwright_network
6E,6E6459,24944.00,INR,2026-09-21,playwright_network
6E,6E704,27355.00,INR,2026-09-21,playwright_network
IX,IX1165,6245.00,INR,2026-09-27,playwright_network
IX,IX1056,6529.00,INR,2026-09-27,playwright_network
IX,IX1235,6688.00,INR,2026-09-27,playwright_network
IX,IX1392,6611.00,INR,2026-09-27,playwright_network
QP,QP1110,6530.00,INR,2026-09-27,playwright_network
6E,6E6218,6530.00,INR,2026-09-27,playwright_network
6E,6E322,6530.00,INR,2026-09-27,playwright_network
6E,6E675,6530.00,INR,2026-09-27,playwright_network
6E,6E6047,6530.00,INR,2026-09-27,playwright_network
QP,QP1833,6530.00,INR,2026-09-27,playwright_network
QP,QP1112,6530.00,INR,2026-09-27,playwright_network
6E,6E6114,6530.00,INR,2026-09-27,playwright_network
6E,6E320,6530.00,INR,2026-09-27,playwright_network
6E,6E6328,6530.00,INR,2026-09-27,playwright_network
AI,AI1745,6730.00,INR,2026-09-27,playwright_network
QP,QP1119,6530.00,INR,2026-09-27,playwright_network
QP,QP1836,6530.00,INR,2026-09-27,playwright_network
6E,6E6107,6530.00,INR,2026-09-27,playwright_network
6E,6E6022,6530.00,INR,2026-09-27,playwright_network
AI,AI2439,6730.00,INR,2026-09-27,playwright_network
AI,AI2678,6843.00,INR,2026-09-27,playwright_network
AI,AI2963,6843.00,INR,2026-09-27,playwright_network
AI,AI2975,6843.00,INR,2026-09-27,playwright_network
AI,AI2429,6843.00,INR,2026-09-27,playwright_network
AI,AI2943,6843.00,INR,2026-09-27,playwright_network
AI,AI2945,6843.00,INR,2026-09-27,playwright_network
AI,AI2927,6843.00,INR,2026-09-27,playwright_network
6E,6E324,6688.00,INR,2026-09-27,playwright_network
6E,6E6676,6688.00,INR,2026-09-27,playwright_network
AI,AI1785,7001.00,INR,2026-09-27,playwright_network
6E,6E864,6898.00,INR,2026-09-27,playwright_network
6E,6E6318,6898.00,INR,2026-09-27,playwright_network
QP,QP1826,7103.00,INR,2026-09-27,playwright_network
6E,6E5014,7120.00,INR,2026-09-27,playwright_network
6E,6E5119,7120.00,INR,2026-09-27,playwright_network
6E,6E6171,7120.00,INR,2026-09-27,playwright_network
6E,6E2076,7120.00,INR,2026-09-27,playwright_network
6E,6E931,7120.00,INR,2026-09-27,playwright_network
6E,6E2013,7120.00,INR,2026-09-27,playwright_network
6E,6E6983,7120.00,INR,2026-09-27,playwright_network
6E,6E6261,7120.00,INR,2026-09-27,playwright_network
6E,6E5073,7120.00,INR,2026-09-27,playwright_network
6E,6E853,7160.00,INR,2026-09-27,playwright_network
6E,6E329,7160.00,INR,2026-09-27,playwright_network
6E,6E327,7160.00,INR,2026-09-27,playwright_network
6E,6E354,7160.00,INR,2026-09-27,playwright_network
AI,AI1777,7450.00,INR,2026-09-27,playwright_network
6E,6E2249,7252.00,INR,2026-09-27,playwright_network
6E,6E6443,7252.00,INR,2026-09-27,playwright_network
6E,6E5138,7252.00,INR,2026-09-27,playwright_network
6E,6E6459,7252.00,INR,2026-09-27,playwright_network
6E,6E6569,7252.00,INR,2026-09-27,playwright_network
AI,AI2941,7473.00,INR,2026-09-27,playwright_network
AI,AI2433,7473.00,INR,2026-09-27,playwright_network
AI,AI2957,7473.00,INR,2026-09-27,playwright_network
6E,6E6479,7330.00,INR,2026-09-27,playwright_network
QP,QP1820,7366.00,INR,2026-09-27,playwright_network
AI,AI2981,7660.00,INR,2026-09-27,playwright_network
6E,6E6282,7462.00,INR,2026-09-27,playwright_network
6E,6E882,7462.00,INR,2026-09-27,playwright_network
6E,6E705,7462.00,INR,2026-09-27,playwright_network
6E,6E6293,7462.00,INR,2026-09-27,playwright_network
6E,6E303,7475.00,INR,2026-09-27,playwright_network
6E,6E6706,7475.00,INR,2026-09-27,playwright_network
6E,6E395,7475.00,INR,2026-09-27,playwright_network
QP,QP1128,7501.00,INR,2026-09-27,playwright_network
AI,AI441,7788.00,INR,2026-09-27,playwright_network
AI,AI2805,7788.00,INR,2026-09-27,playwright_network
AI,AI2955,7910.00,INR,2026-09-27,playwright_network
AI,AI2933,7985.00,INR,2026-09-27,playwright_network
AI,AI1780,8103.00,INR,2026-09-27,playwright_network
6E,6E758,7905.00,INR,2026-09-27,playwright_network
IX,IX1082,8349.00,INR,2026-09-27,playwright_network
IX,IX1817,8349.00,INR,2026-09-27,playwright_network
AI,AI2951,8471.00,INR,2026-09-27,playwright_network
6E,6E5206,8535.00,INR,2026-09-27,playwright_network
IX,IX1049,9071.00,INR,2026-09-27,playwright_network
AI,AI2499,9526.00,INR,2026-09-27,playwright_network
AI,AI1710,9526.00,INR,2026-09-27,playwright_network
6E,6E6601,9360.00,INR,2026-09-27,playwright_network
AI,AI2509,10031.00,INR,2026-09-27,playwright_network
AI,AI2569,10366.00,INR,2026-09-27,playwright_network
AI,AI2985,10388.00,INR,2026-09-27,playwright_network
AI,AI1717,10576.00,INR,2026-09-27,playwright_network
AI,AI1705,10690.00,INR,2026-09-27,playwright_network
AI,AI1719,10813.00,INR,2026-09-27,playwright_network
6E,6E2381,10959.00,INR,2026-09-27,playwright_network
AI,AI2761,11430.00,INR,2026-09-27,playwright_network
6E,6E2349,11427.00,INR,2026-09-27,playwright_network
IX,IX1812,12222.00,INR,2026-09-27,playwright_network
AI,AI9447,12277.00,INR,2026-09-27,playwright_network
IX,IX5975,13216.00,INR,2026-09-27,playwright_network
6E,6E6497,12893.00,INR,2026-09-27,playwright_network
6E,6E6829,13104.00,INR,2026-09-27,playwright_network
IX,IX1049,13571.00,INR,2026-09-27,playwright_network
IX,IX1754,13571.00,INR,2026-09-27,playwright_network
IX,IX1003,13571.00,INR,2026-09-27,playwright_network
6E,6E184,13399.00,INR,2026-09-27,playwright_network
SG,SG2802,13745.00,INR,2026-09-27,playwright_network
6E,6E6433,13859.00,INR,2026-09-27,playwright_network
AI,AI881,14405.00,INR,2026-09-27,playwright_network
AI,AI2909,14405.00,INR,2026-09-27,playwright_network
6E,6E5038,14391.00,INR,2026-09-27,playwright_network
AI,AI531,14652.00,INR,2026-09-27,playwright_network
6E,6E5073,14682.00,INR,2026-09-27,playwright_network
IX,IX1059,15191.00,INR,2026-09-27,playwright_network
6E,6E2331,14992.00,INR,2026-09-27,playwright_network
AI,AI885,15365.00,INR,2026-09-27,playwright_network
IX,IX1070,15602.00,INR,2026-09-27,playwright_network
AI,AI1710,15383.00,INR,2026-09-27,playwright_network
IX,IX1815,16690.00,INR,2026-09-27,playwright_network
SG,SG162,15724.00,INR,2026-09-27,playwright_network
AI,AI2909,15855.00,INR,2026-09-27,playwright_network
AI,AI2545,16117.00,INR,2026-09-27,playwright_network
6E,6E357,15980.00,INR,2026-09-27,playwright_network
AI,AI1780,17042.00,INR,2026-09-27,playwright_network
AI,AI2515,17042.00,INR,2026-09-27,playwright_network
AI,AI1725,17042.00,INR,2026-09-27,playwright_network
6E,6E6212,17275.00,INR,2026-09-27,playwright_network
6E,6E5298,17922.00,INR,2026-09-27,playwright_network
IX,IX1812,21041.00,INR,2026-09-27,playwright_network
AI,AI9584,21646.00,INR,2026-09-27,playwright_network
AI,AI9757,22366.00,INR,2026-09-27,playwright_network
IX,IX1783,22907.00,INR,2026-09-27,playwright_network
IX,IX1081,22969.00,INR,2026-09-27,playwright_network
AI,AI2465,22828.00,INR,2026-09-27,playwright_network
IX,IX1067,23441.00,INR,2026-09-27,playwright_network
AI,AI1779,23404.00,INR,2026-09-27,playwright_network
IX,IX1811,24649.00,INR,2026-09-27,playwright_network
IX,IX1108,24749.00,INR,2026-09-27,playwright_network
6E,6E358,24475.00,INR,2026-09-27,playwright_network
AI,AI1739,26280.00,INR,2026-09-27,playwright_network
6E,6E2496,26885.00,INR,2026-09-27,playwright_network
IX,IX1068,28319.00,INR,2026-09-27,playwright_network
AI,AI2761,34550.00,INR,2026-09-27,playwright_network
IX,IX1001,35673.00,INR,2026-09-27,playwright_network
AI,AI2907,37320.00,INR,2026-09-27,playwright_network
IX,IX1392,6011.00,INR,2026-10-05,playwright_network
SG,SG162,6292.00,INR,2026-10-05,playwright_network
6E,6E5014,6090.00,INR,2026-10-05,playwright_network
6E,6E5119,6090.00,INR,2026-10-05,playwright_network
6E,6E2013,6090.00,INR,2026-10-05,playwright_network
6E,6E6261,6090.00,INR,2026-10-05,playwright_network
IX,IX1235,6529.00,INR,2026-10-05,playwright_network
6E,6E2169,6222.00,INR,2026-10-05,playwright_network
6E,6E2249,6222.00,INR,2026-10-05,playwright_network
6E,6E6829,6222.00,INR,2026-10-05,playwright_network
6E,6E6443,6222.00,INR,2026-10-05,playwright_network
6E,6E5138,6222.00,INR,2026-10-05,playwright_network
6E,6E6459,6222.00,INR,2026-10-05,playwright_network
6E,6E6433,6222.00,INR,2026-10-05,playwright_network
IX,IX1165,6611.00,INR,2026-10-05,playwright_network
6E,6E6479,6300.00,INR,2026-10-05,playwright_network
6E,6E6050,6300.00,INR,2026-10-05,playwright_network
6E,6E5038,6300.00,INR,2026-10-05,playwright_network
IX,IX1056,6688.00,INR,2026-10-05,playwright_network
6E,6E6601,6432.00,INR,2026-10-05,playwright_network
6E,6E6282,6432.00,INR,2026-10-05,playwright_network
6E,6E882,6432.00,INR,2026-10-05,playwright_network
6E,6E717,6432.00,INR,2026-10-05,playwright_network
6E,6E6212,6432.00,INR,2026-10-05,playwright_network
6E,6E357,6510.00,INR,2026-10-05,playwright_network
6E,6E6676,6530.00,INR,2026-10-05,playwright_network
6E,6E324,6530.00,INR,2026-10-05,playwright_network
6E,6E322,6530.00,INR,2026-10-05,playwright_network
6E,6E864,6530.00,INR,2026-10-05,playwright_network
6E,6E6318,6530.00,INR,2026-10-05,playwright_network
6E,6E6047,6530.00,INR,2026-10-05,playwright_network
QP,QP1110,6530.00,INR,2026-10-05,playwright_network
QP,QP1128,6530.00,INR,2026-10-05,playwright_network
QP,QP1820,6530.00,INR,2026-10-05,playwright_network
6E,6E6114,6530.00,INR,2026-10-05,playwright_network
QP,QP1826,6530.00,INR,2026-10-05,playwright_network
6E,6E6022,6530.00,INR,2026-10-05,playwright_network
6E,6E6107,6530.00,INR,2026-10-05,playwright_network
6E,6E853,6688.00,INR,2026-10-05,playwright_network
6E,6E327,6688.00,INR,2026-10-05,playwright_network
6E,6E354,6688.00,INR,2026-10-05,playwright_network
SG,SG2802,7085.00,INR,2026-10-05,playwright_network
6E,6E303,6898.00,INR,2026-10-05,playwright_network
6E,6E675,6898.00,INR,2026-10-05,playwright_network
6E,6E395,7160.00,INR,2026-10-05,playwright_network
QP,QP1833,7366.00,INR,2026-10-05,playwright_network
6E,6E449,7475.00,INR,2026-10-05,playwright_network
6E,6E6218,7475.00,INR,2026-10-05,playwright_network
6E,6E353,7475.00,INR,2026-10-05,playwright_network
QP,QP1119,7501.00,INR,2026-10-05,playwright_network
6E,6E931,7650.00,INR,2026-10-05,playwright_network
6E,6E5073,7650.00,INR,2026-10-05,playwright_network
6E,6E6814,7790.00,INR,2026-10-05,playwright_network
6E,6E6328,7790.00,INR,2026-10-05,playwright_network
IX,IX1081,8139.00,INR,2026-10-05,playwright_network
IX,IX1273,8139.00,INR,2026-10-05,playwright_network
IX,IX1067,8139.00,INR,2026-10-05,playwright_network
6E,6E758,7860.00,INR,2026-10-05,playwright_network
6E,6E6171,8276.00,INR,2026-10-05,playwright_network
6E,6E2076,8276.00,INR,2026-10-05,playwright_network
6E,6E6983,8276.00,INR,2026-10-05,playwright_network
6E,6E329,8578.00,INR,2026-10-05,playwright_network
6E,6E6706,8578.00,INR,2026-10-05,playwright_network
6E,6E320,8578.00,INR,2026-10-05,playwright_network
6E,6E5073,8964.00,INR,2026-10-05,playwright_network
6E,6E5298,9174.00,INR,2026-10-05,playwright_network
6E,6E2113,9174.00,INR,2026-10-05,playwright_network
6E,6E358,9384.00,INR,2026-10-05,playwright_network
6E,6E2349,9688.00,INR,2026-10-05,playwright_network
AI,AI2499,10156.00,INR,2026-10-05,playwright_network
IX,IX1064,10870.00,INR,2026-10-05,playwright_network
IX,IX1082,10895.00,INR,2026-10-05,playwright_network
IX,IX1817,10895.00,INR,2026-10-05,playwright_network
IX,IX1049,11735.00,INR,2026-10-05,playwright_network
AI,AI9757,11857.00,INR,2026-10-05,playwright_network
6E,6E2381,11810.00,INR,2026-10-05,playwright_network
IX,IX1812,12222.00,INR,2026-10-05,playwright_network
IX,IX2749,13383.00,INR,2026-10-05,playwright_network
AI,AI9674,13697.00,INR,2026-10-05,playwright_network
6E,6E6021,13930.00,INR,2026-10-05,playwright_network
IX,IX1076,14460.00,INR,2026-10-05,playwright_network
IX,IX1782,14367.00,INR,2026-10-05,playwright_network
AI,AI2545,14293.00,INR,2026-10-05,playwright_network
AI,AI531,14293.00,INR,2026-10-05,playwright_network
AI,AI809,14293.00,INR,2026-10-05,playwright_network
AI,AI2939,14293.00,INR,2026-10-05,playwright_network
IX,IX1108,15287.00,INR,2026-10-05,playwright_network
6E,6E704,15814.00,INR,2026-10-05,playwright_network
6E,6E705,15932.00,INR,2026-10-05,playwright_network
IX,IX1068,16651.00,INR,2026-10-05,playwright_network
IX,IX1059,17237.00,INR,2026-10-05,playwright_network
IX,IX1815,17320.00,INR,2026-10-05,playwright_network
IX,IX1783,17657.00,INR,2026-10-05,playwright_network
IX,IX1812,17808.00,INR,2026-10-05,playwright_network
IX,IX1057,18077.00,INR,2026-10-05,playwright_network
IX,IX1049,18194.00,INR,2026-10-05,playwright_network
IX,IX1108,19168.00,INR,2026-10-05,playwright_network
IX,IX1811,19199.00,INR,2026-10-05,playwright_network
AI,AI427,19906.00,INR,2026-10-05,playwright_network
AI,AI2653,21384.00,INR,2026-10-05,playwright_network
AI,AI9584,22935.00,INR,2026-10-05,playwright_network
AI,AI9418,25694.00,INR,2026-10-05,playwright_network
IX,IX1165,6245.00,INR,2026-10-20,playwright_network
SG,SG802,6528.00,INR,2026-10-20,playwright_network
SG,SG162,6528.00,INR,2026-10-20,playwright_network
IX,IX1082,6611.00,INR,2026-10-20,playwright_network
IX,IX1817,6611.00,INR,2026-10-20,playwright_network
IX,IX1049,6611.00,INR,2026-10-20,playwright_network
QP,QP1833,6530.00,INR,2026-10-20,playwright_network
IX,IX1056,6898.00,INR,2026-10-20,playwright_network
QP,QP1119,6609.00,INR,2026-10-20,playwright_network
6E,6E5014,6618.00,INR,2026-10-20,playwright_network
6E,6E6454,6618.00,INR,2026-10-20,playwright_network
6E,6E5119,6618.00,INR,2026-10-20,playwright_network
6E,6E6171,6618.00,INR,2026-10-20,playwright_network
6E,6E2076,6618.00,INR,2026-10-20,playwright_network
6E,6E931,6618.00,INR,2026-10-20,playwright_network
6E,6E6261,6618.00,INR,2026-10-20,playwright_network
6E,6E2169,6750.00,INR,2026-10-20,playwright_network
6E,6E2249,6750.00,INR,2026-10-20,playwright_network
6E,6E6829,6750.00,INR,2026-10-20,playwright_network
6E,6E6443,6750.00,INR,2026-10-20,playwright_network
6E,6E6459,6750.00,INR,2026-10-20,playwright_network
6E,6E6433,6750.00,INR,2026-10-20,playwright_network
6E,6E6479,6828.00,INR,2026-10-20,playwright_network
6E,6E758,6828.00,INR,2026-10-20,playwright_network
6E,6E6050,6828.00,INR,2026-10-20,playwright_network
6E,6E5038,6828.00,INR,2026-10-20,playwright_network
IX,IX1235,7168.00,INR,2026-10-20,playwright_network
6E,6E6026,6960.00,INR,2026-10-20,playwright_network
6E,6E2381,6960.00,INR,2026-10-20,playwright_network
QP,QP1807,6977.00,INR,2026-10-20,playwright_network
QP,QP1110,6977.00,INR,2026-10-20,playwright_network
QP,QP1128,6977.00,INR,2026-10-20,playwright_network
QP,QP1820,6977.00,INR,2026-10-20,playwright_network
6E,6E324,7019.00,INR,2026-10-20,playwright_network
6E,6E322,7019.00,INR,2026-10-20,playwright_network
6E,6E864,7019.00,INR,2026-10-20,playwright_network
6E,6E6318,7019.00,INR,2026-10-20,playwright_network
6E,6E449,7019.00,INR,2026-10-20,playwright_network
6E,6E6218,7019.00,INR,2026-10-20,playwright_network
6E,6E6047,7019.00,INR,2026-10-20,playwright_network
6E,6E6676,7019.00,INR,2026-10-20,playwright_network
6E,6E675,7019.00,INR,2026-10-20,playwright_network
6E,6E353,7019.00,INR,2026-10-20,playwright_network
6E,6E6114,7019.00,INR,2026-10-20,playwright_network
6E,6E395,7019.00,INR,2026-10-20,playwright_network
6E,6E327,7019.00,INR,2026-10-20,playwright_network
6E,6E320,7019.00,INR,2026-10-20,playwright_network
6E,6E6328,7019.00,INR,2026-10-20,playwright_network
6E,6E6022,7019.00,INR,2026-10-20,playwright_network
6E,6E6107,7019.00,INR,2026-10-20,playwright_network
6E,6E6706,7169.00,INR,2026-10-20,playwright_network
6E,6E2113,7352.00,INR,2026-10-20,playwright_network
QP,QP1826,7366.00,INR,2026-10-20,playwright_network
6E,6E303,7469.00,INR,2026-10-20,playwright_network
6E,6E853,7469.00,INR,2026-10-20,playwright_network
6E,6E6814,7469.00,INR,2026-10-20,playwright_network
6E,6E354,7469.00,INR,2026-10-20,playwright_network
6E,6E6601,8059.00,INR,2026-10-20,playwright_network
6E,6E5138,8482.00,INR,2026-10-20,playwright_network
6E,6E5073,9047.00,INR,2026-10-20,playwright_network
6E,6E6983,9047.00,INR,2026-10-20,playwright_network
6E,6E329,9329.00,INR,2026-10-20,playwright_network
6E,6E2349,9374.00,INR,2026-10-20,playwright_network
IX,IX1783,9971.00,INR,2026-10-20,playwright_network
IX,IX1057,9971.00,INR,2026-10-20,playwright_network
IX,IX1049,10310.00,INR,2026-10-20,playwright_network
6E,6E704,10153.00,INR,2026-10-20,playwright_network
6E,6E717,10153.00,INR,2026-10-20,playwright_network
6E,6E357,10260.00,INR,2026-10-20,playwright_network
AI,AI1705,10834.00,INR,2026-10-20,playwright_network
6E,6E2013,10723.00,INR,2026-10-20,playwright_network
AI,AI1719,11035.00,INR,2026-10-20,playwright_network
AI,AI9759,11175.00,INR,2026-10-20,playwright_network
6E,6E6212,10994.00,INR,2026-10-20,playwright_network
6E,6E5298,11787.00,INR,2026-10-20,playwright_network
IX,IX1059,12222.00,INR,2026-10-20,playwright_network
IX,IX1064,12222.00,INR,2026-10-20,playwright_network
6E,6E6282,11918.00,INR,2026-10-20,playwright_network
IX,IX2749,13383.00,INR,2026-10-20,playwright_network
AI,AI2715,14293.00,INR,2026-10-20,playwright_network
6E,6E358,14130.00,INR,2026-10-20,playwright_network
AI,AI809,14405.00,INR,2026-10-20,playwright_network
AI,AI2939,14405.00,INR,2026-10-20,playwright_network
AI,AI2761,14760.00,INR,2026-10-20,playwright_network
AI,AI885,15365.00,INR,2026-10-20,playwright_network
AI,AI2499,15383.00,INR,2026-10-20,playwright_network
IX,IX1108,16201.00,INR,2026-10-20,playwright_network
AI,AI1743,16186.00,INR,2026-10-20,playwright_network
IX,IX1068,16937.00,INR,2026-10-20,playwright_network
AI,AI2907,16781.00,INR,2026-10-20,playwright_network
6E,6E882,16943.00,INR,2026-10-20,playwright_network
AI,AI2509,19206.00,INR,2026-10-20,playwright_network
IX,IX1815,20298.00,INR,2026-10-20,playwright_network
IX,IX1812,22104.00,INR,2026-10-20,playwright_network
IX,IX1081,23704.00,INR,2026-10-20,playwright_network
IX,IX1076,28272.00,INR,2026-10-20,playwright_network
IX,IX1067,28272.00,INR,2026-10-20,playwright_network
SG,SG612,6528.00,INR,2026-11-04,playwright_network
SG,SG510,6528.00,INR,2026-11-04,playwright_network
SG,SG475,6528.00,INR,2026-11-04,playwright_network
SG,SG603,6528.00,INR,2026-11-04,playwright_network
IX,IX1056,6688.00,INR,2026-11-04,playwright_network
IX,IX1235,6688.00,INR,2026-11-04,playwright_network
6E,6E353,7019.00,INR,2026-11-04,playwright_network
6E,6E6114,7019.00,INR,2026-11-04,playwright_network
6E,6E395,7019.00,INR,2026-11-04,playwright_network
6E,6E853,7019.00,INR,2026-11-04,playwright_network
6E,6E328,7019.00,INR,2026-11-04,playwright_network
6E,6E6706,7019.00,INR,2026-11-04,playwright_network
6E,6E864,7019.00,INR,2026-11-04,playwright_network
6E,6E6318,7019.00,INR,2026-11-04,playwright_network
6E,6E6022,7019.00,INR,2026-11-04,playwright_network
6E,6E324,7019.00,INR,2026-11-04,playwright_network
6E,6E449,7019.00,INR,2026-11-04,playwright_network
6E,6E6218,7019.00,INR,2026-11-04,playwright_network
6E,6E320,7019.00,INR,2026-11-04,playwright_network
6E,6E6107,7019.00,INR,2026-11-04,playwright_network
6E,6E6328,7019.00,INR,2026-11-04,playwright_network
6E,6E6047,7019.00,INR,2026-11-04,playwright_network
6E,6E6676,7019.00,INR,2026-11-04,playwright_network
6E,6E675,7019.00,INR,2026-11-04,playwright_network
6E,6E6051,7019.00,INR,2026-11-04,playwright_network
IX,IX2241,7329.00,INR,2026-11-04,playwright_network
QP,QP1112,7103.00,INR,2026-11-04,playwright_network
QP,QP1118,7103.00,INR,2026-11-04,playwright_network
6E,6E6787,7120.00,INR,2026-11-04,playwright_network
6E,6E6220,7120.00,INR,2026-11-04,playwright_network
6E,6E354,7169.00,INR,2026-11-04,playwright_network
6E,6E327,7169.00,INR,2026-11-04,playwright_network
QP,QP1114,7233.00,INR,2026-11-04,playwright_network
QP,QP1805,7233.00,INR,2026-11-04,playwright_network
6E,6E2402,7252.00,INR,2026-11-04,playwright_network
6E,6E6569,7252.00,INR,2026-11-04,playwright_network
6E,6E6004,7252.00,INR,2026-11-04,playwright_network
AI,AI2678,7489.00,INR,2026-11-04,playwright_network
AI,AI2963,7489.00,INR,2026-11-04,playwright_network
AI,AI2573,7489.00,INR,2026-11-04,playwright_network
AI,AI2975,7489.00,INR,2026-11-04,playwright_network
AI,AI2927,7489.00,INR,2026-11-04,playwright_network
AI,AI2425,7489.00,INR,2026-11-04,playwright_network
AI,AI2945,7489.00,INR,2026-11-04,playwright_network
AI,AI2587,7489.00,INR,2026-11-04,playwright_network
AI,AI2951,7489.00,INR,2026-11-04,playwright_network
AI,AI2941,7489.00,INR,2026-11-04,playwright_network
AI,AI441,7489.00,INR,2026-11-04,playwright_network
AI,AI2555,7489.00,INR,2026-11-04,playwright_network
AI,AI2957,7489.00,INR,2026-11-04,playwright_network
AI,AI2981,7489.00,INR,2026-11-04,playwright_network
AI,AI2999,7489.00,INR,2026-11-04,playwright_network
AI,AI2437,7489.00,INR,2026-11-04,playwright_network
6E,6E2303,7462.00,INR,2026-11-04,playwright_network
6E,6E6814,7469.00,INR,2026-11-04,playwright_network
AI,AI2943,7677.00,INR,2026-11-04,playwright_network
AI,AI2433,7677.00,INR,2026-11-04,playwright_network
IX,IX1108,7724.00,INR,2026-11-04,playwright_network
IX,IX1021,7724.00,INR,2026-11-04,playwright_network
6E,6E2150,7540.00,INR,2026-11-04,playwright_network
AI,AI2439,7802.00,INR,2026-11-04,playwright_network
AI,AI2985,7832.00,INR,2026-11-04,playwright_network
6E,6E2164,7695.00,INR,2026-11-04,playwright_network
6E,6E2105,7695.00,INR,2026-11-04,playwright_network
AI,AI2933,7940.00,INR,2026-11-04,playwright_network
AI,AI2429,7940.00,INR,2026-11-04,playwright_network
6E,6E303,7769.00,INR,2026-11-04,playwright_network
6E,6E329,7769.00,INR,2026-11-04,playwright_network
AI,AI2955,7990.00,INR,2026-11-04,playwright_network
6E,6E6488,7826.00,INR,2026-11-04,playwright_network
6E,6E6808,7905.00,INR,2026-11-04,playwright_network
AI,AI2977,8153.00,INR,2026-11-04,playwright_network
QP,QP1116,8217.00,INR,2026-11-04,playwright_network
6E,6E2298,8325.00,INR,2026-11-04,playwright_network
AI,AI2805,8792.00,INR,2026-11-04,playwright_network
6E,6E2289,9019.00,INR,2026-11-04,playwright_network
6E,6E5058,9360.00,INR,2026-11-04,playwright_network
6E,6E717,9360.00,INR,2026-11-04,playwright_network
6E,6E6601,9360.00,INR,2026-11-04,playwright_network
6E,6E705,9360.00,INR,2026-11-04,playwright_network
6E,6E6212,9360.00,INR,2026-11-04,playwright_network
6E,6E704,9360.00,INR,2026-11-04,playwright_network
6E,6E6293,9360.00,INR,2026-11-04,playwright_network
6E,6E5252,9780.00,INR,2026-11-04,playwright_network
6E,6E6878,9780.00,INR,2026-11-04,playwright_network
6E,6E6849,9780.00,INR,2026-11-04,playwright_network
AI,AI1713,10795.00,INR,2026-11-04,playwright_network
6E,6E5225,10828.00,INR,2026-11-04,playwright_network
6E,6E6050,10907.00,INR,2026-11-04,playwright_network
IX,IX1021,11264.00,INR,2026-11-04,playwright_network
IX,IX1371,11497.00,INR,2026-11-04,playwright_network
IX,IX1385,11825.00,INR,2026-11-04,playwright_network
IX,IX1392,11825.00,INR,2026-11-04,playwright_network
IX,IX1082,11766.00,INR,2026-11-04,playwright_network
6E,6E931,11539.00,INR,2026-11-04,playwright_network
6E,6E428,11566.00,INR,2026-11-04,playwright_network
6E,6E6699,11633.00,INR,2026-11-04,playwright_network
AI,AI2577,11837.00,INR,2026-11-04,playwright_network
6E,6E358,11959.00,INR,2026-11-04,playwright_network
6E,6E2013,12552.00,INR,2026-11-04,playwright_network
IX,IX1196,12908.00,INR,2026-11-04,playwright_network
AI,AI9567,13525.00,INR,2026-11-04,playwright_network
IX,IX1979,14474.00,INR,2026-11-04,playwright_network
6E,6E5025,14348.00,INR,2026-11-04,playwright_network
AI,AI1717,14753.00,INR,2026-11-04,playwright_network
IX,IX1286,14933.00,INR,2026-11-04,playwright_network
AI,AI2577,14970.00,INR,2026-11-04,playwright_network
IX,IX1059,15453.00,INR,2026-11-04,playwright_network
IX,IX1057,15453.00,INR,2026-11-04,playwright_network
AI,AI2537,15402.00,INR,2026-11-04,playwright_network
IX,IX1064,15767.00,INR,2026-11-04,playwright_network
IX,IX2222,15767.00,INR,2026-11-04,playwright_network
IX,IX1064,16397.00,INR,2026-11-04,playwright_network
AI,AI2643,16449.00,INR,2026-11-04,playwright_network
AI,AI2532,16449.00,INR,2026-11-04,playwright_network
IX,IX2237,16690.00,INR,2026-11-04,playwright_network
AI,AI2495,16733.00,INR,2026-11-04,playwright_network
IX,IX1525,17378.00,INR,2026-11-04,playwright_network
IX,IX1261,17378.00,INR,2026-11-04,playwright_network
AI,AI2581,17718.00,INR,2026-11-04,playwright_network
AI,AI817,18165.00,INR,2026-11-04,playwright_network
AI,AI2545,18685.00,INR,2026-11-04,playwright_network
IX,IX1046,20197.00,INR,2026-11-04,playwright_network
6E,6E2250,20055.00,INR,2026-11-04,playwright_network
IX,IX2764,21519.00,INR,2026-11-04,playwright_network
AI,AI1737,23546.00,INR,2026-11-04,playwright_network
AI,AI2495,24637.00,INR,2026-11-04,playwright_network
IX,IX1067,25903.00,INR,2026-11-04,playwright_network
IX,IX1274,27427.00,INR,2026-11-04,playwright_network
IX,IX1076,27427.00,INR,2026-11-04,playwright_network
AI,AI2857,7637.00,INR,2026-09-21,playwright_network
6E,6E5126,7584.00,INR,2026-09-21,playwright_network
6E,6E5337,7584.00,INR,2026-09-21,playwright_network
6E,6E5107,7584.00,INR,2026-09-21,playwright_network
6E,6E437,7584.00,INR,2026-09-21,playwright_network
6E,6E6349,7584.00,INR,2026-09-21,playwright_network
6E,6E2237,7584.00,INR,2026-09-21,playwright_network
6E,6E240,7584.00,INR,2026-09-21,playwright_network
6E,6E5313,7584.00,INR,2026-09-21,playwright_network
6E,6E5313,8126.00,INR,2026-09-21,playwright_network
6E,6E5204,8126.00,INR,2026-09-21,playwright_network
6E,6E5082,8377.00,INR,2026-09-21,playwright_network
6E,6E6701,8718.00,INR,2026-09-21,playwright_network
QP,QP1384,8825.00,INR,2026-09-21,playwright_network
6E,6E5388,9057.00,INR,2026-09-21,playwright_network
QP,QP1518,9196.00,INR,2026-09-21,playwright_network
6E,6E6599,9495.00,INR,2026-09-21,playwright_network
IX,IX1238,10329.00,INR,2026-09-21,playwright_network
IX,IX1237,10329.00,INR,2026-09-21,playwright_network
AI,AI598,10236.00,INR,2026-09-21,playwright_network
6E,6E673,10068.00,INR,2026-09-21,playwright_network
AI,AI2505,10489.00,INR,2026-09-21,playwright_network
AI,AI639,10667.00,INR,2026-09-21,playwright_network
AI,AI2401,10744.00,INR,2026-09-21,playwright_network
AI,AI2865,10744.00,INR,2026-09-21,playwright_network
AI,AI639,10868.00,INR,2026-09-21,playwright_network
6E,6E6188,10737.00,INR,2026-09-21,playwright_network
6E,6E5048,10838.00,INR,2026-09-21,playwright_network
AI,AI2641,11126.00,INR,2026-09-21,playwright_network
AI,AI2849,11126.00,INR,2026-09-21,playwright_network
AI,AI2853,11126.00,INR,2026-09-21,playwright_network
6E,6E261,11337.00,INR,2026-09-21,playwright_network
6E,6E5047,11367.00,INR,2026-09-21,playwright_network
6E,6E5184,11367.00,INR,2026-09-21,playwright_network
IX,IX1026,11799.00,INR,2026-09-21,playwright_network
IX,IX1801,12699.00,INR,2026-09-21,playwright_network
AI,AI2780,12006.00,INR,2026-09-21,playwright_network
6E,6E5382,12102.00,INR,2026-09-21,playwright_network
6E,6E5221,12102.00,INR,2026-09-21,playwright_network
QP,QP1382,12316.00,INR,2026-09-21,playwright_network
QP,QP1133,12316.00,INR,2026-09-21,playwright_network
AI,AI2855,13029.00,INR,2026-09-21,playwright_network
6E,6E5217,12837.00,INR,2026-09-21,playwright_network
AI,AI2855,13559.00,INR,2026-09-21,playwright_network
QP,QP1527,13403.00,INR,2026-09-21,playwright_network
6E,6E5188,13586.00,INR,2026-09-21,playwright_network
IX,IX1797,14657.00,INR,2026-09-21,playwright_network
AI,AI2491,13919.00,INR,2026-09-21,playwright_network
6E,6E136,13954.00,INR,2026-09-21,playwright_network
IX,IX1238,14352.00,INR,2026-09-21,playwright_network
6E,6E5294,14180.00,INR,2026-09-21,playwright_network
AI,AI2739,14670.00,INR,2026-09-21,playwright_network
6E,6E5092,14517.00,INR,2026-09-21,playwright_network
AI,AI2851,14791.00,INR,2026-09-21,playwright_network
AI,AI2619,14867.00,INR,2026-09-21,playwright_network
AI,AI2603,15057.00,INR,2026-09-21,playwright_network
IX,IX1242,15345.00,INR,2026-09-21,playwright_network
IX,IX1810,16343.00,INR,2026-09-21,playwright_network
IX,IX1797,16343.00,INR,2026-09-21,playwright_network
IX,IX1023,16164.00,INR,2026-09-21,playwright_network
6E,6E6361,15540.00,INR,2026-09-21,playwright_network
AI,AI435,15781.00,INR,2026-09-21,playwright_network
6E,6E5386,15671.00,INR,2026-09-21,playwright_network
6E,6E5228,15671.00,INR,2026-09-21,playwright_network
AI,AI2821,16007.00,INR,2026-09-21,playwright_network
6E,6E5241,15857.00,INR,2026-09-21,playwright_network
6E,6E5109,15881.00,INR,2026-09-21,playwright_network
6E,6E136,16420.00,INR,2026-09-21,playwright_network
AI,AI2812,16986.00,INR,2026-09-21,playwright_network
IX,IX1280,17245.00,INR,2026-09-21,playwright_network
AI,AI2787,17202.00,INR,2026-09-21,playwright_network
6E,6E230,17463.00,INR,2026-09-21,playwright_network
AI,AI2531,17674.00,INR,2026-09-21,playwright_network
6E,6E5386,17538.00,INR,2026-09-21,playwright_network
IX,IX1671,18353.00,INR,2026-09-21,playwright_network
6E,6E5193,18297.00,INR,2026-09-21,playwright_network
IX,IX1809,19243.00,INR,2026-09-21,playwright_network
AI,AI2442,18763.00,INR,2026-09-21,playwright_network
AI,AI2677,18777.00,INR,2026-09-21,playwright_network
AI,AI2855,19266.00,INR,2026-09-21,playwright_network
AI,AI2410,19386.00,INR,2026-09-21,playwright_network
6E,6E5386,19347.00,INR,2026-09-21,playwright_network
AI,AI2632,19751.00,INR,2026-09-21,playwright_network
AI,AI2863,20115.00,INR,2026-09-21,playwright_network
6E,6E5296,20016.00,INR,2026-09-21,playwright_network
AI,AI2745,22241.00,INR,2026-09-21,playwright_network
6E,6E6802,22500.00,INR,2026-09-21,playwright_network
6E,6E6057,23102.00,INR,2026-09-21,playwright_network
6E,6E5318,23487.00,INR,2026-09-21,playwright_network
AI,AI2420,24796.00,INR,2026-09-21,playwright_network
AI,AI2741,26226.00,INR,2026-09-21,playwright_network
6E,6E632,26543.00,INR,2026-09-21,playwright_network
AI,AI2432,27154.00,INR,2026-09-21,playwright_network
AI,AI2663,28264.00,INR,2026-09-21,playwright_network
AI,AI2928,28770.00,INR,2026-09-21,playwright_network
IX,IX1050,32142.00,INR,2026-09-21,playwright_network
IX,IX1050,33209.00,INR,2026-09-21,playwright_network
AI,AI2471,33463.00,INR,2026-09-21,playwright_network
AI,AI2410,5261.00,INR,2026-09-27,playwright_network
QP,QP1527,5249.00,INR,2026-09-27,playwright_network
6E,6E5323,5430.00,INR,2026-09-27,playwright_network
6E,6E5294,5430.00,INR,2026-09-27,playwright_network
AI,AI2812,5639.00,INR,2026-09-27,playwright_network
QP,QP1516,5899.00,INR,2026-09-27,playwright_network
QP,QP1518,6914.00,INR,2026-09-27,playwright_network
IX,IX5985,7357.00,INR,2026-09-27,playwright_network
6E,6E5193,7062.00,INR,2026-09-27,playwright_network
6E,6E5296,7062.00,INR,2026-09-27,playwright_network
6E,6E5388,7062.00,INR,2026-09-27,playwright_network
6E,6E5092,7062.00,INR,2026-09-27,playwright_network
AI,AI2603,7322.00,INR,2026-09-27,playwright_network
AI,AI2851,7322.00,INR,2026-09-27,playwright_network
6E,6E5241,7243.00,INR,2026-09-27,playwright_network
6E,6E6361,7243.00,INR,2026-09-27,playwright_network
6E,6E230,7243.00,INR,2026-09-27,playwright_network
6E,6E6057,7374.00,INR,2026-09-27,playwright_network
6E,6E5228,7374.00,INR,2026-09-27,playwright_network
6E,6E5386,7374.00,INR,2026-09-27,playwright_network
6E,6E6188,7377.00,INR,2026-09-27,playwright_network
6E,6E5382,7377.00,INR,2026-09-27,playwright_network
6E,6E5217,7377.00,INR,2026-09-27,playwright_network
6E,6E673,7584.00,INR,2026-09-27,playwright_network
6E,6E5126,7584.00,INR,2026-09-27,playwright_network
6E,6E6701,7584.00,INR,2026-09-27,playwright_network
6E,6E5048,7584.00,INR,2026-09-27,playwright_network
6E,6E437,7584.00,INR,2026-09-27,playwright_network
6E,6E6349,7584.00,INR,2026-09-27,playwright_network
6E,6E5188,7584.00,INR,2026-09-27,playwright_network
6E,6E5313,7584.00,INR,2026-09-27,playwright_network
6E,6E5109,7584.00,INR,2026-09-27,playwright_network
6E,6E2284,7584.00,INR,2026-09-27,playwright_network
6E,6E5337,7584.00,INR,2026-09-27,playwright_network
6E,6E240,7584.00,INR,2026-09-27,playwright_network
6E,6E5201,7584.00,INR,2026-09-27,playwright_network
6E,6E5184,7692.00,INR,2026-09-27,playwright_network
6E,6E5082,7785.00,INR,2026-09-27,playwright_network
AI,AI2863,8223.00,INR,2026-09-27,playwright_network
6E,6E5071,8112.00,INR,2026-09-27,playwright_network
6E,6E5196,8126.00,INR,2026-09-27,playwright_network
6E,6E632,8126.00,INR,2026-09-27,playwright_network
AI,AI2401,8372.00,INR,2026-09-27,playwright_network
AI,AI2865,8372.00,INR,2026-09-27,playwright_network
6E,6E5181,8257.00,INR,2026-09-27,playwright_network
6E,6E230,8377.00,INR,2026-09-27,playwright_network
6E,6E5178,8508.00,INR,2026-09-27,playwright_network
6E,6E5318,8508.00,INR,2026-09-27,playwright_network
6E,6E5221,8532.00,INR,2026-09-27,playwright_network
AI,AI3305,8792.00,INR,2026-09-27,playwright_network
6E,6E6802,8639.00,INR,2026-09-27,playwright_network
6E,6E2237,8718.00,INR,2026-09-27,playwright_network
AI,AI2857,8944.00,INR,2026-09-27,playwright_network
AI,AI2849,9096.00,INR,2026-09-27,playwright_network
6E,6E5032,9057.00,INR,2026-09-27,playwright_network
6E,6E5047,9057.00,INR,2026-09-27,playwright_network
QP,QP1382,9196.00,INR,2026-09-27,playwright_network
6E,6E5107,9364.00,INR,2026-09-27,playwright_network
IX,IX1797,9628.00,INR,2026-09-27,playwright_network
IX,IX1801,9628.00,INR,2026-09-27,playwright_network
AI,AI2869,9695.00,INR,2026-09-27,playwright_network
AI,AI2869,10144.00,INR,2026-09-27,playwright_network
QP,QP1133,9991.00,INR,2026-09-27,playwright_network
6E,6E6599,10200.00,INR,2026-09-27,playwright_network
AI,AI2821,10667.00,INR,2026-09-27,playwright_network
AI,AI639,10667.00,INR,2026-09-27,playwright_network
6E,6E5178,10628.00,INR,2026-09-27,playwright_network
6E,6E5318,10628.00,INR,2026-09-27,playwright_network
AI,AI2632,10935.00,INR,2026-09-27,playwright_network
IX,IX1810,11691.00,INR,2026-09-27,playwright_network
IX,IX1797,11691.00,INR,2026-09-27,playwright_network
AI,AI2827,11081.00,INR,2026-09-27,playwright_network
AI,AI2641,11126.00,INR,2026-09-27,playwright_network
AI,AI2853,11126.00,INR,2026-09-27,playwright_network
AI,AI681,11685.00,INR,2026-09-27,playwright_network
AI,AI2869,11697.00,INR,2026-09-27,playwright_network
AI,AI2739,11731.00,INR,2026-09-27,playwright_network
IX,IX1026,12429.00,INR,2026-09-27,playwright_network
AI,AI435,12362.00,INR,2026-09-27,playwright_network
IX,IX1237,12489.00,INR,2026-09-27,playwright_network
AI,AI2787,13029.00,INR,2026-09-27,playwright_network
IX,IX1050,14272.00,INR,2026-09-27,playwright_network
AI,AI2855,14263.00,INR,2026-09-27,playwright_network
IX,IX1280,14484.00,INR,2026-09-27,playwright_network
IX,IX1671,14752.00,INR,2026-09-27,playwright_network
IX,IX1026,14949.00,INR,2026-09-27,playwright_network
AI,AI2619,15278.00,INR,2026-09-27,playwright_network
6E,6E5386,15671.00,INR,2026-09-27,playwright_network
IX,IX1023,16748.00,INR,2026-09-27,playwright_network
IX,IX1809,16748.00,INR,2026-09-27,playwright_network
IX,IX1242,16589.00,INR,2026-09-27,playwright_network
AI,AI2625,16464.00,INR,2026-09-27,playwright_network
IX,IX1050,16658.00,INR,2026-09-27,playwright_network
IX,IX1238,16951.00,INR,2026-09-27,playwright_network
AI,AI2531,16723.00,INR,2026-09-27,playwright_network
6E,6E261,17414.00,INR,2026-09-27,playwright_network
IX,IX1176,17973.00,INR,2026-09-27,playwright_network
6E,6E261,18254.00,INR,2026-09-27,playwright_network
IX,IX1238,18945.00,INR,2026-09-27,playwright_network
AI,AI2745,18643.00,INR,2026-09-27,playwright_network
AI,AI2771,21337.00,INR,2026-09-27,playwright_network
AI,AI2420,24551.00,INR,2026-09-27,playwright_network
AI,AI2741,27791.00,INR,2026-09-27,playwright_network
AI,AI2663,38985.00,INR,2026-09-27,playwright_network
6E,6E5178,6500.00,INR,2026-10-05,playwright_network
6E,6E5228,6500.00,INR,2026-10-05,playwright_network
6E,6E5386,6500.00,INR,2026-10-05,playwright_network
6E,6E5179,6500.00,INR,2026-10-05,playwright_network
6E,6E136,6710.00,INR,2026-10-05,playwright_network
6E,6E5126,6710.00,INR,2026-10-05,playwright_network
6E,6E673,6710.00,INR,2026-10-05,playwright_network
6E,6E5196,6710.00,INR,2026-10-05,playwright_network
6E,6E5337,6710.00,INR,2026-10-05,playwright_network
6E,6E911,6710.00,INR,2026-10-05,playwright_network
6E,6E6701,6710.00,INR,2026-10-05,playwright_network
6E,6E5048,6710.00,INR,2026-10-05,playwright_network
6E,6E437,6710.00,INR,2026-10-05,playwright_network
6E,6E6349,6710.00,INR,2026-10-05,playwright_network
6E,6E5188,6710.00,INR,2026-10-05,playwright_network
6E,6E5313,6710.00,INR,2026-10-05,playwright_network
6E,6E2284,6710.00,INR,2026-10-05,playwright_network
6E,6E5109,6710.00,INR,2026-10-05,playwright_network
AI,AI2857,6934.00,INR,2026-10-05,playwright_network
6E,6E5273,6842.00,INR,2026-10-05,playwright_network
6E,6E6599,6842.00,INR,2026-10-05,playwright_network
6E,6E6361,6869.00,INR,2026-10-05,playwright_network
6E,6E5241,6869.00,INR,2026-10-05,playwright_network
6E,6E5178,7000.00,INR,2026-10-05,playwright_network
6E,6E6188,7062.00,INR,2026-10-05,playwright_network
6E,6E5032,7062.00,INR,2026-10-05,playwright_network
6E,6E5184,7062.00,INR,2026-10-05,playwright_network
6E,6E5388,7062.00,INR,2026-10-05,playwright_network
AI,AI2401,7322.00,INR,2026-10-05,playwright_network
AI,AI2865,7322.00,INR,2026-10-05,playwright_network
6E,6E5181,7341.00,INR,2026-10-05,playwright_network
6E,6E5323,7358.00,INR,2026-10-05,playwright_network
6E,6E5294,7358.00,INR,2026-10-05,playwright_network
AI,AI2641,7568.00,INR,2026-10-05,playwright_network
6E,6E5296,7377.00,INR,2026-10-05,playwright_network
6E,6E5221,7377.00,INR,2026-10-05,playwright_network
6E,6E5382,7377.00,INR,2026-10-05,playwright_network
6E,6E5047,7377.00,INR,2026-10-05,playwright_network
6E,6E5082,7420.00,INR,2026-10-05,playwright_network
AI,AI2812,7637.00,INR,2026-10-05,playwright_network
QP,QP1516,7495.00,INR,2026-10-05,playwright_network
AI,AI2845,7766.00,INR,2026-10-05,playwright_network
AI,AI2632,7766.00,INR,2026-10-05,playwright_network
6E,6E5217,7692.00,INR,2026-10-05,playwright_network
6E,6E5092,7692.00,INR,2026-10-05,playwright_network
AI,AI2603,7895.00,INR,2026-10-05,playwright_network
AI,AI2849,7895.00,INR,2026-10-05,playwright_network
AI,AI2853,7895.00,INR,2026-10-05,playwright_network
IX,IX1810,8050.00,INR,2026-10-05,playwright_network
IX,IX1797,8050.00,INR,2026-10-05,playwright_network
IX,IX1026,8050.00,INR,2026-10-05,playwright_network
IX,IX1801,8050.00,INR,2026-10-05,playwright_network
QP,QP1133,7807.00,INR,2026-10-05,playwright_network
QP,QP1153,7807.00,INR,2026-10-05,playwright_network
AI,AI2863,8223.00,INR,2026-10-05,playwright_network
6E,6E5193,8112.00,INR,2026-10-05,playwright_network
QP,QP1518,8130.00,INR,2026-10-05,playwright_network
6E,6E6674,8156.00,INR,2026-10-05,playwright_network
AI,AI2851,8516.00,INR,2026-10-05,playwright_network
6E,6E5107,8366.00,INR,2026-10-05,playwright_network
IX,IX1237,8998.00,INR,2026-10-05,playwright_network
6E,6E2237,9031.00,INR,2026-10-05,playwright_network
AI,AI2869,10005.00,INR,2026-10-05,playwright_network
AI,AI2875,10005.00,INR,2026-10-05,playwright_network
AI,AI2625,10005.00,INR,2026-10-05,playwright_network
AI,AI2619,10111.00,INR,2026-10-05,playwright_network
IX,IX1280,10329.00,INR,2026-10-05,playwright_network
AI,AI2625,10479.00,INR,2026-10-05,playwright_network
6E,6E6057,10356.00,INR,2026-10-05,playwright_network
AI,AI435,10667.00,INR,2026-10-05,playwright_network
AI,AI2780,10667.00,INR,2026-10-05,playwright_network
AI,AI639,10667.00,INR,2026-10-05,playwright_network
AI,AI2827,10667.00,INR,2026-10-05,playwright_network
IX,IX1242,10832.00,INR,2026-10-05,playwright_network
6E,6E136,10566.00,INR,2026-10-05,playwright_network
AI,AI2531,10897.00,INR,2026-10-05,playwright_network
IX,IX1238,11431.00,INR,2026-10-05,playwright_network
AI,AI2821,11329.00,INR,2026-10-05,playwright_network
AI,AI2531,11372.00,INR,2026-10-05,playwright_network
6E,6E261,12080.00,INR,2026-10-05,playwright_network
6E,6E5318,12986.00,INR,2026-10-05,playwright_network
IX,IX1176,13644.00,INR,2026-10-05,playwright_network
IX,IX1050,13874.00,INR,2026-10-05,playwright_network
IX,IX1671,14072.00,INR,2026-10-05,playwright_network
IX,IX1050,14074.00,INR,2026-10-05,playwright_network
IX,IX1671,14272.00,INR,2026-10-05,playwright_network
AI,AI2787,14943.00,INR,2026-10-05,playwright_network
AI,AI2855,15049.00,INR,2026-10-05,playwright_network
IX,IX1238,15317.00,INR,2026-10-05,playwright_network
AI,AI2745,17493.00,INR,2026-10-05,playwright_network
AI,AI2471,18080.00,INR,2026-10-05,playwright_network
IX,IX1023,19381.00,INR,2026-10-05,playwright_network
6E,6E230,21478.00,INR,2026-10-05,playwright_network
AI,AI2663,22962.00,INR,2026-10-05,playwright_network
IX,IX1809,23540.00,INR,2026-10-05,playwright_network
AI,AI2741,23558.00,INR,2026-10-05,playwright_network
AI,AI2841,25207.00,INR,2026-10-05,playwright_network
SG,SG555,6096.00,INR,2026-11-04,playwright_network
SG,SG669,6096.00,INR,2026-11-04,playwright_network
SG,SG642,6096.00,INR,2026-11-04,playwright_network
QP,QP1336,7199.00,INR,2026-11-04,playwright_network
6E,6E261,7243.00,INR,2026-11-04,playwright_network
6E,6E6064,7243.00,INR,2026-11-04,playwright_network
6E,6E6361,7243.00,INR,2026-11-04,playwright_network
6E,6E5011,7243.00,INR,2026-11-04,playwright_network
6E,6E6674,7374.00,INR,2026-11-04,playwright_network
6E,6E6549,7374.00,INR,2026-11-04,playwright_network
6E,6E841,7374.00,INR,2026-11-04,playwright_network
6E,6E6362,7374.00,INR,2026-11-04,playwright_network
6E,6E5228,7374.00,INR,2026-11-04,playwright_network
6E,6E5386,7374.00,INR,2026-11-04,playwright_network
6E,6E5179,7374.00,INR,2026-11-04,playwright_network
IX,IX2201,7736.00,INR,2026-11-04,playwright_network
6E,6E5158,7505.00,INR,2026-11-04,playwright_network
6E,6E5147,7505.00,INR,2026-11-04,playwright_network
6E,6E5188,7584.00,INR,2026-11-04,playwright_network
6E,6E5085,7584.00,INR,2026-11-04,playwright_network
6E,6E6280,7584.00,INR,2026-11-04,playwright_network
6E,6E136,7584.00,INR,2026-11-04,playwright_network
6E,6E5313,7584.00,INR,2026-11-04,playwright_network
6E,6E5337,7584.00,INR,2026-11-04,playwright_network
6E,6E5196,7584.00,INR,2026-11-04,playwright_network
IX,IX1549,7963.00,INR,2026-11-04,playwright_network
IX,IX1051,8281.00,INR,2026-11-04,playwright_network
6E,6E5183,8126.00,INR,2026-11-04,playwright_network
QP,QP1133,8130.00,INR,2026-11-04,playwright_network
6E,6E294,8257.00,INR,2026-11-04,playwright_network
IX,IX1361,8590.00,INR,2026-11-04,playwright_network
QP,QP1129,8469.00,INR,2026-11-04,playwright_network
QP,QP1985,8469.00,INR,2026-11-04,playwright_network
6E,6E6365,8508.00,INR,2026-11-04,playwright_network
6E,6E5386,8508.00,INR,2026-11-04,playwright_network
6E,6E5318,8508.00,INR,2026-11-04,playwright_network
6E,6E5246,8508.00,INR,2026-11-04,playwright_network
6E,6E5323,8532.00,INR,2026-11-04,playwright_network
6E,6E5388,8532.00,INR,2026-11-04,playwright_network
6E,6E5083,8532.00,INR,2026-11-04,playwright_network
6E,6E5032,8532.00,INR,2026-11-04,playwright_network
6E,6E5221,8532.00,INR,2026-11-04,playwright_network
6E,6E5382,8532.00,INR,2026-11-04,playwright_network
6E,6E5217,8532.00,INR,2026-11-04,playwright_network
6E,6E5092,8532.00,INR,2026-11-04,playwright_network
6E,6E5193,8532.00,INR,2026-11-04,playwright_network
6E,6E6335,8532.00,INR,2026-11-04,playwright_network
6E,6E6284,8532.00,INR,2026-11-04,playwright_network
IX,IX1361,8882.00,INR,2026-11-04,playwright_network
6E,6E6352,8718.00,INR,2026-11-04,playwright_network
6E,6E6701,8718.00,INR,2026-11-04,playwright_network
QP,QP1332,8825.00,INR,2026-11-04,playwright_network
AI,AI2812,9188.00,INR,2026-11-04,playwright_network
AI,AI2851,9188.00,INR,2026-11-04,playwright_network
AI,AI2632,9188.00,INR,2026-11-04,playwright_network
AI,AI2853,9188.00,INR,2026-11-04,playwright_network
6E,6E5257,9057.00,INR,2026-11-04,playwright_network
IX,IX1519,9421.00,INR,2026-11-04,playwright_network
AI,AI2623,9379.00,INR,2026-11-04,playwright_network
AI,AI2621,9379.00,INR,2026-11-04,playwright_network
AI,AI2484,9379.00,INR,2026-11-04,playwright_network
AI,AI2603,9508.00,INR,2026-11-04,playwright_network
AI,AI2863,9508.00,INR,2026-11-04,playwright_network
AI,AI2849,9508.00,INR,2026-11-04,playwright_network
6E,6E5196,9364.00,INR,2026-11-04,playwright_network
6E,6E5059,9364.00,INR,2026-11-04,playwright_network
IX,IX1519,9713.00,INR,2026-11-04,playwright_network
AI,AI2401,9588.00,INR,2026-11-04,playwright_network
AI,AI2641,9669.00,INR,2026-11-04,playwright_network
6E,6E5047,9582.00,INR,2026-11-04,playwright_network
6E,6E5296,9582.00,INR,2026-11-04,playwright_network
IX,IX2211,10325.00,INR,2026-11-04,playwright_network
6E,6E795,10068.00,INR,2026-11-04,playwright_network
6E,6E5204,10068.00,INR,2026-11-04,playwright_network
6E,6E2049,10068.00,INR,2026-11-04,playwright_network
AI,AI2869,10431.00,INR,2026-11-04,playwright_network
IX,IX1050,10626.00,INR,2026-11-04,playwright_network
AI,AI2869,10605.00,INR,2026-11-04,playwright_network
AI,AI2739,11003.00,INR,2026-11-04,playwright_network
IX,IX2201,11934.00,INR,2026-11-04,playwright_network
AI,AI2875,11271.00,INR,2026-11-04,playwright_network
AI,AI2617,11271.00,INR,2026-11-04,playwright_network
AI,AI603,11566.00,INR,2026-11-04,playwright_network
IX,IX2213,11734.00,INR,2026-11-04,playwright_network
AI,AI2617,11746.00,INR,2026-11-04,playwright_network
IX,IX1213,11876.00,INR,2026-11-04,playwright_network
AI,AI435,11893.00,INR,2026-11-04,playwright_network
AI,AI2531,12412.00,INR,2026-11-04,playwright_network
AI,AI2505,12642.00,INR,2026-11-04,playwright_network
AI,AI2780,13238.00,INR,2026-11-04,playwright_network
AI,AI2745,13587.00,INR,2026-11-04,playwright_network
IX,IX2205,13992.00,INR,2026-11-04,playwright_network
IX,IX1671,14012.00,INR,2026-11-04,playwright_network
AI,AI2821,14144.00,INR,2026-11-04,playwright_network
AI,AI2841,14603.00,INR,2026-11-04,playwright_network
AI,AI2679,15096.00,INR,2026-11-04,playwright_network
AI,AI2749,15405.00,INR,2026-11-04,playwright_network
AI,AI2605,15760.00,INR,2026-11-04,playwright_network
6E,6E5071,16827.00,INR,2026-11-04,playwright_network
AI,AI493,17396.00,INR,2026-11-04,playwright_network
IX,IX1050,18224.00,INR,2026-11-04,playwright_network
IX,IX1219,18925.00,INR,2026-11-04,playwright_network
IX,IX2209,18742.00,INR,2026-11-04,playwright_network
IX,IX1026,19171.00,INR,2026-11-04,playwright_network
IX,IX1671,19835.00,INR,2026-11-04,playwright_network
IX,IX1357,20447.00,INR,2026-11-04,playwright_network
AI,AI2787,20274.00,INR,2026-11-04,playwright_network
AI,AI2659,20570.00,INR,2026-11-04,playwright_network
IX,IX1176,22385.00,INR,2026-11-04,playwright_network
AI,AI2741,22183.00,INR,2026-11-04,playwright_network
IX,IX1176,23225.00,INR,2026-11-04,playwright_network
AI,AI2639,23352.00,INR,2026-11-04,playwright_network
AI,AI2527,23591.00,INR,2026-11-04,playwright_network
AI,AI2789,26023.00,INR,2026-11-04,playwright_network
IX,IX1237,29488.00,INR,2026-11-04,playwright_network
IX,IX1237,30626.00,INR,2026-11-04,playwright_network
IX,IX1617,8977.00,INR,2026-09-21,playwright_network
IX,IX1392,8977.00,INR,2026-09-21,playwright_network
QP,QP1812,8829.00,INR,2026-09-21,playwright_network
QP,QP1350,8829.00,INR,2026-09-21,playwright_network
6E,6E871,8829.00,INR,2026-09-21,playwright_network
IX,IX1054,9245.00,INR,2026-09-21,playwright_network
IX,IX1617,9245.00,INR,2026-09-21,playwright_network
IX,IX1165,9483.00,INR,2026-09-21,playwright_network
6E,6E846,9286.00,INR,2026-09-21,playwright_network
QP,QP1308,9328.00,INR,2026-09-21,playwright_network
6E,6E2151,9383.00,INR,2026-09-21,playwright_network
IX,IX1070,9936.00,INR,2026-09-21,playwright_network
QP,QP1824,9680.00,INR,2026-09-21,playwright_network
AI,AI2412,10084.00,INR,2026-09-21,playwright_network
6E,6E6217,9946.00,INR,2026-09-21,playwright_network
6E,6E6212,9946.00,INR,2026-09-21,playwright_network
6E,6E6282,9946.00,INR,2026-09-21,playwright_network
6E,6E884,9946.00,INR,2026-09-21,playwright_network
6E,6E5073,10077.00,INR,2026-09-21,playwright_network
6E,6E6179,10077.00,INR,2026-09-21,playwright_network
6E,6E734,10077.00,INR,2026-09-21,playwright_network
6E,6E931,10077.00,INR,2026-09-21,playwright_network
6E,6E6673,10077.00,INR,2026-09-21,playwright_network
6E,6E2557,10077.00,INR,2026-09-21,playwright_network
6E,6E2618,10077.00,INR,2026-09-21,playwright_network
AI,AI1710,10294.00,INR,2026-09-21,playwright_network
AI,AI2569,10294.00,INR,2026-09-21,playwright_network
6E,6E6632,10156.00,INR,2026-09-21,playwright_network
6E,6E6115,10156.00,INR,2026-09-21,playwright_network
6E,6E5038,10156.00,INR,2026-09-21,playwright_network
6E,6E6476,10156.00,INR,2026-09-21,playwright_network
IX,IX1046,10597.00,INR,2026-09-21,playwright_network
6E,6E6497,10287.00,INR,2026-09-21,playwright_network
AI,AI2569,10504.00,INR,2026-09-21,playwright_network
6E,6E5001,10314.00,INR,2026-09-21,playwright_network
6E,6E513,10497.00,INR,2026-09-21,playwright_network
AI,AI2499,10725.00,INR,2026-09-21,playwright_network
AI,AI2973,10817.00,INR,2026-09-21,playwright_network
AI,AI1730,10817.00,INR,2026-09-21,playwright_network
AI,AI2499,10935.00,INR,2026-09-21,playwright_network
AI,AI2547,11026.00,INR,2026-09-21,playwright_network
IX,IX5975,11414.00,INR,2026-09-21,playwright_network
6E,6E5191,11271.00,INR,2026-09-21,playwright_network
6E,6E861,11414.00,INR,2026-09-21,playwright_network
6E,6E6515,11414.00,INR,2026-09-21,playwright_network
IX,IX1074,11827.00,INR,2026-09-21,playwright_network
IX,IX1617,12037.00,INR,2026-09-21,playwright_network
6E,6E5033,11775.00,INR,2026-09-21,playwright_network
6E,6E880,12030.00,INR,2026-09-21,playwright_network
AI,AI2817,12343.00,INR,2026-09-21,playwright_network
AI,AI2487,12343.00,INR,2026-09-21,playwright_network
AI,AI2819,12777.00,INR,2026-09-21,playwright_network
6E,6E811,12687.00,INR,2026-09-21,playwright_network
6E,6E950,12760.00,INR,2026-09-21,playwright_network
6E,6E6437,12765.00,INR,2026-09-21,playwright_network
QP,QP1822,13040.00,INR,2026-09-21,playwright_network
6E,6E828,13383.00,INR,2026-09-21,playwright_network
IX,IX1230,13717.00,INR,2026-09-21,playwright_network
IX,IX1617,13836.00,INR,2026-09-21,playwright_network
6E,6E2349,13580.00,INR,2026-09-21,playwright_network
AI,AI1702,13904.00,INR,2026-09-21,playwright_network
AI,AI2485,14148.00,INR,2026-09-21,playwright_network
AI,AI2417,14269.00,INR,2026-09-21,playwright_network
6E,6E176,14122.00,INR,2026-09-21,playwright_network
6E,6E850,14907.00,INR,2026-09-21,playwright_network
6E,6E329,14960.00,INR,2026-09-21,playwright_network
IX,IX1038,15203.00,INR,2026-09-21,playwright_network
AI,AI2483,15692.00,INR,2026-09-21,playwright_network
AI,AI2415,15803.00,INR,2026-09-21,playwright_network
6E,6E842,15742.00,INR,2026-09-21,playwright_network
IX,IX1815,16271.00,INR,2026-09-21,playwright_network
AI,AI2512,16224.00,INR,2026-09-21,playwright_network
6E,6E329,16640.00,INR,2026-09-21,playwright_network
6E,6E717,17259.00,INR,2026-09-21,playwright_network
AI,AI2879,17636.00,INR,2026-09-21,playwright_network
IX,IX1068,17889.00,INR,2026-09-21,playwright_network
6E,6E2314,17569.00,INR,2026-09-21,playwright_network
IX,IX1108,18625.00,INR,2026-09-21,playwright_network
AI,AI2809,18532.00,INR,2026-09-21,playwright_network
AI,AI427,18532.00,INR,2026-09-21,playwright_network
AI,AI2409,18699.00,INR,2026-09-21,playwright_network
6E,6E2277,18535.00,INR,2026-09-21,playwright_network
6E,6E873,18569.00,INR,2026-09-21,playwright_network
AI,AI2803,19034.00,INR,2026-09-21,playwright_network
AI,AI2465,19054.00,INR,2026-09-21,playwright_network
IX,IX1012,19385.00,INR,2026-09-21,playwright_network
IX,IX1812,19913.00,INR,2026-09-21,playwright_network
IX,IX1811,19913.00,INR,2026-09-21,playwright_network
IX,IX1980,20539.00,INR,2026-09-21,playwright_network
6E,6E704,20384.00,INR,2026-09-21,playwright_network
AI,AI437,20597.00,INR,2026-09-21,playwright_network
AI,AI2664,21108.00,INR,2026-09-21,playwright_network
6E,6E6293,21862.00,INR,2026-09-21,playwright_network
6E,6E6433,21960.00,INR,2026-09-21,playwright_network
6E,6E5119,22189.00,INR,2026-09-21,playwright_network
IX,IX1067,23548.00,INR,2026-09-21,playwright_network
IX,IX1001,23549.00,INR,2026-09-21,playwright_network
IX,IX1090,23790.00,INR,2026-09-21,playwright_network
AI,AI2458,23562.00,INR,2026-09-21,playwright_network
AI,AI2532,23690.00,INR,2026-09-21,playwright_network
IX,IX1783,24313.00,INR,2026-09-21,playwright_network
AI,AI2627,24172.00,INR,2026-09-21,playwright_network
AI,AI2815,24978.00,INR,2026-09-21,playwright_network
AI,AI2525,25353.00,INR,2026-09-21,playwright_network
AI,AI2705,25390.00,INR,2026-09-21,playwright_network
6E,6E2343,26436.00,INR,2026-09-21,playwright_network
IX,IX1461,27846.00,INR,2026-09-21,playwright_network
6E,6E6470,28566.00,INR,2026-09-21,playwright_network
6E,6E2364,31657.00,INR,2026-09-21,playwright_network
IX,IX1392,8977.00,INR,2026-09-27,playwright_network
IX,IX5975,9028.00,INR,2026-09-27,playwright_network
QP,QP1812,8829.00,INR,2026-09-27,playwright_network
6E,6E820,8829.00,INR,2026-09-27,playwright_network
6E,6E871,8829.00,INR,2026-09-27,playwright_network
6E,6E810,8829.00,INR,2026-09-27,playwright_network
6E,6E2314,8829.00,INR,2026-09-27,playwright_network
QP,QP1824,8829.00,INR,2026-09-27,playwright_network
AI,AI2757,9142.00,INR,2026-09-27,playwright_network
AI,AI2409,9142.00,INR,2026-09-27,playwright_network
AI,AI2803,9142.00,INR,2026-09-27,playwright_network
AI,AI2815,9142.00,INR,2026-09-27,playwright_network
QP,QP1350,8992.00,INR,2026-09-27,playwright_network
QP,QP1308,9158.00,INR,2026-09-27,playwright_network
6E,6E846,9286.00,INR,2026-09-27,playwright_network
AI,AI427,9762.00,INR,2026-09-27,playwright_network
6E,6E873,9771.00,INR,2026-09-27,playwright_network
6E,6E6515,9771.00,INR,2026-09-27,playwright_network
IX,IX1165,10113.00,INR,2026-09-27,playwright_network
6E,6E717,9946.00,INR,2026-09-27,playwright_network
6E,6E6282,9946.00,INR,2026-09-27,playwright_network
6E,6E6293,9946.00,INR,2026-09-27,playwright_network
6E,6E884,9946.00,INR,2026-09-27,playwright_network
6E,6E5073,10077.00,INR,2026-09-27,playwright_network
6E,6E6179,10077.00,INR,2026-09-27,playwright_network
6E,6E329,10077.00,INR,2026-09-27,playwright_network
6E,6E734,10077.00,INR,2026-09-27,playwright_network
6E,6E931,10077.00,INR,2026-09-27,playwright_network
6E,6E5119,10077.00,INR,2026-09-27,playwright_network
6E,6E2557,10077.00,INR,2026-09-27,playwright_network
6E,6E2343,10077.00,INR,2026-09-27,playwright_network
6E,6E2151,10156.00,INR,2026-09-27,playwright_network
6E,6E2037,10156.00,INR,2026-09-27,playwright_network
6E,6E2277,10156.00,INR,2026-09-27,playwright_network
6E,6E5038,10156.00,INR,2026-09-27,playwright_network
6E,6E5033,10156.00,INR,2026-09-27,playwright_network
6E,6E6476,10156.00,INR,2026-09-27,playwright_network
6E,6E826,10285.00,INR,2026-09-27,playwright_network
6E,6E6497,10287.00,INR,2026-09-27,playwright_network
AI,AI2653,10513.00,INR,2026-09-27,playwright_network
AI,AI2412,10513.00,INR,2026-09-27,playwright_network
6E,6E754,10314.00,INR,2026-09-27,playwright_network
AI,AI2499,10819.00,INR,2026-09-27,playwright_network
6E,6E6488,10851.00,INR,2026-09-27,playwright_network
6E,6E6091,10930.00,INR,2026-09-27,playwright_network
AI,AI1710,11134.00,INR,2026-09-27,playwright_network
IX,IX1070,11414.00,INR,2026-09-27,playwright_network
6E,6E5191,11271.00,INR,2026-09-27,playwright_network
AI,AI2609,11572.00,INR,2026-09-27,playwright_network
6E,6E861,11414.00,INR,2026-09-27,playwright_network
6E,6E842,11414.00,INR,2026-09-27,playwright_network
AI,AI2415,11628.00,INR,2026-09-27,playwright_network
AI,AI1710,11659.00,INR,2026-09-27,playwright_network
AI,AI2499,11659.00,INR,2026-09-27,playwright_network
IX,IX1035,11827.00,INR,2026-09-27,playwright_network
IX,IX1032,11827.00,INR,2026-09-27,playwright_network
6E,6E6217,11565.00,INR,2026-09-27,playwright_network
AI,AI2609,11852.00,INR,2026-09-27,playwright_network
6E,6E6459,11696.00,INR,2026-09-27,playwright_network
IX,IX1046,12037.00,INR,2026-09-27,playwright_network
IX,IX1617,12037.00,INR,2026-09-27,playwright_network
AI,AI2569,11974.00,INR,2026-09-27,playwright_network
AI,AI1717,11974.00,INR,2026-09-27,playwright_network
6E,6E2618,11985.00,INR,2026-09-27,playwright_network
6E,6E811,12030.00,INR,2026-09-27,playwright_network
6E,6E837,12030.00,INR,2026-09-27,playwright_network
6E,6E880,12030.00,INR,2026-09-27,playwright_network
QP,QP1822,12096.00,INR,2026-09-27,playwright_network
IX,IX1617,12633.00,INR,2026-09-27,playwright_network
IX,IX1165,12633.00,INR,2026-09-27,playwright_network
AI,AI2809,12668.00,INR,2026-09-27,playwright_network
IX,IX1617,12936.00,INR,2026-09-27,playwright_network
AI,AI2512,12885.00,INR,2026-09-27,playwright_network
6E,6E828,12687.00,INR,2026-09-27,playwright_network
6E,6E850,12687.00,INR,2026-09-27,playwright_network
AI,AI2469,13029.00,INR,2026-09-27,playwright_network
AI,AI2711,13029.00,INR,2026-09-27,playwright_network
IX,IX1056,13066.00,INR,2026-09-27,playwright_network
6E,6E6433,13035.00,INR,2026-09-27,playwright_network
AI,AI1797,13435.00,INR,2026-09-27,playwright_network
6E,6E176,13383.00,INR,2026-09-27,playwright_network
IX,IX1815,13772.00,INR,2026-09-27,playwright_network
6E,6E758,13499.00,INR,2026-09-27,playwright_network
6E,6E6673,13631.00,INR,2026-09-27,playwright_network
AI,AI1702,13904.00,INR,2026-09-27,playwright_network
AI,AI2485,14268.00,INR,2026-09-27,playwright_network
AI,AI2664,14268.00,INR,2026-09-27,playwright_network
AI,AI2487,14268.00,INR,2026-09-27,playwright_network
AI,AI2819,14512.00,INR,2026-09-27,playwright_network
IX,IX1230,14993.00,INR,2026-09-27,playwright_network
IX,IX1812,15263.00,INR,2026-09-27,playwright_network
6E,6E2349,15522.00,INR,2026-09-27,playwright_network
IX,IX1001,16327.00,INR,2026-09-27,playwright_network
AI,AI2973,16117.00,INR,2026-09-27,playwright_network
AI,AI2458,16123.00,INR,2026-09-27,playwright_network
AI,AI2417,16505.00,INR,2026-09-27,playwright_network
IX,IX1054,17590.00,INR,2026-09-27,playwright_network
6E,6E950,17337.00,INR,2026-09-27,playwright_network
AI,AI2879,17598.00,INR,2026-09-27,playwright_network
IX,IX1461,17947.00,INR,2026-09-27,playwright_network
IX,IX1001,17947.00,INR,2026-09-27,playwright_network
IX,IX1067,17954.00,INR,2026-09-27,playwright_network
AI,AI1749,17875.00,INR,2026-09-27,playwright_network
6E,6E6437,17715.00,INR,2026-09-27,playwright_network
IX,IX1032,18810.00,INR,2026-09-27,playwright_network
IX,IX1811,18871.00,INR,2026-09-27,playwright_network
6E,6E6212,18575.00,INR,2026-09-27,playwright_network
AI,AI2519,18814.00,INR,2026-09-27,playwright_network
IX,IX1035,19324.00,INR,2026-09-27,playwright_network
IX,IX1811,19348.00,INR,2026-09-27,playwright_network
AI,AI2817,19034.00,INR,2026-09-27,playwright_network
6E,6E358,19732.00,INR,2026-09-27,playwright_network
IX,IX1783,20536.00,INR,2026-09-27,playwright_network
AI,AI1793,20835.00,INR,2026-09-27,playwright_network
AI,AI2483,21022.00,INR,2026-09-27,playwright_network
AI,AI2705,21126.00,INR,2026-09-27,playwright_network
IX,IX1108,21519.00,INR,2026-09-27,playwright_network
IX,IX1068,23093.00,INR,2026-09-27,playwright_network
IX,IX1085,23934.00,INR,2026-09-27,playwright_network
IX,IX1069,23934.00,INR,2026-09-27,playwright_network
IX,IX1074,27846.00,INR,2026-09-27,playwright_network
IX,IX1038,28556.00,INR,2026-09-27,playwright_network
IX,IX1980,29417.00,INR,2026-09-27,playwright_network
IX,IX1012,29417.00,INR,2026-09-27,playwright_network
AI,AI2627,29774.00,INR,2026-09-27,playwright_network
6E,6E2364,32003.00,INR,2026-09-27,playwright_network
AI,AI1739,38347.00,INR,2026-09-27,playwright_network
IX,IX1067,8767.00,INR,2026-10-05,playwright_network
IX,IX1070,8828.00,INR,2026-10-05,playwright_network
IX,IX1038,8934.00,INR,2026-10-05,playwright_network
IX,IX1046,8977.00,INR,2026-10-05,playwright_network
IX,IX1090,8977.00,INR,2026-10-05,playwright_network
IX,IX1165,8977.00,INR,2026-10-05,playwright_network
IX,IX1054,8977.00,INR,2026-10-05,playwright_network
IX,IX1392,8977.00,INR,2026-10-05,playwright_network
IX,IX5978,9028.00,INR,2026-10-05,playwright_network
6E,6E6497,8701.00,INR,2026-10-05,playwright_network
6E,6E2769,8701.00,INR,2026-10-05,playwright_network
IX,IX1074,9035.00,INR,2026-10-05,playwright_network
6E,6E754,8727.00,INR,2026-10-05,playwright_network
IX,IX1346,9245.00,INR,2026-10-05,playwright_network
QP,QP1350,8829.00,INR,2026-10-05,playwright_network
6E,6E6515,8829.00,INR,2026-10-05,playwright_network
6E,6E871,8829.00,INR,2026-10-05,playwright_network
QP,QP1824,8829.00,INR,2026-10-05,playwright_network
QP,QP1812,8829.00,INR,2026-10-05,playwright_network
6E,6E513,8911.00,INR,2026-10-05,playwright_network
IX,IX1617,9245.00,INR,2026-10-05,playwright_network
6E,6E5073,9161.00,INR,2026-10-05,playwright_network
6E,6E6179,9161.00,INR,2026-10-05,playwright_network
6E,6E329,9161.00,INR,2026-10-05,playwright_network
6E,6E734,9161.00,INR,2026-10-05,playwright_network
6E,6E6673,9161.00,INR,2026-10-05,playwright_network
6E,6E990,9161.00,INR,2026-10-05,playwright_network
6E,6E6569,9161.00,INR,2026-10-05,playwright_network
6E,6E2618,9161.00,INR,2026-10-05,playwright_network
6E,6E2150,9239.00,INR,2026-10-05,playwright_network
6E,6E846,9286.00,INR,2026-10-05,playwright_network
6E,6E880,9286.00,INR,2026-10-05,playwright_network
6E,6E828,9286.00,INR,2026-10-05,playwright_network
6E,6E176,9286.00,INR,2026-10-05,playwright_network
QP,QP1574,9328.00,INR,2026-10-05,playwright_network
AI,AI2813,9599.00,INR,2026-10-05,playwright_network
AI,AI2487,9599.00,INR,2026-10-05,playwright_network
AI,AI2412,9599.00,INR,2026-10-05,playwright_network
QP,QP1822,9501.00,INR,2026-10-05,playwright_network
AI,AI2809,9762.00,INR,2026-10-05,playwright_network
6E,6E717,9767.00,INR,2026-10-05,playwright_network
6E,6E6212,9767.00,INR,2026-10-05,playwright_network
6E,6E704,9767.00,INR,2026-10-05,playwright_network
6E,6E6282,9767.00,INR,2026-10-05,playwright_network
6E,6E811,9771.00,INR,2026-10-05,playwright_network
6E,6E861,9771.00,INR,2026-10-05,playwright_network
6E,6E850,9771.00,INR,2026-10-05,playwright_network
AI,AI2512,10004.00,INR,2026-10-05,playwright_network
AI,AI2817,10084.00,INR,2026-10-05,playwright_network
AI,AI2664,10084.00,INR,2026-10-05,playwright_network
6E,6E5119,9898.00,INR,2026-10-05,playwright_network
6E,6E931,9898.00,INR,2026-10-05,playwright_network
6E,6E2557,9898.00,INR,2026-10-05,playwright_network
6E,6E6459,9898.00,INR,2026-10-05,playwright_network
6E,6E6829,9898.00,INR,2026-10-05,playwright_network
6E,6E950,9977.00,INR,2026-10-05,playwright_network
6E,6E6091,9977.00,INR,2026-10-05,playwright_network
6E,6E6632,9977.00,INR,2026-10-05,playwright_network
6E,6E933,9977.00,INR,2026-10-05,playwright_network
6E,6E357,9977.00,INR,2026-10-05,playwright_network
6E,6E2277,9977.00,INR,2026-10-05,playwright_network
6E,6E6115,9977.00,INR,2026-10-05,playwright_network
6E,6E5038,9977.00,INR,2026-10-05,playwright_network
AI,AI2569,10189.00,INR,2026-10-05,playwright_network
AI,AI1710,10189.00,INR,2026-10-05,playwright_network
IX,IX2749,10349.00,INR,2026-10-05,playwright_network
AI,AI2485,10427.00,INR,2026-10-05,playwright_network
6E,6E873,10285.00,INR,2026-10-05,playwright_network
6E,6E842,10285.00,INR,2026-10-05,playwright_network
6E,6E826,10285.00,INR,2026-10-05,playwright_network
AI,AI1717,10620.00,INR,2026-10-05,playwright_network
IX,IX1235,10959.00,INR,2026-10-05,playwright_network
6E,6E6217,10576.00,INR,2026-10-05,playwright_network
6E,6E758,10576.00,INR,2026-10-05,playwright_network
6E,6E884,10576.00,INR,2026-10-05,playwright_network
AI,AI427,10780.00,INR,2026-10-05,playwright_network
AI,AI2415,10780.00,INR,2026-10-05,playwright_network
IX,IX1035,11107.00,INR,2026-10-05,playwright_network
IX,IX1032,11107.00,INR,2026-10-05,playwright_network
6E,6E5033,10786.00,INR,2026-10-05,playwright_network
6E,6E837,10832.00,INR,2026-10-05,playwright_network
6E,6E810,10832.00,INR,2026-10-05,playwright_network
6E,6E2314,10832.00,INR,2026-10-05,playwright_network
AI,AI2803,11053.00,INR,2026-10-05,playwright_network
6E,6E5191,11127.00,INR,2026-10-05,playwright_network
AI,AI2409,11434.00,INR,2026-10-05,playwright_network
AI,AI2499,11607.00,INR,2026-10-05,playwright_network
6E,6E6054,11414.00,INR,2026-10-05,playwright_network
6E,6E820,11414.00,INR,2026-10-05,playwright_network
IX,IX1035,11827.00,INR,2026-10-05,playwright_network
IX,IX1032,11827.00,INR,2026-10-05,playwright_network
IX,IX1461,11827.00,INR,2026-10-05,playwright_network
IX,IX1230,12037.00,INR,2026-10-05,playwright_network
AI,AI2815,11932.00,INR,2026-10-05,playwright_network
AI,AI2819,12137.00,INR,2026-10-05,playwright_network
AI,AI465,12237.00,INR,2026-10-05,playwright_network
AI,AI2532,12665.00,INR,2026-10-05,playwright_network
AI,AI1743,12665.00,INR,2026-10-05,playwright_network
AI,AI2653,12885.00,INR,2026-10-05,playwright_network
6E,6E2349,12740.00,INR,2026-10-05,playwright_network
IX,IX1273,13626.00,INR,2026-10-05,playwright_network
IX,IX1980,13626.00,INR,2026-10-05,playwright_network
IX,IX1012,13626.00,INR,2026-10-05,playwright_network
AI,AI1730,13596.00,INR,2026-10-05,playwright_network
AI,AI2879,13653.00,INR,2026-10-05,playwright_network
AI,AI2973,13774.00,INR,2026-10-05,playwright_network
AI,AI2483,14198.00,INR,2026-10-05,playwright_network
AI,AI2417,14269.00,INR,2026-10-05,playwright_network
AI,AI1702,14465.00,INR,2026-10-05,playwright_network
AI,AI1780,14549.00,INR,2026-10-05,playwright_network
AI,AI2519,14662.00,INR,2026-10-05,playwright_network
AI,AI2899,14662.00,INR,2026-10-05,playwright_network
6E,6E6293,14780.00,INR,2026-10-05,playwright_network
6E,6E6488,15174.00,INR,2026-10-05,playwright_network
IX,IX1068,15789.00,INR,2026-10-05,playwright_network
IX,IX1076,16114.00,INR,2026-10-05,playwright_network
IX,IX1811,17527.00,INR,2026-10-05,playwright_network
AI,AI2469,15921.00,INR,2026-10-05,playwright_network
AI,AI2469,16000.00,INR,2026-10-05,playwright_network
IX,IX1812,16370.00,INR,2026-10-05,playwright_network
AI,AI2577,16438.00,INR,2026-10-05,playwright_network
AI,AI437,17375.00,INR,2026-10-05,playwright_network
IX,IX1108,17782.00,INR,2026-10-05,playwright_network
AI,AI2705,18255.00,INR,2026-10-05,playwright_network
AI,AI2525,18764.00,INR,2026-10-05,playwright_network
IX,IX1085,19374.00,INR,2026-10-05,playwright_network
IX,IX1069,19572.00,INR,2026-10-05,playwright_network
IX,IX1076,21130.00,INR,2026-10-05,playwright_network
IX,IX1783,24325.00,INR,2026-10-05,playwright_network
IX,IX1057,24745.00,INR,2026-10-05,playwright_network
AI,AI2627,26856.00,INR,2026-10-05,playwright_network
IX,IX1165,9245.00,INR,2026-10-20,playwright_network
IX,IX1057,9245.00,INR,2026-10-20,playwright_network
IX,IX1346,9245.00,INR,2026-10-20,playwright_network
IX,IX1230,9245.00,INR,2026-10-20,playwright_network
IX,IX1074,9396.00,INR,2026-10-20,playwright_network
SG,SG142,9786.00,INR,2026-10-20,playwright_network
QP,QP1824,9680.00,INR,2026-10-20,playwright_network
QP,QP1350,9859.00,INR,2026-10-20,playwright_network
QP,QP1822,9859.00,INR,2026-10-20,playwright_network
QP,QP1812,9859.00,INR,2026-10-20,playwright_network
6E,6E6433,9867.00,INR,2026-10-20,playwright_network
6E,6E811,9936.00,INR,2026-10-20,playwright_network
6E,6E873,9936.00,INR,2026-10-20,playwright_network
6E,6E6054,9936.00,INR,2026-10-20,playwright_network
6E,6E846,9936.00,INR,2026-10-20,playwright_network
6E,6E6515,9936.00,INR,2026-10-20,playwright_network
6E,6E837,9936.00,INR,2026-10-20,playwright_network
6E,6E880,9936.00,INR,2026-10-20,playwright_network
6E,6E828,9936.00,INR,2026-10-20,playwright_network
6E,6E871,9936.00,INR,2026-10-20,playwright_network
6E,6E842,9936.00,INR,2026-10-20,playwright_network
6E,6E826,9936.00,INR,2026-10-20,playwright_network
6E,6E810,9936.00,INR,2026-10-20,playwright_network
6E,6E2314,9936.00,INR,2026-10-20,playwright_network
6E,6E820,9936.00,INR,2026-10-20,playwright_network
6E,6E176,9936.00,INR,2026-10-20,playwright_network
6E,6E850,9936.00,INR,2026-10-20,playwright_network
6E,6E6212,9946.00,INR,2026-10-20,playwright_network
6E,6E704,9946.00,INR,2026-10-20,playwright_network
6E,6E6026,9946.00,INR,2026-10-20,playwright_network
6E,6E6282,9946.00,INR,2026-10-20,playwright_network
6E,6E6293,9946.00,INR,2026-10-20,playwright_network
6E,6E884,9946.00,INR,2026-10-20,playwright_network
AI,AI2499,10189.00,INR,2026-10-20,playwright_network
IX,IX2749,10349.00,INR,2026-10-20,playwright_network
IX,IX1070,10349.00,INR,2026-10-20,playwright_network
SG,SG646,10309.00,INR,2026-10-20,playwright_network
AI,AI2653,10256.00,INR,2026-10-20,playwright_network
AI,AI427,10256.00,INR,2026-10-20,playwright_network
AI,AI2809,10256.00,INR,2026-10-20,playwright_network
AI,AI2757,10256.00,INR,2026-10-20,playwright_network
AI,AI2409,10256.00,INR,2026-10-20,playwright_network
AI,AI2803,10256.00,INR,2026-10-20,playwright_network
AI,AI2815,10256.00,INR,2026-10-20,playwright_network
AI,AI2664,10256.00,INR,2026-10-20,playwright_network
AI,AI2813,10256.00,INR,2026-10-20,playwright_network
AI,AI2487,10256.00,INR,2026-10-20,playwright_network
AI,AI2412,10256.00,INR,2026-10-20,playwright_network
6E,6E6179,10077.00,INR,2026-10-20,playwright_network
6E,6E329,10077.00,INR,2026-10-20,playwright_network
6E,6E5119,10077.00,INR,2026-10-20,playwright_network
6E,6E6569,10077.00,INR,2026-10-20,playwright_network
6E,6E990,10077.00,INR,2026-10-20,playwright_network
6E,6E6459,10077.00,INR,2026-10-20,playwright_network
6E,6E6829,10077.00,INR,2026-10-20,playwright_network
6E,6E950,10156.00,INR,2026-10-20,playwright_network
6E,6E6091,10156.00,INR,2026-10-20,playwright_network
6E,6E2147,10156.00,INR,2026-10-20,playwright_network
6E,6E933,10156.00,INR,2026-10-20,playwright_network
6E,6E2150,10156.00,INR,2026-10-20,playwright_network
6E,6E2277,10156.00,INR,2026-10-20,playwright_network
6E,6E6115,10156.00,INR,2026-10-20,playwright_network
AI,AI2415,10432.00,INR,2026-10-20,playwright_network
IX,IX1024,10587.00,INR,2026-10-20,playwright_network
6E,6E861,10349.00,INR,2026-10-20,playwright_network
AI,AI2817,10662.00,INR,2026-10-20,playwright_network
AI,AI2485,10662.00,INR,2026-10-20,playwright_network
AI,AI2512,10662.00,INR,2026-10-20,playwright_network
AI,AI2819,10845.00,INR,2026-10-20,playwright_network
6E,6E758,10720.00,INR,2026-10-20,playwright_network
IX,IX1056,11127.00,INR,2026-10-20,playwright_network
6E,6E6488,10851.00,INR,2026-10-20,playwright_network
6E,6E734,10851.00,INR,2026-10-20,playwright_network
6E,6E2557,10851.00,INR,2026-10-20,playwright_network
SG,SG162,11216.00,INR,2026-10-20,playwright_network
IX,IX1783,11317.00,INR,2026-10-20,playwright_network
6E,6E6497,11061.00,INR,2026-10-20,playwright_network
6E,6E2769,11061.00,INR,2026-10-20,playwright_network
IX,IX1235,11399.00,INR,2026-10-20,playwright_network
IX,IX1257,11419.00,INR,2026-10-20,playwright_network
SG,SG802,11527.00,INR,2026-10-20,playwright_network
SG,SG162,11527.00,INR,2026-10-20,playwright_network
SG,SG802,11902.00,INR,2026-10-20,playwright_network
SG,SG162,11902.00,INR,2026-10-20,playwright_network
6E,6E2618,11653.00,INR,2026-10-20,playwright_network
IX,IX1617,12037.00,INR,2026-10-20,playwright_network
AI,AI2609,12423.00,INR,2026-10-20,playwright_network
AI,AI1735,12642.00,INR,2026-10-20,playwright_network
IX,IX1811,12936.00,INR,2026-10-20,playwright_network
6E,6E5073,12620.00,INR,2026-10-20,playwright_network
6E,6E6632,12699.00,INR,2026-10-20,playwright_network
AI,AI2417,12951.00,INR,2026-10-20,playwright_network
AI,AI2547,12989.00,INR,2026-10-20,playwright_network
AI,AI1730,13226.00,INR,2026-10-20,playwright_network
6E,6E513,13040.00,INR,2026-10-20,playwright_network
AI,AI1797,13271.00,INR,2026-10-20,playwright_network
AI,AI2469,13271.00,INR,2026-10-20,playwright_network
AI,AI2711,13271.00,INR,2026-10-20,playwright_network
6E,6E717,13499.00,INR,2026-10-20,playwright_network
6E,6E6217,13499.00,INR,2026-10-20,playwright_network
AI,AI2973,13855.00,INR,2026-10-20,playwright_network
6E,6E5033,13709.00,INR,2026-10-20,playwright_network
AI,AI2525,14018.00,INR,2026-10-20,playwright_network
AI,AI537,14018.00,INR,2026-10-20,playwright_network
AI,AI2833,14018.00,INR,2026-10-20,playwright_network
6E,6E754,13867.00,INR,2026-10-20,playwright_network
6E,6E6673,13979.00,INR,2026-10-20,playwright_network
AI,AI1735,14270.00,INR,2026-10-20,playwright_network
AI,AI437,14418.00,INR,2026-10-20,playwright_network
AI,AI1702,14465.00,INR,2026-10-20,playwright_network
AI,AI465,14515.00,INR,2026-10-20,playwright_network
IX,IX1461,14977.00,INR,2026-10-20,playwright_network
AI,AI2532,14782.00,INR,2026-10-20,playwright_network
AI,AI1743,14782.00,INR,2026-10-20,playwright_network
IX,IX1090,15205.00,INR,2026-10-20,playwright_network
6E,6E5191,15154.00,INR,2026-10-20,playwright_network
IX,IX1046,16210.00,INR,2026-10-20,playwright_network
6E,6E5038,15299.00,INR,2026-10-20,playwright_network
AI,AI1780,15681.00,INR,2026-10-20,playwright_network
IX,IX1046,16812.00,INR,2026-10-20,playwright_network
AI,AI1749,16327.00,INR,2026-10-20,playwright_network
AI,AI2899,16438.00,INR,2026-10-20,playwright_network
AI,AI1742,16564.00,INR,2026-10-20,playwright_network
SG,SG754,17753.00,INR,2026-10-20,playwright_network
AI,AI1706,18145.00,INR,2026-10-20,playwright_network
AI,AI2449,18145.00,INR,2026-10-20,playwright_network
IX,IX1068,19074.00,INR,2026-10-20,playwright_network
AI,AI2519,18879.00,INR,2026-10-20,playwright_network
IX,IX1108,19359.00,INR,2026-10-20,playwright_network
IX,IX1012,19615.00,INR,2026-10-20,playwright_network
IX,IX1980,20149.00,INR,2026-10-20,playwright_network
IX,IX1054,20754.00,INR,2026-10-20,playwright_network
IX,IX1812,20918.00,INR,2026-10-20,playwright_network
AI,AI2879,21722.00,INR,2026-10-20,playwright_network
IX,IX1069,23342.00,INR,2026-10-20,playwright_network
IX,IX1041,23784.00,INR,2026-10-20,playwright_network
IX,IX1035,23784.00,INR,2026-10-20,playwright_network
IX,IX1085,24024.00,INR,2026-10-20,playwright_network
IX,IX1041,24834.00,INR,2026-10-20,playwright_network
IX,IX1035,24834.00,INR,2026-10-20,playwright_network
IX,IX1032,25674.00,INR,2026-10-20,playwright_network
IX,IX1032,26724.00,INR,2026-10-20,playwright_network
AI,AI2627,26505.00,INR,2026-10-20,playwright_network
IX,IX1811,28056.00,INR,2026-10-20,playwright_network
IX,IX1067,31158.00,INR,2026-10-20,playwright_network
AI,AI2513,34685.00,INR,2026-10-20,playwright_network
SG,SG723,9342.00,INR,2026-11-04,playwright_network
SG,SG142,9342.00,INR,2026-11-04,playwright_network
SG,SG614,9342.00,INR,2026-11-04,playwright_network
IX,IX1261,9936.00,INR,2026-11-04,playwright_network
IX,IX1525,9936.00,INR,2026-11-04,playwright_network
IX,IX1071,9936.00,INR,2026-11-04,playwright_network
QP,QP1824,9859.00,INR,2026-11-04,playwright_network
QP,QP1815,9859.00,INR,2026-11-04,playwright_network
QP,QP1812,9859.00,INR,2026-11-04,playwright_network
6E,6E2402,9867.00,INR,2026-11-04,playwright_network
6E,6E2177,9867.00,INR,2026-11-04,playwright_network
6E,6E820,9936.00,INR,2026-11-04,playwright_network
6E,6E846,9936.00,INR,2026-11-04,playwright_network
6E,6E2329,9936.00,INR,2026-11-04,playwright_network
6E,6E842,9936.00,INR,2026-11-04,playwright_network
6E,6E873,9936.00,INR,2026-11-04,playwright_network
6E,6E810,9936.00,INR,2026-11-04,playwright_network
6E,6E2314,9936.00,INR,2026-11-04,playwright_network
6E,6E176,9936.00,INR,2026-11-04,playwright_network
6E,6E6217,9946.00,INR,2026-11-04,playwright_network
6E,6E717,9946.00,INR,2026-11-04,playwright_network
6E,6E6293,9946.00,INR,2026-11-04,playwright_network
6E,6E2303,9946.00,INR,2026-11-04,playwright_network
6E,6E5058,9946.00,INR,2026-11-04,playwright_network
QP,QP1827,10042.00,INR,2026-11-04,playwright_network
QP,QP1302,10042.00,INR,2026-11-04,playwright_network
6E,6E637,10077.00,INR,2026-11-04,playwright_network
6E,6E2343,10077.00,INR,2026-11-04,playwright_network
6E,6E6488,10077.00,INR,2026-11-04,playwright_network
6E,6E6304,10156.00,INR,2026-11-04,playwright_network
6E,6E976,10156.00,INR,2026-11-04,playwright_network
6E,6E2411,10156.00,INR,2026-11-04,playwright_network
6E,6E2150,10156.00,INR,2026-11-04,playwright_network
6E,6E6131,10156.00,INR,2026-11-04,playwright_network
6E,6E2140,10156.00,INR,2026-11-04,playwright_network
6E,6E2277,10156.00,INR,2026-11-04,playwright_network
6E,6E434,10156.00,INR,2026-11-04,playwright_network
6E,6E6115,10156.00,INR,2026-11-04,playwright_network
6E,6E2336,10156.00,INR,2026-11-04,playwright_network
6E,6E769,10156.00,INR,2026-11-04,playwright_network
6E,6E6076,10156.00,INR,2026-11-04,playwright_network
6E,6E6091,10156.00,INR,2026-11-04,playwright_network
6E,6E2346,10156.00,INR,2026-11-04,playwright_network
AI,AI427,10406.00,INR,2026-11-04,playwright_network
AI,AI2757,10406.00,INR,2026-11-04,playwright_network
AI,AI2409,10406.00,INR,2026-11-04,playwright_network
AI,AI2803,10406.00,INR,2026-11-04,playwright_network
AI,AI2485,10406.00,INR,2026-11-04,playwright_network
AI,AI2513,10406.00,INR,2026-11-04,playwright_network
AI,AI2412,10406.00,INR,2026-11-04,playwright_network
AI,AI2515,10406.00,INR,2026-11-04,playwright_network
6E,6E2771,10287.00,INR,2026-11-04,playwright_network
6E,6E5373,10287.00,INR,2026-11-04,playwright_network
6E,6E6073,10287.00,INR,2026-11-04,playwright_network
6E,6E2296,10287.00,INR,2026-11-04,playwright_network
6E,6E2045,10314.00,INR,2026-11-04,playwright_network
6E,6E880,10349.00,INR,2026-11-04,playwright_network
6E,6E850,10349.00,INR,2026-11-04,playwright_network
AI,AI2819,10585.00,INR,2026-11-04,playwright_network
AI,AI2417,10585.00,INR,2026-11-04,playwright_network
IX,IX1196,10874.00,INR,2026-11-04,playwright_network
AI,AI2487,10819.00,INR,2026-11-04,playwright_network
6E,6E861,10826.00,INR,2026-11-04,playwright_network
6E,6E811,10826.00,INR,2026-11-04,playwright_network
6E,6E837,10826.00,INR,2026-11-04,playwright_network
AI,AI2809,11297.00,INR,2026-11-04,playwright_network
AI,AI2577,11407.00,INR,2026-11-04,playwright_network
6E,6E5162,11220.00,INR,2026-11-04,playwright_network
6E,6E871,11328.00,INR,2026-11-04,playwright_network
SG,SG612,11902.00,INR,2026-11-04,playwright_network
SG,SG475,11902.00,INR,2026-11-04,playwright_network
SG,SG510,11902.00,INR,2026-11-04,playwright_network
SG,SG603,11902.00,INR,2026-11-04,playwright_network
AI,AI2512,11799.00,INR,2026-11-04,playwright_network
AI,AI2545,11932.00,INR,2026-11-04,playwright_network
AI,AI2577,11932.00,INR,2026-11-04,playwright_network
IX,IX1385,12173.00,INR,2026-11-04,playwright_network
IX,IX1392,12173.00,INR,2026-11-04,playwright_network
6E,6E6515,11856.00,INR,2026-11-04,playwright_network
6E,6E826,11856.00,INR,2026-11-04,playwright_network
SG,SG612,12798.00,INR,2026-11-04,playwright_network
SG,SG475,12798.00,INR,2026-11-04,playwright_network
SG,SG510,12798.00,INR,2026-11-04,playwright_network
SG,SG603,12798.00,INR,2026-11-04,playwright_network
AI,AI2415,12327.00,INR,2026-11-04,playwright_network
6E,6E6699,12165.00,INR,2026-11-04,playwright_network
SG,SG186,12668.00,INR,2026-11-04,playwright_network
AI,AI2545,12562.00,INR,2026-11-04,playwright_network
AI,AI2706,12746.00,INR,2026-11-04,playwright_network
AI,AI2643,12746.00,INR,2026-11-04,playwright_network
AI,AI2499,12837.00,INR,2026-11-04,playwright_network
SG,SG105,13005.00,INR,2026-11-04,playwright_network
SG,SG600,13005.00,INR,2026-11-04,playwright_network
AI,AI2532,12932.00,INR,2026-11-04,playwright_network
IX,IX1090,13591.00,INR,2026-11-04,playwright_network
AI,AI415,13538.00,INR,2026-11-04,playwright_network
AI,AI1724,13617.00,INR,2026-11-04,playwright_network
IX,IX1056,13831.00,INR,2026-11-04,playwright_network
AI,AI2859,13811.00,INR,2026-11-04,playwright_network
AI,AI2542,13811.00,INR,2026-11-04,playwright_network
IX,IX2233,13982.00,INR,2026-11-04,playwright_network
IX,IX1082,13982.00,INR,2026-11-04,playwright_network
IX,IX2237,13982.00,INR,2026-11-04,playwright_network
SG,SG604,14558.00,INR,2026-11-04,playwright_network
IX,IX1083,14074.00,INR,2026-11-04,playwright_network
AI,AI2509,13973.00,INR,2026-11-04,playwright_network
AI,AI2879,14345.00,INR,2026-11-04,playwright_network
IX,IX2222,14656.00,INR,2026-11-04,playwright_network
IX,IX1210,14673.00,INR,2026-11-04,playwright_network
IX,IX1257,14686.00,INR,2026-11-04,playwright_network
AI,AI2465,14645.00,INR,2026-11-04,playwright_network
AI,AI2643,14673.00,INR,2026-11-04,playwright_network
IX,IX1083,14874.00,INR,2026-11-04,playwright_network
IX,IX1230,14874.00,INR,2026-11-04,playwright_network
AI,AI1710,15101.00,INR,2026-11-04,playwright_network
IX,IX2233,15504.00,INR,2026-11-04,playwright_network
IX,IX1672,16496.00,INR,2026-11-04,playwright_network
IX,IX1041,16654.00,INR,2026-11-04,playwright_network
AI,AI2619,16528.00,INR,2026-11-04,playwright_network
6E,6E6517,16361.00,INR,2026-11-04,playwright_network
IX,IX1032,16926.00,INR,2026-11-04,playwright_network
IX,IX1672,16968.00,INR,2026-11-04,playwright_network
SG,SG608,17212.00,INR,2026-11-04,playwright_network
SG,SG711,17212.00,INR,2026-11-04,playwright_network
AI,AI2565,17477.00,INR,2026-11-04,playwright_network
AI,AI487,17753.00,INR,2026-11-04,playwright_network
IX,IX1067,18718.00,INR,2026-11-04,playwright_network
AI,AI2909,18628.00,INR,2026-11-04,playwright_network
AI,AI2525,18653.00,INR,2026-11-04,playwright_network
AI,AI2523,18653.00,INR,2026-11-04,playwright_network
AI,AI2507,18653.00,INR,2026-11-04,playwright_network
AI,AI2973,18718.00,INR,2026-11-04,playwright_network
6E,6E2105,18699.00,INR,2026-11-04,playwright_network
IX,IX1274,19400.00,INR,2026-11-04,playwright_network
IX,IX1076,19400.00,INR,2026-11-04,playwright_network
6E,6E2361,18889.00,INR,2026-11-04,playwright_network
IX,IX1510,19534.00,INR,2026-11-04,playwright_network
IX,IX1274,20240.00,INR,2026-11-04,playwright_network
IX,IX1076,20240.00,INR,2026-11-04,playwright_network
IX,IX1046,20902.00,INR,2026-11-04,playwright_network
AI,AI881,20308.00,INR,2026-11-04,playwright_network
IX,IX1046,21551.00,INR,2026-11-04,playwright_network
IX,IX1068,21737.00,INR,2026-11-04,playwright_network
IX,IX2764,21737.00,INR,2026-11-04,playwright_network
6E,6E6347,20779.00,INR,2026-11-04,playwright_network
AI,AI2767,21692.00,INR,2026-11-04,playwright_network
IX,IX2764,22875.00,INR,2026-11-04,playwright_network
QP,UNSPECIFIED,6530.00,INR,2026-09-22,playwright_network
QP,UNSPECIFIED,6530.00,INR,2026-09-22,playwright_network
QP,UNSPECIFIED,6530.00,INR,2026-09-28,playwright_network
QP,UNSPECIFIED,6530.00,INR,2026-09-28,playwright_network
QP,UNSPECIFIED,6530.00,INR,2026-10-06,playwright_network
QP,UNSPECIFIED,6530.00,INR,2026-10-06,playwright_network
QP,UNSPECIFIED,6530.00,INR,2026-10-21,playwright_network
QP,UNSPECIFIED,6530.00,INR,2026-10-21,playwright_network
QP,UNSPECIFIED,7103.00,INR,2026-11-05,playwright_network
QP,UNSPECIFIED,7103.00,INR,2026-11-05,playwright_network
QP,UNSPECIFIED,7199.00,INR,2026-09-22,playwright_network
QP,UNSPECIFIED,7199.00,INR,2026-09-22,playwright_network
QP,UNSPECIFIED,5673.00,INR,2026-09-28,playwright_network
QP,UNSPECIFIED,5673.00,INR,2026-09-28,playwright_network
QP,UNSPECIFIED,5050.00,INR,2026-10-06,playwright_network
QP,UNSPECIFIED,5050.00,INR,2026-10-06,playwright_network
QP,UNSPECIFIED,8130.00,INR,2026-11-05,playwright_network
QP,UNSPECIFIED,8130.00,INR,2026-11-05,playwright_network
QP,UNSPECIFIED,8829.00,INR,2026-09-22,playwright_network
QP,UNSPECIFIED,8829.00,INR,2026-09-22,playwright_network
QP,UNSPECIFIED,8829.00,INR,2026-09-28,playwright_network
QP,UNSPECIFIED,8829.00,INR,2026-09-28,playwright_network
QP,UNSPECIFIED,8829.00,INR,2026-10-06,playwright_network
QP,UNSPECIFIED,8829.00,INR,2026-10-06,playwright_network
QP,UNSPECIFIED,9859.00,INR,2026-10-21,playwright_network
QP,UNSPECIFIED,9859.00,INR,2026-10-21,playwright_network
QP,UNSPECIFIED,9859.00,INR,2026-11-05,playwright_network
QP,UNSPECIFIED,9859.00,INR,2026-11-05,playwright_network
IX,IX1165,6011.00,INR,2026-09-22,playwright_network
SG,SG9191,5925.00,INR,2026-09-22,playwright_network
IX,IX1235,6529.00,INR,2026-09-22,playwright_network
IX,IX1056,6529.00,INR,2026-09-22,playwright_network
6E,6E2169,6222.00,INR,2026-09-22,playwright_network
6E,6E2249,6222.00,INR,2026-09-22,playwright_network
6E,6E6829,6222.00,INR,2026-09-22,playwright_network
6E,6E5138,6222.00,INR,2026-09-22,playwright_network
6E,6E6459,6222.00,INR,2026-09-22,playwright_network
6E,6E6433,6222.00,INR,2026-09-22,playwright_network
6E,6E6050,6300.00,INR,2026-09-22,playwright_network
6E,6E5038,6300.00,INR,2026-09-22,playwright_network
SG,SG162,6593.00,INR,2026-09-22,playwright_network
6E,6E6282,6432.00,INR,2026-09-22,playwright_network
6E,6E882,6432.00,INR,2026-09-22,playwright_network
6E,6E704,6432.00,INR,2026-09-22,playwright_network
6E,6E6497,6432.00,INR,2026-09-22,playwright_network
6E,6E324,6530.00,INR,2026-09-22,playwright_network
QP,QP1119,6530.00,INR,2026-09-22,playwright_network
QP,QP1110,6530.00,INR,2026-09-22,playwright_network
QP,QP1807,6530.00,INR,2026-09-22,playwright_network
QP,QP1820,6530.00,INR,2026-09-22,playwright_network
6E,6E449,6530.00,INR,2026-09-22,playwright_network
6E,6E322,6530.00,INR,2026-09-22,playwright_network
6E,6E6706,6530.00,INR,2026-09-22,playwright_network
6E,6E864,6530.00,INR,2026-09-22,playwright_network
6E,6E6318,6530.00,INR,2026-09-22,playwright_network
6E,6E6218,6530.00,INR,2026-09-22,playwright_network
6E,6E6047,6530.00,INR,2026-09-22,playwright_network
6E,6E6676,6530.00,INR,2026-09-22,playwright_network
6E,6E675,6530.00,INR,2026-09-22,playwright_network
QP,QP1833,6530.00,INR,2026-09-22,playwright_network
QP,QP1112,6530.00,INR,2026-09-22,playwright_network
QP,QP1128,6530.00,INR,2026-09-22,playwright_network
6E,6E6114,6530.00,INR,2026-09-22,playwright_network
6E,6E327,6530.00,INR,2026-09-22,playwright_network
6E,6E6328,6530.00,INR,2026-09-22,playwright_network
QP,QP1836,6530.00,INR,2026-09-22,playwright_network
QP,QP1826,6530.00,INR,2026-09-22,playwright_network
6E,6E6022,6530.00,INR,2026-09-22,playwright_network
6E,6E6107,6530.00,INR,2026-09-22,playwright_network
6E,6E6171,6562.00,INR,2026-09-22,playwright_network
6E,6E2013,6562.00,INR,2026-09-22,playwright_network
6E,6E6983,6562.00,INR,2026-09-22,playwright_network
6E,6E6261,6562.00,INR,2026-09-22,playwright_network
6E,6E2331,6562.00,INR,2026-09-22,playwright_network
6E,6E303,6583.00,INR,2026-09-22,playwright_network
6E,6E329,6583.00,INR,2026-09-22,playwright_network
6E,6E395,6583.00,INR,2026-09-22,playwright_network
6E,6E354,6583.00,INR,2026-09-22,playwright_network
AI,AI1780,6843.00,INR,2026-09-22,playwright_network
6E,6E320,6751.00,INR,2026-09-22,playwright_network
6E,6E6814,7003.00,INR,2026-09-22,playwright_network
6E,6E6479,7290.00,INR,2026-09-22,playwright_network
6E,6E6601,7991.00,INR,2026-09-22,playwright_network
6E,6E6293,7991.00,INR,2026-09-22,playwright_network
6E,6E5119,8276.00,INR,2026-09-22,playwright_network
6E,6E6443,8408.00,INR,2026-09-22,playwright_network
6E,6E5298,8486.00,INR,2026-09-22,playwright_network
IX,IX1003,9071.00,INR,2026-09-22,playwright_network
6E,6E5073,8964.00,INR,2026-09-22,playwright_network
6E,6E5206,9257.00,INR,2026-09-22,playwright_network
IX,IX1059,9971.00,INR,2026-09-22,playwright_network
AI,AI2569,9841.00,INR,2026-09-22,playwright_network
AI,AI1717,9841.00,INR,2026-09-22,playwright_network
6E,6E5119,9721.00,INR,2026-09-22,playwright_network
6E,6E758,9931.00,INR,2026-09-22,playwright_network
AI,AI1710,10272.00,INR,2026-09-22,playwright_network
6E,6E2349,10468.00,INR,2026-09-22,playwright_network
6E,6E5073,10554.00,INR,2026-09-22,playwright_network
6E,6E2076,10554.00,INR,2026-09-22,playwright_network
6E,6E6010,11210.00,INR,2026-09-22,playwright_network
6E,6E357,11715.00,INR,2026-09-22,playwright_network
IX,IX1070,12851.00,INR,2026-09-22,playwright_network
AI,AI2907,13106.00,INR,2026-09-22,playwright_network
AI,AI437,13106.00,INR,2026-09-22,playwright_network
IX,IX1068,13571.00,INR,2026-09-22,playwright_network
IX,IX1817,14097.00,INR,2026-09-22,playwright_network
IX,IX1049,14097.00,INR,2026-09-22,playwright_network
6E,6E358,14036.00,INR,2026-09-22,playwright_network
IX,IX1049,14516.00,INR,2026-09-22,playwright_network
IX,IX1067,14776.00,INR,2026-09-22,playwright_network
6E,6E705,14982.00,INR,2026-09-22,playwright_network
6E,6E931,14999.00,INR,2026-09-22,playwright_network
IX,IX1108,15651.00,INR,2026-09-22,playwright_network
AI,AI1743,16186.00,INR,2026-09-22,playwright_network
6E,6E2381,16849.00,INR,2026-09-22,playwright_network
IX,IX1001,17771.00,INR,2026-09-22,playwright_network
6E,6E5014,17941.00,INR,2026-09-22,playwright_network
AI,AI2509,18177.00,INR,2026-09-22,playwright_network
IX,IX1783,18707.00,INR,2026-09-22,playwright_network
AI,AI2761,20908.00,INR,2026-09-22,playwright_network
AI,AI1739,31136.00,INR,2026-09-22,playwright_network
IX,IX1056,6529.00,INR,2026-09-28,playwright_network
IX,IX1165,6611.00,INR,2026-09-28,playwright_network
IX,IX1392,6611.00,INR,2026-09-28,playwright_network
6E,6E303,6530.00,INR,2026-09-28,playwright_network
QP,QP1119,6530.00,INR,2026-09-28,playwright_network
QP,QP1110,6530.00,INR,2026-09-28,playwright_network
QP,QP1820,6530.00,INR,2026-09-28,playwright_network
6E,6E329,6530.00,INR,2026-09-28,playwright_network
6E,6E6706,6530.00,INR,2026-09-28,playwright_network
6E,6E864,6530.00,INR,2026-09-28,playwright_network
6E,6E6318,6530.00,INR,2026-09-28,playwright_network
QP,QP1112,6530.00,INR,2026-09-28,playwright_network
QP,QP1128,6530.00,INR,2026-09-28,playwright_network
6E,6E327,6530.00,INR,2026-09-28,playwright_network
6E,6E6328,6530.00,INR,2026-09-28,playwright_network
QP,QP1836,6530.00,INR,2026-09-28,playwright_network
QP,QP1826,6530.00,INR,2026-09-28,playwright_network
6E,6E354,6530.00,INR,2026-09-28,playwright_network
6E,6E6022,6530.00,INR,2026-09-28,playwright_network
6E,6E6107,6530.00,INR,2026-09-28,playwright_network
6E,6E5014,6618.00,INR,2026-09-28,playwright_network
6E,6E5119,6618.00,INR,2026-09-28,playwright_network
6E,6E2383,6618.00,INR,2026-09-28,playwright_network
6E,6E2076,6618.00,INR,2026-09-28,playwright_network
6E,6E931,6618.00,INR,2026-09-28,playwright_network
6E,6E2013,6618.00,INR,2026-09-28,playwright_network
6E,6E6983,6618.00,INR,2026-09-28,playwright_network
6E,6E6261,6618.00,INR,2026-09-28,playwright_network
6E,6E5073,6618.00,INR,2026-09-28,playwright_network
6E,6E2331,6618.00,INR,2026-09-28,playwright_network
6E,6E449,6688.00,INR,2026-09-28,playwright_network
6E,6E322,6688.00,INR,2026-09-28,playwright_network
6E,6E853,6688.00,INR,2026-09-28,playwright_network
6E,6E675,6688.00,INR,2026-09-28,playwright_network
6E,6E395,6688.00,INR,2026-09-28,playwright_network
QP,QP1833,6729.00,INR,2026-09-28,playwright_network
6E,6E2169,6750.00,INR,2026-09-28,playwright_network
6E,6E2249,6750.00,INR,2026-09-28,playwright_network
6E,6E6443,6750.00,INR,2026-09-28,playwright_network
6E,6E5138,6750.00,INR,2026-09-28,playwright_network
6E,6E6459,6750.00,INR,2026-09-28,playwright_network
6E,6E6433,6750.00,INR,2026-09-28,playwright_network
6E,6E6569,6750.00,INR,2026-09-28,playwright_network
6E,6E6479,6828.00,INR,2026-09-28,playwright_network
6E,6E6050,6828.00,INR,2026-09-28,playwright_network
6E,6E5038,6828.00,INR,2026-09-28,playwright_network
6E,6E6676,6898.00,INR,2026-09-28,playwright_network
6E,6E324,6898.00,INR,2026-09-28,playwright_network
6E,6E6218,6898.00,INR,2026-09-28,playwright_network
6E,6E6047,6898.00,INR,2026-09-28,playwright_network
6E,6E6601,6960.00,INR,2026-09-28,playwright_network
6E,6E6282,6960.00,INR,2026-09-28,playwright_network
6E,6E882,6960.00,INR,2026-09-28,playwright_network
6E,6E6212,6960.00,INR,2026-09-28,playwright_network
6E,6E6293,6960.00,INR,2026-09-28,playwright_network
6E,6E6497,6960.00,INR,2026-09-28,playwright_network
IX,IX1235,7513.00,INR,2026-09-28,playwright_network
6E,6E6814,7160.00,INR,2026-09-28,playwright_network
6E,6E6114,7160.00,INR,2026-09-28,playwright_network
6E,6E320,7160.00,INR,2026-09-28,playwright_network
6E,6E5206,7352.00,INR,2026-09-28,playwright_network
6E,6E6829,7849.00,INR,2026-09-28,playwright_network
IX,IX1754,8349.00,INR,2026-09-28,playwright_network
6E,6E705,8059.00,INR,2026-09-28,playwright_network
IX,IX1068,9971.00,INR,2026-09-28,playwright_network
IX,IX1059,9971.00,INR,2026-09-28,playwright_network
IX,IX1003,9971.00,INR,2026-09-28,playwright_network
6E,6E2381,10153.00,INR,2026-09-28,playwright_network
IX,IX1812,12222.00,INR,2026-09-28,playwright_network
6E,6E357,12242.00,INR,2026-09-28,playwright_network
6E,6E5073,12593.00,INR,2026-09-28,playwright_network
IX,IX1082,13047.00,INR,2026-09-28,playwright_network
IX,IX1817,13047.00,INR,2026-09-28,playwright_network
6E,6E704,12795.00,INR,2026-09-28,playwright_network
IX,IX1049,13677.00,INR,2026-09-28,playwright_network
6E,6E5298,13920.00,INR,2026-09-28,playwright_network
IX,IX1108,15464.00,INR,2026-09-28,playwright_network
IX,IX1815,17320.00,INR,2026-09-28,playwright_network
6E,6E358,16673.00,INR,2026-09-28,playwright_network
IX,IX1783,18287.00,INR,2026-09-28,playwright_network
IX,IX1001,19975.00,INR,2026-09-28,playwright_network
IX,IX1067,19396.00,INR,2026-09-28,playwright_network
IX,IX1811,20494.00,INR,2026-09-28,playwright_network
IX,IX1081,21970.00,INR,2026-09-28,playwright_network
IX,IX1049,21974.00,INR,2026-09-28,playwright_network
SG,SG2802,22300.00,INR,2026-09-28,playwright_network
SG,SG162,22300.00,INR,2026-09-28,playwright_network
IX,IX1273,22759.00,INR,2026-09-28,playwright_network
IX,IX1108,28319.00,INR,2026-09-28,playwright_network
IX,IX1165,6011.00,INR,2026-10-06,playwright_network
SG,SG162,6292.00,INR,2026-10-06,playwright_network
6E,6E5014,6090.00,INR,2026-10-06,playwright_network
6E,6E6454,6090.00,INR,2026-10-06,playwright_network
6E,6E5119,6090.00,INR,2026-10-06,playwright_network
6E,6E6171,6090.00,INR,2026-10-06,playwright_network
6E,6E2076,6090.00,INR,2026-10-06,playwright_network
6E,6E931,6090.00,INR,2026-10-06,playwright_network
6E,6E2013,6090.00,INR,2026-10-06,playwright_network
6E,6E6983,6090.00,INR,2026-10-06,playwright_network
6E,6E6261,6090.00,INR,2026-10-06,playwright_network
IX,IX1235,6529.00,INR,2026-10-06,playwright_network
6E,6E2169,6222.00,INR,2026-10-06,playwright_network
6E,6E2249,6222.00,INR,2026-10-06,playwright_network
6E,6E6829,6222.00,INR,2026-10-06,playwright_network
6E,6E6443,6222.00,INR,2026-10-06,playwright_network
6E,6E5138,6222.00,INR,2026-10-06,playwright_network
6E,6E6459,6222.00,INR,2026-10-06,playwright_network
6E,6E6433,6222.00,INR,2026-10-06,playwright_network
IX,IX1049,6611.00,INR,2026-10-06,playwright_network
IX,IX1082,6611.00,INR,2026-10-06,playwright_network
IX,IX1817,6611.00,INR,2026-10-06,playwright_network
6E,6E6479,6300.00,INR,2026-10-06,playwright_network
6E,6E758,6300.00,INR,2026-10-06,playwright_network
6E,6E6050,6300.00,INR,2026-10-06,playwright_network
6E,6E5038,6300.00,INR,2026-10-06,playwright_network
IX,IX1056,6688.00,INR,2026-10-06,playwright_network
6E,6E6601,6432.00,INR,2026-10-06,playwright_network
6E,6E6282,6432.00,INR,2026-10-06,playwright_network
6E,6E882,6432.00,INR,2026-10-06,playwright_network
6E,6E6026,6432.00,INR,2026-10-06,playwright_network
6E,6E704,6432.00,INR,2026-10-06,playwright_network
6E,6E717,6432.00,INR,2026-10-06,playwright_network
6E,6E6212,6432.00,INR,2026-10-06,playwright_network
6E,6E2381,6432.00,INR,2026-10-06,playwright_network
6E,6E324,6530.00,INR,2026-10-06,playwright_network
QP,QP1807,6530.00,INR,2026-10-06,playwright_network
6E,6E322,6530.00,INR,2026-10-06,playwright_network
6E,6E864,6530.00,INR,2026-10-06,playwright_network
6E,6E6318,6530.00,INR,2026-10-06,playwright_network
6E,6E449,6530.00,INR,2026-10-06,playwright_network
6E,6E6047,6530.00,INR,2026-10-06,playwright_network
6E,6E6676,6530.00,INR,2026-10-06,playwright_network
6E,6E675,6530.00,INR,2026-10-06,playwright_network
QP,QP1833,6530.00,INR,2026-10-06,playwright_network
QP,QP1110,6530.00,INR,2026-10-06,playwright_network
QP,QP1128,6530.00,INR,2026-10-06,playwright_network
QP,QP1820,6530.00,INR,2026-10-06,playwright_network
6E,6E353,6530.00,INR,2026-10-06,playwright_network
6E,6E6114,6530.00,INR,2026-10-06,playwright_network
6E,6E327,6530.00,INR,2026-10-06,playwright_network
6E,6E6328,6530.00,INR,2026-10-06,playwright_network
QP,QP1119,6530.00,INR,2026-10-06,playwright_network
QP,QP1826,6530.00,INR,2026-10-06,playwright_network
6E,6E6022,6530.00,INR,2026-10-06,playwright_network
6E,6E6107,6530.00,INR,2026-10-06,playwright_network
6E,6E6218,6688.00,INR,2026-10-06,playwright_network
6E,6E5298,6772.00,INR,2026-10-06,playwright_network
6E,6E303,6898.00,INR,2026-10-06,playwright_network
6E,6E853,6898.00,INR,2026-10-06,playwright_network
6E,6E6814,6898.00,INR,2026-10-06,playwright_network
6E,6E395,6898.00,INR,2026-10-06,playwright_network
6E,6E320,6898.00,INR,2026-10-06,playwright_network
6E,6E354,6898.00,INR,2026-10-06,playwright_network
6E,6E5073,7080.00,INR,2026-10-06,playwright_network
6E,6E2113,7290.00,INR,2026-10-06,playwright_network
6E,6E6706,7475.00,INR,2026-10-06,playwright_network
6E,6E5073,7650.00,INR,2026-10-06,playwright_network
SG,SG2802,8349.00,INR,2026-10-06,playwright_network
IX,IX2749,8349.00,INR,2026-10-06,playwright_network
IX,IX1059,9071.00,INR,2026-10-06,playwright_network
IX,IX1064,9071.00,INR,2026-10-06,playwright_network
IX,IX1783,9071.00,INR,2026-10-06,playwright_network
IX,IX1057,9071.00,INR,2026-10-06,playwright_network
IX,IX1812,9971.00,INR,2026-10-06,playwright_network
6E,6E2349,9657.00,INR,2026-10-06,playwright_network
6E,6E358,10141.00,INR,2026-10-06,playwright_network
IX,IX1081,12012.00,INR,2026-10-06,playwright_network
IX,IX1076,12012.00,INR,2026-10-06,playwright_network
IX,IX1067,12012.00,INR,2026-10-06,playwright_network
IX,IX1108,12235.00,INR,2026-10-06,playwright_network
IX,IX1108,13258.00,INR,2026-10-06,playwright_network
IX,IX1068,13394.00,INR,2026-10-06,playwright_network
6E,6E6021,13212.00,INR,2026-10-06,playwright_network
6E,6E329,13618.00,INR,2026-10-06,playwright_network
IX,IX1815,16690.00,INR,2026-10-06,playwright_network
AI,AI2577,19336.00,INR,2026-10-06,playwright_network
AI,AI2859,19336.00,INR,2026-10-06,playwright_network
AI,AI2465,19759.00,INR,2026-10-06,playwright_network
IX,IX1165,6245.00,INR,2026-10-21,playwright_network
IX,IX1392,6245.00,INR,2026-10-21,playwright_network
IX,IX1056,6529.00,INR,2026-10-21,playwright_network
IX,IX1235,6529.00,INR,2026-10-21,playwright_network
SG,SG162,6528.00,INR,2026-10-21,playwright_network
QP,QP1820,6530.00,INR,2026-10-21,playwright_network
SG,SG9091,6892.00,INR,2026-10-21,playwright_network
SG,SG802,6892.00,INR,2026-10-21,playwright_network
IX,IX1082,7090.00,INR,2026-10-21,playwright_network
QP,QP1128,6977.00,INR,2026-10-21,playwright_network
QP,QP1119,6977.00,INR,2026-10-21,playwright_network
6E,6E324,7019.00,INR,2026-10-21,playwright_network
6E,6E322,7019.00,INR,2026-10-21,playwright_network
6E,6E6318,7019.00,INR,2026-10-21,playwright_network
6E,6E449,7019.00,INR,2026-10-21,playwright_network
6E,6E6218,7019.00,INR,2026-10-21,playwright_network
6E,6E6047,7019.00,INR,2026-10-21,playwright_network
6E,6E6676,7019.00,INR,2026-10-21,playwright_network
6E,6E675,7019.00,INR,2026-10-21,playwright_network
6E,6E353,7019.00,INR,2026-10-21,playwright_network
6E,6E6114,7019.00,INR,2026-10-21,playwright_network
6E,6E395,7019.00,INR,2026-10-21,playwright_network
6E,6E327,7019.00,INR,2026-10-21,playwright_network
6E,6E6328,7019.00,INR,2026-10-21,playwright_network
6E,6E6022,7019.00,INR,2026-10-21,playwright_network
6E,6E6107,7019.00,INR,2026-10-21,playwright_network
QP,QP1833,7103.00,INR,2026-10-21,playwright_network
QP,QP1110,7103.00,INR,2026-10-21,playwright_network
6E,6E5073,7120.00,INR,2026-10-21,playwright_network
6E,6E5119,7120.00,INR,2026-10-21,playwright_network
6E,6E931,7120.00,INR,2026-10-21,playwright_network
6E,6E2013,7120.00,INR,2026-10-21,playwright_network
6E,6E6261,7120.00,INR,2026-10-21,playwright_network
AI,AI1780,7332.00,INR,2026-10-21,playwright_network
6E,6E2169,7252.00,INR,2026-10-21,playwright_network
6E,6E2249,7252.00,INR,2026-10-21,playwright_network
6E,6E6829,7252.00,INR,2026-10-21,playwright_network
6E,6E6459,7252.00,INR,2026-10-21,playwright_network
6E,6E6433,7252.00,INR,2026-10-21,playwright_network
6E,6E6479,7330.00,INR,2026-10-21,playwright_network
6E,6E758,7330.00,INR,2026-10-21,playwright_network
6E,6E2113,7330.00,INR,2026-10-21,playwright_network
6E,6E6050,7330.00,INR,2026-10-21,playwright_network
6E,6E5038,7330.00,INR,2026-10-21,playwright_network
QP,QP1826,7366.00,INR,2026-10-21,playwright_network
6E,6E303,7469.00,INR,2026-10-21,playwright_network
6E,6E853,7469.00,INR,2026-10-21,playwright_network
6E,6E329,7469.00,INR,2026-10-21,playwright_network
6E,6E6706,7469.00,INR,2026-10-21,playwright_network
6E,6E6814,7469.00,INR,2026-10-21,playwright_network
6E,6E354,7469.00,INR,2026-10-21,playwright_network
6E,6E357,7540.00,INR,2026-10-21,playwright_network
6E,6E5014,7695.00,INR,2026-10-21,playwright_network
6E,6E2076,7695.00,INR,2026-10-21,playwright_network
6E,6E6443,7826.00,INR,2026-10-21,playwright_network
6E,6E5138,7826.00,INR,2026-10-21,playwright_network
6E,6E2381,8036.00,INR,2026-10-21,playwright_network
6E,6E864,8069.00,INR,2026-10-21,playwright_network
6E,6E320,8069.00,INR,2026-10-21,playwright_network
6E,6E6171,8325.00,INR,2026-10-21,playwright_network
6E,6E6983,8325.00,INR,2026-10-21,playwright_network
6E,6E5298,8535.00,INR,2026-10-21,playwright_network
6E,6E882,8666.00,INR,2026-10-21,playwright_network
IX,IX1817,9071.00,INR,2026-10-21,playwright_network
AI,AI2569,9526.00,INR,2026-10-21,playwright_network
AI,AI1710,9526.00,INR,2026-10-21,playwright_network
6E,6E6601,9360.00,INR,2026-10-21,playwright_network
6E,6E705,9360.00,INR,2026-10-21,playwright_network
6E,6E358,9439.00,INR,2026-10-21,playwright_network
IX,IX1108,9971.00,INR,2026-10-21,playwright_network
AI,AI1717,9957.00,INR,2026-10-21,playwright_network
6E,6E2349,9846.00,INR,2026-10-21,playwright_network
6E,6E6282,10121.00,INR,2026-10-21,playwright_network
6E,6E717,10121.00,INR,2026-10-21,playwright_network
6E,6E6212,10121.00,INR,2026-10-21,playwright_network
IX,IX1049,10551.00,INR,2026-10-21,playwright_network
AI,AI1719,10735.00,INR,2026-10-21,playwright_network
AI,AI2761,10735.00,INR,2026-10-21,playwright_network
IX,IX1783,10870.00,INR,2026-10-21,playwright_network
IX,IX1057,10870.00,INR,2026-10-21,playwright_network
6E,6E704,11880.00,INR,2026-10-21,playwright_network
IX,IX1064,12222.00,INR,2026-10-21,playwright_network
IX,IX2749,13867.00,INR,2026-10-21,playwright_network
IX,IX1273,14722.00,INR,2026-10-21,playwright_network
IX,IX1067,14722.00,INR,2026-10-21,playwright_network
IX,IX1068,14834.00,INR,2026-10-21,playwright_network
AI,AI2761,14760.00,INR,2026-10-21,playwright_network
IX,IX1811,15191.00,INR,2026-10-21,playwright_network
IX,IX1081,15249.00,INR,2026-10-21,playwright_network
AI,AI1717,15383.00,INR,2026-10-21,playwright_network
IX,IX1076,16721.00,INR,2026-10-21,playwright_network
IX,IX1059,17133.00,INR,2026-10-21,playwright_network
AI,AI1773,17416.00,INR,2026-10-21,playwright_network
IX,IX1812,21171.00,INR,2026-10-21,playwright_network
IX,IX1815,21171.00,INR,2026-10-21,playwright_network
IX,IX1782,24170.00,INR,2026-10-21,playwright_network
SG,SG612,6528.00,INR,2026-11-05,playwright_network
SG,SG510,6528.00,INR,2026-11-05,playwright_network
SG,SG475,6528.00,INR,2026-11-05,playwright_network
SG,SG603,6528.00,INR,2026-11-05,playwright_network
IX,IX1056,6688.00,INR,2026-11-05,playwright_network
IX,IX1235,6898.00,INR,2026-11-05,playwright_network
IX,IX1021,7094.00,INR,2026-11-05,playwright_network
6E,6E353,7019.00,INR,2026-11-05,playwright_network
6E,6E6114,7019.00,INR,2026-11-05,playwright_network
6E,6E395,7019.00,INR,2026-11-05,playwright_network
6E,6E853,7019.00,INR,2026-11-05,playwright_network
6E,6E328,7019.00,INR,2026-11-05,playwright_network
6E,6E6706,7019.00,INR,2026-11-05,playwright_network
6E,6E327,7019.00,INR,2026-11-05,playwright_network
6E,6E864,7019.00,INR,2026-11-05,playwright_network
6E,6E6318,7019.00,INR,2026-11-05,playwright_network
6E,6E6022,7019.00,INR,2026-11-05,playwright_network
6E,6E324,7019.00,INR,2026-11-05,playwright_network
6E,6E449,7019.00,INR,2026-11-05,playwright_network
6E,6E6218,7019.00,INR,2026-11-05,playwright_network
6E,6E320,7019.00,INR,2026-11-05,playwright_network
6E,6E6107,7019.00,INR,2026-11-05,playwright_network
6E,6E6328,7019.00,INR,2026-11-05,playwright_network
6E,6E6047,7019.00,INR,2026-11-05,playwright_network
6E,6E6676,7019.00,INR,2026-11-05,playwright_network
6E,6E675,7019.00,INR,2026-11-05,playwright_network
6E,6E6051,7019.00,INR,2026-11-05,playwright_network
QP,QP1112,7103.00,INR,2026-11-05,playwright_network
QP,QP1116,7103.00,INR,2026-11-05,playwright_network
QP,QP1118,7103.00,INR,2026-11-05,playwright_network
6E,6E6787,7120.00,INR,2026-11-05,playwright_network
6E,6E6878,7120.00,INR,2026-11-05,playwright_network
6E,6E6220,7120.00,INR,2026-11-05,playwright_network
6E,6E303,7169.00,INR,2026-11-05,playwright_network
6E,6E354,7169.00,INR,2026-11-05,playwright_network
QP,QP1114,7233.00,INR,2026-11-05,playwright_network
QP,QP1805,7233.00,INR,2026-11-05,playwright_network
6E,6E6569,7252.00,INR,2026-11-05,playwright_network
6E,6E6004,7252.00,INR,2026-11-05,playwright_network
AI,AI2963,7489.00,INR,2026-11-05,playwright_network
AI,AI2425,7489.00,INR,2026-11-05,playwright_network
AI,AI887,7489.00,INR,2026-11-05,playwright_network
AI,AI2573,7489.00,INR,2026-11-05,playwright_network
AI,AI2975,7489.00,INR,2026-11-05,playwright_network
AI,AI2927,7489.00,INR,2026-11-05,playwright_network
AI,AI2945,7489.00,INR,2026-11-05,playwright_network
AI,AI2587,7489.00,INR,2026-11-05,playwright_network
AI,AI2987,7489.00,INR,2026-11-05,playwright_network
AI,AI2941,7489.00,INR,2026-11-05,playwright_network
AI,AI441,7489.00,INR,2026-11-05,playwright_network
AI,AI2555,7489.00,INR,2026-11-05,playwright_network
AI,AI2981,7489.00,INR,2026-11-05,playwright_network
AI,AI2999,7489.00,INR,2026-11-05,playwright_network
AI,AI2437,7489.00,INR,2026-11-05,playwright_network
6E,6E5225,7330.00,INR,2026-11-05,playwright_network
AI,AI2678,7615.00,INR,2026-11-05,playwright_network
AI,AI2957,7615.00,INR,2026-11-05,playwright_network
AI,AI2933,7639.00,INR,2026-11-05,playwright_network
6E,6E5058,7462.00,INR,2026-11-05,playwright_network
6E,6E6601,7462.00,INR,2026-11-05,playwright_network
6E,6E705,7462.00,INR,2026-11-05,playwright_network
6E,6E2303,7462.00,INR,2026-11-05,playwright_network
6E,6E329,7469.00,INR,2026-11-05,playwright_network
6E,6E6814,7469.00,INR,2026-11-05,playwright_network
AI,AI2943,7677.00,INR,2026-11-05,playwright_network
6E,6E358,7540.00,INR,2026-11-05,playwright_network
AI,AI2439,7802.00,INR,2026-11-05,playwright_network
AI,AI2985,7832.00,INR,2026-11-05,playwright_network
AI,AI2433,7865.00,INR,2026-11-05,playwright_network
6E,6E907,7695.00,INR,2026-11-05,playwright_network
6E,6E2164,7695.00,INR,2026-11-05,playwright_network
6E,6E2105,7695.00,INR,2026-11-05,playwright_network
6E,6E6787,7695.00,INR,2026-11-05,playwright_network
AI,AI2805,7961.00,INR,2026-11-05,playwright_network
AI,AI2955,7990.00,INR,2026-11-05,playwright_network
AI,AI2977,8025.00,INR,2026-11-05,playwright_network
AI,AI2951,8117.00,INR,2026-11-05,playwright_network
AI,AI2429,8276.00,INR,2026-11-05,playwright_network
6E,6E907,8325.00,INR,2026-11-05,playwright_network
6E,6E2402,8456.00,INR,2026-11-05,playwright_network
6E,6E6488,8456.00,INR,2026-11-05,playwright_network
6E,6E2289,9019.00,INR,2026-11-05,playwright_network
6E,6E2298,9019.00,INR,2026-11-05,playwright_network
6E,6E717,9360.00,INR,2026-11-05,playwright_network
6E,6E6212,9360.00,INR,2026-11-05,playwright_network
6E,6E704,9360.00,INR,2026-11-05,playwright_network
6E,6E6293,9360.00,INR,2026-11-05,playwright_network
IX,IX2241,9800.00,INR,2026-11-05,playwright_network
IX,IX1385,10347.00,INR,2026-11-05,playwright_network
IX,IX1392,10347.00,INR,2026-11-05,playwright_network
6E,6E2013,10618.00,INR,2026-11-05,playwright_network
IX,IX1082,11136.00,INR,2026-11-05,playwright_network
IX,IX2237,11136.00,INR,2026-11-05,playwright_network
IX,IX1196,11185.00,INR,2026-11-05,playwright_network
6E,6E6050,10907.00,INR,2026-11-05,playwright_network
IX,IX1108,11264.00,INR,2026-11-05,playwright_network
IX,IX1021,11264.00,INR,2026-11-05,playwright_network
AI,AI2545,11837.00,INR,2026-11-05,playwright_network
AI,AI2577,11837.00,INR,2026-11-05,playwright_network
AI,AI1705,12740.00,INR,2026-11-05,playwright_network
6E,6E5252,12552.00,INR,2026-11-05,playwright_network
6E,6E5375,12657.00,INR,2026-11-05,playwright_network
6E,6E6699,12683.00,INR,2026-11-05,playwright_network
AI,AI9567,13099.00,INR,2026-11-05,playwright_network
6E,6E6808,13021.00,INR,2026-11-05,playwright_network
IX,IX1979,14194.00,INR,2026-11-05,playwright_network
6E,6E428,13877.00,INR,2026-11-05,playwright_network
AI,AI9581,14288.00,INR,2026-11-05,playwright_network
AI,AI2645,14503.00,INR,2026-11-05,playwright_network
AI,AI2499,14753.00,INR,2026-11-05,playwright_network
AI,AI2537,15402.00,INR,2026-11-05,playwright_network
AI,AI2643,16449.00,INR,2026-11-05,playwright_network
IX,IX1286,16880.00,INR,2026-11-05,playwright_network
IX,IX1059,16817.00,INR,2026-11-05,playwright_network
IX,IX2222,16817.00,INR,2026-11-05,playwright_network
IX,IX1064,16817.00,INR,2026-11-05,playwright_network
IX,IX1057,16817.00,INR,2026-11-05,playwright_network
AI,AI2495,16733.00,INR,2026-11-05,playwright_network
AI,AI487,16751.00,INR,2026-11-05,playwright_network
IX,IX1064,17237.00,INR,2026-11-05,playwright_network
IX,IX1525,17378.00,INR,2026-11-05,playwright_network
IX,IX1261,17378.00,INR,2026-11-05,playwright_network
AI,AI1715,17252.00,INR,2026-11-05,playwright_network
AI,AI9633,17562.00,INR,2026-11-05,playwright_network
AI,AI2581,17718.00,INR,2026-11-05,playwright_network
AI,AI1768,18693.00,INR,2026-11-05,playwright_network
6E,6E5025,19088.00,INR,2026-11-05,playwright_network
IX,IX1067,21814.00,INR,2026-11-05,playwright_network
AI,AI1712,21728.00,INR,2026-11-05,playwright_network
IX,IX1046,23268.00,INR,2026-11-05,playwright_network
IX,IX1274,23074.00,INR,2026-11-05,playwright_network
IX,IX1076,23074.00,INR,2026-11-05,playwright_network
AI,AI1766,23206.00,INR,2026-11-05,playwright_network
AI,AI2513,23240.00,INR,2026-11-05,playwright_network
AI,AI1737,23546.00,INR,2026-11-05,playwright_network
IX,IX2764,25224.00,INR,2026-11-05,playwright_network
6E,6E2250,24360.00,INR,2026-11-05,playwright_network
6E,6E5126,6255.00,INR,2026-09-22,playwright_network
6E,6E5337,6255.00,INR,2026-09-22,playwright_network
6E,6E6701,6255.00,INR,2026-09-22,playwright_network
6E,6E5048,6255.00,INR,2026-09-22,playwright_network
6E,6E437,6255.00,INR,2026-09-22,playwright_network
6E,6E6349,6255.00,INR,2026-09-22,playwright_network
6E,6E5188,6255.00,INR,2026-09-22,playwright_network
6E,6E5109,6255.00,INR,2026-09-22,playwright_network
6E,6E2284,6255.00,INR,2026-09-22,playwright_network
6E,6E2237,6255.00,INR,2026-09-22,playwright_network
6E,6E240,6255.00,INR,2026-09-22,playwright_network
6E,6E5241,6369.00,INR,2026-09-22,playwright_network
6E,6E6361,6369.00,INR,2026-09-22,playwright_network
6E,6E673,6500.00,INR,2026-09-22,playwright_network
6E,6E6599,6842.00,INR,2026-09-22,playwright_network
6E,6E261,6869.00,INR,2026-09-22,playwright_network
6E,6E230,6869.00,INR,2026-09-22,playwright_network
IX,IX1026,7200.00,INR,2026-09-22,playwright_network
IX,IX1801,7200.00,INR,2026-09-22,playwright_network
IX,IX5985,7357.00,INR,2026-09-22,playwright_network
6E,6E5071,7062.00,INR,2026-09-22,playwright_network
6E,6E5382,7062.00,INR,2026-09-22,playwright_network
6E,6E5184,7062.00,INR,2026-09-22,playwright_network
6E,6E5217,7062.00,INR,2026-09-22,playwright_network
AI,AI2632,7322.00,INR,2026-09-22,playwright_network
AI,AI2853,7322.00,INR,2026-09-22,playwright_network
6E,6E5123,7131.00,INR,2026-09-22,playwright_network
QP,QP1527,7199.00,INR,2026-09-22,playwright_network
QP,QP1518,7199.00,INR,2026-09-22,playwright_network
6E,6E5092,7377.00,INR,2026-09-22,playwright_network
6E,6E5082,7420.00,INR,2026-09-22,playwright_network
AI,AI2812,7637.00,INR,2026-09-22,playwright_network
QP,QP1516,7495.00,INR,2026-09-22,playwright_network
QP,QP1149,7495.00,INR,2026-09-22,playwright_network
QP,QP1382,7495.00,INR,2026-09-22,playwright_network
QP,QP1133,7495.00,INR,2026-09-22,playwright_network
AI,AI2863,7895.00,INR,2026-09-22,playwright_network
IX,IX1237,8050.00,INR,2026-09-22,playwright_network
IX,IX1797,8050.00,INR,2026-09-22,playwright_network
QP,QP1131,7807.00,INR,2026-09-22,playwright_network
6E,6E5294,7962.00,INR,2026-09-22,playwright_network
6E,6E5296,8112.00,INR,2026-09-22,playwright_network
AI,AI2857,8372.00,INR,2026-09-22,playwright_network
6E,6E2016,8366.00,INR,2026-09-22,playwright_network
6E,6E632,8366.00,INR,2026-09-22,playwright_network
AI,AI2603,8660.00,INR,2026-09-22,playwright_network
6E,6E5193,8532.00,INR,2026-09-22,playwright_network
6E,6E5388,8532.00,INR,2026-09-22,playwright_network
IX,IX1280,8998.00,INR,2026-09-22,playwright_network
IX,IX1242,9017.00,INR,2026-09-22,playwright_network
IX,IX1238,9017.00,INR,2026-09-22,playwright_network
AI,AI603,8988.00,INR,2026-09-22,playwright_network
6E,6E5323,9350.00,INR,2026-09-22,playwright_network
6E,6E5178,9553.00,INR,2026-09-22,playwright_network
6E,6E5196,9763.00,INR,2026-09-22,playwright_network
6E,6E5107,9763.00,INR,2026-09-22,playwright_network
6E,6E5313,9763.00,INR,2026-09-22,playwright_network
6E,6E5337,9763.00,INR,2026-09-22,playwright_network
6E,6E5181,9894.00,INR,2026-09-22,playwright_network
6E,6E5221,10107.00,INR,2026-09-22,playwright_network
6E,6E6057,10314.00,INR,2026-09-22,playwright_network
IX,IX1797,11260.00,INR,2026-09-22,playwright_network
AI,AI639,10667.00,INR,2026-09-22,playwright_network
AI,AI681,11061.00,INR,2026-09-22,playwright_network
AI,AI2780,11081.00,INR,2026-09-22,playwright_network
AI,AI639,11098.00,INR,2026-09-22,playwright_network
AI,AI2849,11126.00,INR,2026-09-22,playwright_network
AI,AI2641,11126.00,INR,2026-09-22,playwright_network
AI,AI2780,11281.00,INR,2026-09-22,playwright_network
IX,IX1238,11431.00,INR,2026-09-22,playwright_network
AI,AI681,11378.00,INR,2026-09-22,playwright_network
6E,6E5386,11240.00,INR,2026-09-22,playwright_network
6E,6E5228,11240.00,INR,2026-09-22,playwright_network
IX,IX1797,12170.00,INR,2026-09-22,playwright_network
6E,6E5201,11450.00,INR,2026-09-22,playwright_network
AI,AI2745,12056.00,INR,2026-09-22,playwright_network
6E,6E5228,12211.00,INR,2026-09-22,playwright_network
6E,6E5386,12211.00,INR,2026-09-22,playwright_network
AI,AI2787,13029.00,INR,2026-09-22,playwright_network
AI,AI2491,13447.00,INR,2026-09-22,playwright_network
IX,IX1023,14650.00,INR,2026-09-22,playwright_network
IX,IX1050,14482.00,INR,2026-09-22,playwright_network
AI,AI2851,14524.00,INR,2026-09-22,playwright_network
6E,6E6188,14517.00,INR,2026-09-22,playwright_network
6E,6E5047,14517.00,INR,2026-09-22,playwright_network
IX,IX1809,15548.00,INR,2026-09-22,playwright_network
AI,AI2401,15191.00,INR,2026-09-22,playwright_network
AI,AI2865,16986.00,INR,2026-09-22,playwright_network
AI,AI2855,17894.00,INR,2026-09-22,playwright_network
AI,AI435,18912.00,INR,2026-09-22,playwright_network
AI,AI2821,19264.00,INR,2026-09-22,playwright_network
6E,6E5318,19524.00,INR,2026-09-22,playwright_network
AI,AI2531,20091.00,INR,2026-09-22,playwright_network
AI,AI2741,21948.00,INR,2026-09-22,playwright_network
AI,AI2471,22933.00,INR,2026-09-22,playwright_network
AI,AI2663,25864.00,INR,2026-09-22,playwright_network
AI,AI2619,26202.00,INR,2026-09-22,playwright_network
AI,AI2857,5639.00,INR,2026-09-28,playwright_network
QP,QP1384,5673.00,INR,2026-09-28,playwright_network
6E,6E5294,5848.00,INR,2026-09-28,playwright_network
AI,AI2410,6506.00,INR,2026-09-28,playwright_network
QP,QP1516,6644.00,INR,2026-09-28,playwright_network
QP,QP1382,6644.00,INR,2026-09-28,playwright_network
QP,QP1527,6644.00,INR,2026-09-28,playwright_network
AI,AI2812,6934.00,INR,2026-09-28,playwright_network
6E,6E5323,6808.00,INR,2026-09-28,playwright_network
QP,QP1518,6914.00,INR,2026-09-28,playwright_network
QP,QP1133,6914.00,INR,2026-09-28,playwright_network
6E,6E5193,7062.00,INR,2026-09-28,playwright_network
6E,6E6188,7062.00,INR,2026-09-28,playwright_network
6E,6E5047,7062.00,INR,2026-09-28,playwright_network
6E,6E5184,7062.00,INR,2026-09-28,playwright_network
6E,6E5221,7062.00,INR,2026-09-28,playwright_network
6E,6E5296,7062.00,INR,2026-09-28,playwright_network
6E,6E5388,7062.00,INR,2026-09-28,playwright_network
AI,AI2401,7322.00,INR,2026-09-28,playwright_network
6E,6E5241,7243.00,INR,2026-09-28,playwright_network
6E,6E6361,7243.00,INR,2026-09-28,playwright_network
6E,6E261,7243.00,INR,2026-09-28,playwright_network
6E,6E230,7243.00,INR,2026-09-28,playwright_network
AI,AI2851,7445.00,INR,2026-09-28,playwright_network
AI,AI2603,7568.00,INR,2026-09-28,playwright_network
AI,AI2641,7568.00,INR,2026-09-28,playwright_network
AI,AI2849,7568.00,INR,2026-09-28,playwright_network
6E,6E5386,7374.00,INR,2026-09-28,playwright_network
6E,6E5178,7374.00,INR,2026-09-28,playwright_network
6E,6E6057,7374.00,INR,2026-09-28,playwright_network
6E,6E5228,7374.00,INR,2026-09-28,playwright_network
6E,6E5318,7374.00,INR,2026-09-28,playwright_network
6E,6E5382,7377.00,INR,2026-09-28,playwright_network
6E,6E5092,7377.00,INR,2026-09-28,playwright_network
AI,AI2865,7637.00,INR,2026-09-28,playwright_network
6E,6E6802,7505.00,INR,2026-09-28,playwright_network
6E,6E136,7584.00,INR,2026-09-28,playwright_network
6E,6E673,7584.00,INR,2026-09-28,playwright_network
6E,6E5196,7584.00,INR,2026-09-28,playwright_network
6E,6E5126,7584.00,INR,2026-09-28,playwright_network
6E,6E5337,7584.00,INR,2026-09-28,playwright_network
6E,6E5107,7584.00,INR,2026-09-28,playwright_network
6E,6E6701,7584.00,INR,2026-09-28,playwright_network
6E,6E5048,7584.00,INR,2026-09-28,playwright_network
6E,6E437,7584.00,INR,2026-09-28,playwright_network
6E,6E6349,7584.00,INR,2026-09-28,playwright_network
6E,6E5188,7584.00,INR,2026-09-28,playwright_network
6E,6E5313,7584.00,INR,2026-09-28,playwright_network
6E,6E5109,7584.00,INR,2026-09-28,playwright_network
6E,6E2237,7584.00,INR,2026-09-28,playwright_network
6E,6E240,7584.00,INR,2026-09-28,playwright_network
6E,6E5204,7584.00,INR,2026-09-28,playwright_network
AI,AI2853,7895.00,INR,2026-09-28,playwright_network
6E,6E6599,7715.00,INR,2026-09-28,playwright_network
IX,IX1810,8050.00,INR,2026-09-28,playwright_network
IX,IX1026,8050.00,INR,2026-09-28,playwright_network
IX,IX1797,8050.00,INR,2026-09-28,playwright_network
IX,IX1801,8050.00,INR,2026-09-28,playwright_network
6E,6E5082,7785.00,INR,2026-09-28,playwright_network
AI,AI2863,8223.00,INR,2026-09-28,playwright_network
6E,6E5217,8112.00,INR,2026-09-28,playwright_network
6E,6E632,8126.00,INR,2026-09-28,playwright_network
IX,IX1280,8998.00,INR,2026-09-28,playwright_network
AI,AI2632,8944.00,INR,2026-09-28,playwright_network
AI,AI2619,9695.00,INR,2026-09-28,playwright_network
AI,AI2869,9695.00,INR,2026-09-28,playwright_network
AI,AI2875,9695.00,INR,2026-09-28,playwright_network
IX,IX1237,10329.00,INR,2026-09-28,playwright_network
AI,AI2531,10375.00,INR,2026-09-28,playwright_network
IX,IX1242,10651.00,INR,2026-09-28,playwright_network
AI,AI435,10667.00,INR,2026-09-28,playwright_network
AI,AI2780,10667.00,INR,2026-09-28,playwright_network
AI,AI639,10667.00,INR,2026-09-28,playwright_network
AI,AI2827,10667.00,INR,2026-09-28,playwright_network
AI,AI2444,10775.00,INR,2026-09-28,playwright_network
AI,AI2531,10825.00,INR,2026-09-28,playwright_network
AI,AI2821,10898.00,INR,2026-09-28,playwright_network
AI,AI2855,11061.00,INR,2026-09-28,playwright_network
IX,IX1238,11431.00,INR,2026-09-28,playwright_network
AI,AI2787,12074.00,INR,2026-09-28,playwright_network
IX,IX1026,13164.00,INR,2026-09-28,playwright_network
IX,IX1023,14149.00,INR,2026-09-28,playwright_network
IX,IX1809,14149.00,INR,2026-09-28,playwright_network
IX,IX1050,13874.00,INR,2026-09-28,playwright_network
IX,IX1671,14072.00,INR,2026-09-28,playwright_network
AI,AI2745,14133.00,INR,2026-09-28,playwright_network
AI,AI2471,17104.00,INR,2026-09-28,playwright_network
AI,AI2477,17936.00,INR,2026-09-28,playwright_network
AI,AI2771,19456.00,INR,2026-09-28,playwright_network
AI,AI2741,22519.00,INR,2026-09-28,playwright_network
AI,AI2663,23843.00,INR,2026-09-28,playwright_network
AI,AI2420,27071.00,INR,2026-09-28,playwright_network
QP,QP1833,6880.00,INR,2026-09-22,playwright_network
QP,QP1119,6880.00,INR,2026-09-22,playwright_network
QP,QP1112,6880.00,INR,2026-09-22,playwright_network
QP,QP1110,6880.00,INR,2026-09-22,playwright_network
QP,QP1836,6880.00,INR,2026-09-22,playwright_network
QP,QP1807,6880.00,INR,2026-09-22,playwright_network
QP,QP1128,6880.00,INR,2026-09-22,playwright_network
QP,QP1820,6880.00,INR,2026-09-22,playwright_network
QP,QP1826,6880.00,INR,2026-09-22,playwright_network
QP,UNSPECIFIED,6530.00,INR,2026-09-28,playwright_network
QP,UNSPECIFIED,6530.00,INR,2026-09-28,playwright_network
QP,UNSPECIFIED,6530.00,INR,2026-10-06,playwright_network
QP,UNSPECIFIED,6530.00,INR,2026-10-06,playwright_network
QP,UNSPECIFIED,6530.00,INR,2026-10-21,playwright_network
QP,UNSPECIFIED,6530.00,INR,2026-10-21,playwright_network
QP,UNSPECIFIED,7103.00,INR,2026-11-05,playwright_network
QP,UNSPECIFIED,7103.00,INR,2026-11-05,playwright_network
QP,UNSPECIFIED,7199.00,INR,2026-09-22,playwright_network
QP,UNSPECIFIED,7199.00,INR,2026-09-22,playwright_network
QP,UNSPECIFIED,5673.00,INR,2026-09-28,playwright_network
QP,UNSPECIFIED,5673.00,INR,2026-09-28,playwright_network
QP,UNSPECIFIED,5050.00,INR,2026-10-06,playwright_network
QP,UNSPECIFIED,5050.00,INR,2026-10-06,playwright_network
QP,UNSPECIFIED,5050.00,INR,2026-10-21,playwright_network
QP,UNSPECIFIED,5050.00,INR,2026-10-21,playwright_network
QP,UNSPECIFIED,8130.00,INR,2026-11-05,playwright_network
QP,UNSPECIFIED,8130.00,INR,2026-11-05,playwright_network
QP,UNSPECIFIED,8829.00,INR,2026-09-22,playwright_network
QP,UNSPECIFIED,8829.00,INR,2026-09-22,playwright_network
QP,UNSPECIFIED,8829.00,INR,2026-09-28,playwright_network
QP,UNSPECIFIED,8829.00,INR,2026-09-28,playwright_network
QP,UNSPECIFIED,8829.00,INR,2026-10-06,playwright_network
QP,UNSPECIFIED,8829.00,INR,2026-10-06,playwright_network
QP,UNSPECIFIED,9859.00,INR,2026-10-21,playwright_network
QP,UNSPECIFIED,9859.00,INR,2026-10-21,playwright_network
QP,UNSPECIFIED,9859.00,INR,2026-11-05,playwright_network
QP,UNSPECIFIED,9859.00,INR,2026-11-05,playwright_network
IX,IX1165,6011.00,INR,2026-09-22,playwright_network
SG,SG9191,5999.00,INR,2026-09-22,playwright_network
IX,IX1235,6529.00,INR,2026-09-22,playwright_network
IX,IX1056,6529.00,INR,2026-09-22,playwright_network
6E,6E2169,6222.00,INR,2026-09-22,playwright_network
6E,6E2249,6222.00,INR,2026-09-22,playwright_network
6E,6E6829,6222.00,INR,2026-09-22,playwright_network
6E,6E5138,6222.00,INR,2026-09-22,playwright_network
6E,6E6459,6222.00,INR,2026-09-22,playwright_network
6E,6E6433,6222.00,INR,2026-09-22,playwright_network
6E,6E6050,6300.00,INR,2026-09-22,playwright_network
6E,6E5038,6300.00,INR,2026-09-22,playwright_network
SG,SG162,6738.00,INR,2026-09-22,playwright_network
6E,6E6282,6432.00,INR,2026-09-22,playwright_network
6E,6E882,6432.00,INR,2026-09-22,playwright_network
6E,6E704,6432.00,INR,2026-09-22,playwright_network
6E,6E6497,6432.00,INR,2026-09-22,playwright_network
6E,6E303,6530.00,INR,2026-09-22,playwright_network
6E,6E324,6530.00,INR,2026-09-22,playwright_network
QP,QP1119,6530.00,INR,2026-09-22,playwright_network
QP,QP1110,6530.00,INR,2026-09-22,playwright_network
QP,QP1807,6530.00,INR,2026-09-22,playwright_network
QP,QP1820,6530.00,INR,2026-09-22,playwright_network
6E,6E449,6530.00,INR,2026-09-22,playwright_network
6E,6E322,6530.00,INR,2026-09-22,playwright_network
6E,6E6706,6530.00,INR,2026-09-22,playwright_network
6E,6E864,6530.00,INR,2026-09-22,playwright_network
6E,6E6318,6530.00,INR,2026-09-22,playwright_network
6E,6E6218,6530.00,INR,2026-09-22,playwright_network
6E,6E6047,6530.00,INR,2026-09-22,playwright_network
6E,6E6676,6530.00,INR,2026-09-22,playwright_network
6E,6E675,6530.00,INR,2026-09-22,playwright_network
QP,QP1833,6530.00,INR,2026-09-22,playwright_network
QP,QP1112,6530.00,INR,2026-09-22,playwright_network
QP,QP1128,6530.00,INR,2026-09-22,playwright_network
6E,6E6114,6530.00,INR,2026-09-22,playwright_network
6E,6E327,6530.00,INR,2026-09-22,playwright_network
6E,6E6328,6530.00,INR,2026-09-22,playwright_network
QP,QP1836,6530.00,INR,2026-09-22,playwright_network
QP,QP1826,6530.00,INR,2026-09-22,playwright_network
6E,6E6022,6530.00,INR,2026-09-22,playwright_network
6E,6E6107,6530.00,INR,2026-09-22,playwright_network
6E,6E6171,6562.00,INR,2026-09-22,playwright_network
6E,6E2013,6562.00,INR,2026-09-22,playwright_network
6E,6E6983,6562.00,INR,2026-09-22,playwright_network
6E,6E6261,6562.00,INR,2026-09-22,playwright_network
6E,6E2331,6562.00,INR,2026-09-22,playwright_network
6E,6E329,6583.00,INR,2026-09-22,playwright_network
6E,6E395,6583.00,INR,2026-09-22,playwright_network
6E,6E354,6583.00,INR,2026-09-22,playwright_network
AI,AI1780,6843.00,INR,2026-09-22,playwright_network
6E,6E320,6751.00,INR,2026-09-22,playwright_network
6E,6E6814,7003.00,INR,2026-09-22,playwright_network
6E,6E6479,7290.00,INR,2026-09-22,playwright_network
6E,6E6601,7991.00,INR,2026-09-22,playwright_network
6E,6E6293,7991.00,INR,2026-09-22,playwright_network
6E,6E5073,8276.00,INR,2026-09-22,playwright_network
6E,6E6443,8408.00,INR,2026-09-22,playwright_network
6E,6E5298,8486.00,INR,2026-09-22,playwright_network
IX,IX1003,9071.00,INR,2026-09-22,playwright_network
6E,6E5119,8964.00,INR,2026-09-22,playwright_network
6E,6E5206,9257.00,INR,2026-09-22,playwright_network
AI,AI2499,9526.00,INR,2026-09-22,playwright_network
IX,IX1059,9971.00,INR,2026-09-22,playwright_network
AI,AI2569,9841.00,INR,2026-09-22,playwright_network
AI,AI1717,9841.00,INR,2026-09-22,playwright_network
6E,6E5119,9721.00,INR,2026-09-22,playwright_network
6E,6E758,9931.00,INR,2026-09-22,playwright_network
AI,AI1710,10272.00,INR,2026-09-22,playwright_network
6E,6E5073,10554.00,INR,2026-09-22,playwright_network
6E,6E2076,10554.00,INR,2026-09-22,playwright_network
AI,AI1705,10834.00,INR,2026-09-22,playwright_network
6E,6E2349,10875.00,INR,2026-09-22,playwright_network
AI,AI9757,11175.00,INR,2026-09-22,playwright_network
AI,AI9759,11175.00,INR,2026-09-22,playwright_network
6E,6E6010,11210.00,INR,2026-09-22,playwright_network
6E,6E357,11715.00,INR,2026-09-22,playwright_network
IX,IX1070,12272.00,INR,2026-09-22,playwright_network
AI,AI2907,13106.00,INR,2026-09-22,playwright_network
AI,AI437,13106.00,INR,2026-09-22,playwright_network
IX,IX1817,13467.00,INR,2026-09-22,playwright_network
IX,IX1068,13571.00,INR,2026-09-22,playwright_network
IX,IX1049,14097.00,INR,2026-09-22,playwright_network
6E,6E358,14036.00,INR,2026-09-22,playwright_network
AI,AI2715,14293.00,INR,2026-09-22,playwright_network
IX,IX1049,14516.00,INR,2026-09-22,playwright_network
AI,AI809,14405.00,INR,2026-09-22,playwright_network
AI,AI2939,14405.00,INR,2026-09-22,playwright_network
AI,AI881,14405.00,INR,2026-09-22,playwright_network
AI,AI2715,14405.00,INR,2026-09-22,playwright_network
IX,IX1067,14776.00,INR,2026-09-22,playwright_network
AI,AI817,14652.00,INR,2026-09-22,playwright_network
6E,6E705,14982.00,INR,2026-09-22,playwright_network
6E,6E931,14999.00,INR,2026-09-22,playwright_network
AI,AI2499,15383.00,INR,2026-09-22,playwright_network
IX,IX1108,15651.00,INR,2026-09-22,playwright_network
AI,AI2627,15960.00,INR,2026-09-22,playwright_network
AI,AI1743,16186.00,INR,2026-09-22,playwright_network
6E,6E2381,16849.00,INR,2026-09-22,playwright_network
AI,AI1773,17416.00,INR,2026-09-22,playwright_network
AI,AI1703,17416.00,INR,2026-09-22,playwright_network
IX,IX1001,17771.00,INR,2026-09-22,playwright_network
6E,6E5014,17941.00,INR,2026-09-22,playwright_network
AI,AI2509,18177.00,INR,2026-09-22,playwright_network
IX,IX1783,18603.00,INR,2026-09-22,playwright_network
AI,AI2761,20908.00,INR,2026-09-22,playwright_network
AI,AI9920,27667.00,INR,2026-09-22,playwright_network
IX,IX1056,6529.00,INR,2026-09-28,playwright_network
IX,IX1165,6611.00,INR,2026-09-28,playwright_network
IX,IX1392,6611.00,INR,2026-09-28,playwright_network
6E,6E303,6530.00,INR,2026-09-28,playwright_network
QP,QP1119,6530.00,INR,2026-09-28,playwright_network
QP,QP1110,6530.00,INR,2026-09-28,playwright_network
QP,QP1820,6530.00,INR,2026-09-28,playwright_network
6E,6E329,6530.00,INR,2026-09-28,playwright_network
6E,6E6706,6530.00,INR,2026-09-28,playwright_network
6E,6E864,6530.00,INR,2026-09-28,playwright_network
6E,6E6318,6530.00,INR,2026-09-28,playwright_network
QP,QP1112,6530.00,INR,2026-09-28,playwright_network
QP,QP1128,6530.00,INR,2026-09-28,playwright_network
6E,6E327,6530.00,INR,2026-09-28,playwright_network
6E,6E6328,6530.00,INR,2026-09-28,playwright_network
QP,QP1836,6530.00,INR,2026-09-28,playwright_network
QP,QP1826,6530.00,INR,2026-09-28,playwright_network
6E,6E354,6530.00,INR,2026-09-28,playwright_network
6E,6E6022,6530.00,INR,2026-09-28,playwright_network
6E,6E6107,6530.00,INR,2026-09-28,playwright_network
6E,6E5014,6618.00,INR,2026-09-28,playwright_network
6E,6E5119,6618.00,INR,2026-09-28,playwright_network
6E,6E2383,6618.00,INR,2026-09-28,playwright_network
6E,6E2076,6618.00,INR,2026-09-28,playwright_network
6E,6E931,6618.00,INR,2026-09-28,playwright_network
6E,6E2013,6618.00,INR,2026-09-28,playwright_network
6E,6E6983,6618.00,INR,2026-09-28,playwright_network
6E,6E6261,6618.00,INR,2026-09-28,playwright_network
6E,6E5073,6618.00,INR,2026-09-28,playwright_network
6E,6E2331,6618.00,INR,2026-09-28,playwright_network
AI,AI1780,6843.00,INR,2026-09-28,playwright_network
6E,6E449,6688.00,INR,2026-09-28,playwright_network
6E,6E322,6688.00,INR,2026-09-28,playwright_network
6E,6E853,6688.00,INR,2026-09-28,playwright_network
6E,6E675,6688.00,INR,2026-09-28,playwright_network
6E,6E395,6688.00,INR,2026-09-28,playwright_network
QP,QP1833,6729.00,INR,2026-09-28,playwright_network
6E,6E2169,6750.00,INR,2026-09-28,playwright_network
6E,6E2249,6750.00,INR,2026-09-28,playwright_network
6E,6E6443,6750.00,INR,2026-09-28,playwright_network
6E,6E5138,6750.00,INR,2026-09-28,playwright_network
6E,6E6459,6750.00,INR,2026-09-28,playwright_network
6E,6E6433,6750.00,INR,2026-09-28,playwright_network
6E,6E6569,6750.00,INR,2026-09-28,playwright_network
6E,6E6479,6828.00,INR,2026-09-28,playwright_network
6E,6E6050,6828.00,INR,2026-09-28,playwright_network
6E,6E5038,6828.00,INR,2026-09-28,playwright_network
6E,6E6676,6898.00,INR,2026-09-28,playwright_network
6E,6E324,6898.00,INR,2026-09-28,playwright_network
6E,6E6218,6898.00,INR,2026-09-28,playwright_network
6E,6E6047,6898.00,INR,2026-09-28,playwright_network
6E,6E6601,6960.00,INR,2026-09-28,playwright_network
6E,6E6282,6960.00,INR,2026-09-28,playwright_network
6E,6E882,6960.00,INR,2026-09-28,playwright_network
6E,6E6212,6960.00,INR,2026-09-28,playwright_network
6E,6E6293,6960.00,INR,2026-09-28,playwright_network
6E,6E6497,6960.00,INR,2026-09-28,playwright_network
IX,IX1235,7513.00,INR,2026-09-28,playwright_network
6E,6E6814,7160.00,INR,2026-09-28,playwright_network
6E,6E6114,7160.00,INR,2026-09-28,playwright_network
6E,6E320,7160.00,INR,2026-09-28,playwright_network
6E,6E5206,7352.00,INR,2026-09-28,playwright_network
6E,6E6829,7849.00,INR,2026-09-28,playwright_network
IX,IX1754,8349.00,INR,2026-09-28,playwright_network
6E,6E705,8059.00,INR,2026-09-28,playwright_network
IX,IX1068,9971.00,INR,2026-09-28,playwright_network
IX,IX1059,9971.00,INR,2026-09-28,playwright_network
IX,IX1003,9971.00,INR,2026-09-28,playwright_network
6E,6E2381,10153.00,INR,2026-09-28,playwright_network
IX,IX1812,12222.00,INR,2026-09-28,playwright_network
6E,6E357,12242.00,INR,2026-09-28,playwright_network
IX,IX1082,13047.00,INR,2026-09-28,playwright_network
IX,IX1817,13047.00,INR,2026-09-28,playwright_network
6E,6E5073,12792.00,INR,2026-09-28,playwright_network
6E,6E704,12795.00,INR,2026-09-28,playwright_network
IX,IX1049,13677.00,INR,2026-09-28,playwright_network
6E,6E5298,13920.00,INR,2026-09-28,playwright_network
IX,IX1108,15914.00,INR,2026-09-28,playwright_network
IX,IX1815,17320.00,INR,2026-09-28,playwright_network
6E,6E358,16673.00,INR,2026-09-28,playwright_network
IX,IX1783,18287.00,INR,2026-09-28,playwright_network
IX,IX1001,19189.00,INR,2026-09-28,playwright_network
IX,IX1067,19396.00,INR,2026-09-28,playwright_network
IX,IX1811,20494.00,INR,2026-09-28,playwright_network
IX,IX1081,21970.00,INR,2026-09-28,playwright_network
IX,IX1049,21974.00,INR,2026-09-28,playwright_network
SG,SG2802,22301.00,INR,2026-09-28,playwright_network
SG,SG162,22301.00,INR,2026-09-28,playwright_network
IX,IX1273,22759.00,INR,2026-09-28,playwright_network
IX,IX1108,28319.00,INR,2026-09-28,playwright_network
IX,IX1165,6011.00,INR,2026-10-06,playwright_network
SG,SG162,6124.00,INR,2026-10-06,playwright_network
6E,6E5014,6090.00,INR,2026-10-06,playwright_network
6E,6E6454,6090.00,INR,2026-10-06,playwright_network
6E,6E5119,6090.00,INR,2026-10-06,playwright_network
6E,6E6171,6090.00,INR,2026-10-06,playwright_network
6E,6E2076,6090.00,INR,2026-10-06,playwright_network
6E,6E931,6090.00,INR,2026-10-06,playwright_network
6E,6E2013,6090.00,INR,2026-10-06,playwright_network
6E,6E6983,6090.00,INR,2026-10-06,playwright_network
6E,6E6261,6090.00,INR,2026-10-06,playwright_network
IX,IX1235,6529.00,INR,2026-10-06,playwright_network
6E,6E2169,6222.00,INR,2026-10-06,playwright_network
6E,6E2249,6222.00,INR,2026-10-06,playwright_network
6E,6E6829,6222.00,INR,2026-10-06,playwright_network
6E,6E6443,6222.00,INR,2026-10-06,playwright_network
6E,6E5138,6222.00,INR,2026-10-06,playwright_network
6E,6E6459,6222.00,INR,2026-10-06,playwright_network
6E,6E6433,6222.00,INR,2026-10-06,playwright_network
IX,IX1049,6611.00,INR,2026-10-06,playwright_network
IX,IX1082,6611.00,INR,2026-10-06,playwright_network
IX,IX1817,6611.00,INR,2026-10-06,playwright_network
6E,6E6479,6300.00,INR,2026-10-06,playwright_network
6E,6E758,6300.00,INR,2026-10-06,playwright_network
6E,6E6050,6300.00,INR,2026-10-06,playwright_network
6E,6E5038,6300.00,INR,2026-10-06,playwright_network
IX,IX1056,6688.00,INR,2026-10-06,playwright_network
6E,6E6601,6432.00,INR,2026-10-06,playwright_network
6E,6E6282,6432.00,INR,2026-10-06,playwright_network
6E,6E882,6432.00,INR,2026-10-06,playwright_network
6E,6E6026,6432.00,INR,2026-10-06,playwright_network
6E,6E704,6432.00,INR,2026-10-06,playwright_network
6E,6E717,6432.00,INR,2026-10-06,playwright_network
6E,6E6212,6432.00,INR,2026-10-06,playwright_network
6E,6E2381,6432.00,INR,2026-10-06,playwright_network
6E,6E324,6530.00,INR,2026-10-06,playwright_network
QP,QP1807,6530.00,INR,2026-10-06,playwright_network
6E,6E322,6530.00,INR,2026-10-06,playwright_network
6E,6E864,6530.00,INR,2026-10-06,playwright_network
6E,6E6318,6530.00,INR,2026-10-06,playwright_network
6E,6E449,6530.00,INR,2026-10-06,playwright_network
6E,6E6047,6530.00,INR,2026-10-06,playwright_network
6E,6E6676,6530.00,INR,2026-10-06,playwright_network
6E,6E675,6530.00,INR,2026-10-06,playwright_network
QP,QP1833,6530.00,INR,2026-10-06,playwright_network
QP,QP1110,6530.00,INR,2026-10-06,playwright_network
QP,QP1128,6530.00,INR,2026-10-06,playwright_network
QP,QP1820,6530.00,INR,2026-10-06,playwright_network
6E,6E353,6530.00,INR,2026-10-06,playwright_network
6E,6E6114,6530.00,INR,2026-10-06,playwright_network
6E,6E327,6530.00,INR,2026-10-06,playwright_network
6E,6E6328,6530.00,INR,2026-10-06,playwright_network
QP,QP1119,6530.00,INR,2026-10-06,playwright_network
QP,QP1826,6530.00,INR,2026-10-06,playwright_network
6E,6E6022,6530.00,INR,2026-10-06,playwright_network
6E,6E6107,6530.00,INR,2026-10-06,playwright_network
AI,AI1745,6730.00,INR,2026-10-06,playwright_network
AI,AI2678,6843.00,INR,2026-10-06,playwright_network
AI,AI2963,6843.00,INR,2026-10-06,playwright_network
AI,AI2425,6843.00,INR,2026-10-06,playwright_network
AI,AI2995,6843.00,INR,2026-10-06,playwright_network
AI,AI2945,6843.00,INR,2026-10-06,playwright_network
AI,AI2441,6843.00,INR,2026-10-06,playwright_network
AI,AI2933,6843.00,INR,2026-10-06,playwright_network
AI,AI2927,6843.00,INR,2026-10-06,playwright_network
AI,AI1780,6843.00,INR,2026-10-06,playwright_network
6E,6E6218,6688.00,INR,2026-10-06,playwright_network
6E,6E5298,6772.00,INR,2026-10-06,playwright_network
AI,AI2975,7001.00,INR,2026-10-06,playwright_network
AI,AI2439,7005.00,INR,2026-10-06,playwright_network
AI,AI1785,7012.00,INR,2026-10-06,playwright_network
6E,6E303,6898.00,INR,2026-10-06,playwright_network
6E,6E853,6898.00,INR,2026-10-06,playwright_network
6E,6E6814,6898.00,INR,2026-10-06,playwright_network
6E,6E395,6898.00,INR,2026-10-06,playwright_network
6E,6E320,6898.00,INR,2026-10-06,playwright_network
6E,6E354,6898.00,INR,2026-10-06,playwright_network
AI,AI2951,7211.00,INR,2026-10-06,playwright_network
AI,AI2981,7211.00,INR,2026-10-06,playwright_network
AI,AI2429,7211.00,INR,2026-10-06,playwright_network
AI,AI2943,7211.00,INR,2026-10-06,playwright_network
AI,AI2433,7211.00,INR,2026-10-06,playwright_network
AI,AI2999,7211.00,INR,2026-10-06,playwright_network
AI,AI2957,7211.00,INR,2026-10-06,playwright_network
6E,6E5073,7080.00,INR,2026-10-06,playwright_network
AI,AI2985,7391.00,INR,2026-10-06,playwright_network
6E,6E2113,7290.00,INR,2026-10-06,playwright_network
6E,6E6706,7475.00,INR,2026-10-06,playwright_network
AI,AI441,7788.00,INR,2026-10-06,playwright_network
6E,6E5073,7650.00,INR,2026-10-06,playwright_network
SG,SG2802,7914.00,INR,2026-10-06,playwright_network
AI,AI2977,7929.00,INR,2026-10-06,playwright_network
IX,IX2749,8349.00,INR,2026-10-06,playwright_network
IX,IX1059,9071.00,INR,2026-10-06,playwright_network
IX,IX1064,9071.00,INR,2026-10-06,playwright_network
IX,IX1783,9071.00,INR,2026-10-06,playwright_network
IX,IX1057,9071.00,INR,2026-10-06,playwright_network
AI,AI2499,9526.00,INR,2026-10-06,playwright_network
IX,IX1812,9971.00,INR,2026-10-06,playwright_network
6E,6E2349,9657.00,INR,2026-10-06,playwright_network
6E,6E358,10141.00,INR,2026-10-06,playwright_network
AI,AI9757,11175.00,INR,2026-10-06,playwright_network
AI,AI9759,11175.00,INR,2026-10-06,playwright_network
AI,AI9920,11484.00,INR,2026-10-06,playwright_network
IX,IX1081,12012.00,INR,2026-10-06,playwright_network
IX,IX1076,12012.00,INR,2026-10-06,playwright_network
IX,IX1067,12012.00,INR,2026-10-06,playwright_network
IX,IX1108,12235.00,INR,2026-10-06,playwright_network
AI,AI9418,12723.00,INR,2026-10-06,playwright_network
IX,IX1108,13258.00,INR,2026-10-06,playwright_network
IX,IX1068,13394.00,INR,2026-10-06,playwright_network
6E,6E6021,13212.00,INR,2026-10-06,playwright_network
6E,6E329,13618.00,INR,2026-10-06,playwright_network
AI,AI2715,14293.00,INR,2026-10-06,playwright_network
AI,AI809,14405.00,INR,2026-10-06,playwright_network
AI,AI2939,14405.00,INR,2026-10-06,playwright_network
AI,AI2509,14561.00,INR,2026-10-06,playwright_network
AI,AI9584,14744.00,INR,2026-10-06,playwright_network
AI,AI2509,15297.00,INR,2026-10-06,playwright_network
AI,AI885,15350.00,INR,2026-10-06,playwright_network
AI,AI1743,16186.00,INR,2026-10-06,playwright_network
IX,IX1815,16690.00,INR,2026-10-06,playwright_network
AI,AI2907,16781.00,INR,2026-10-06,playwright_network
AI,AI1780,17042.00,INR,2026-10-06,playwright_network
AI,AI1773,17938.00,INR,2026-10-06,playwright_network
AI,AI1703,17938.00,INR,2026-10-06,playwright_network
AI,AI2761,18475.00,INR,2026-10-06,playwright_network
AI,AI2577,19336.00,INR,2026-10-06,playwright_network
AI,AI2859,19336.00,INR,2026-10-06,playwright_network
AI,AI2465,19759.00,INR,2026-10-06,playwright_network
AI,AI427,19850.00,INR,2026-10-06,playwright_network
AI,AI2653,19999.00,INR,2026-10-06,playwright_network
AI,AI1779,20423.00,INR,2026-10-06,playwright_network
AI,AI1739,20885.00,INR,2026-10-06,playwright_network
AI,AI2627,24322.00,INR,2026-10-06,playwright_network
IX,IX1165,6245.00,INR,2026-10-21,playwright_network
IX,IX1392,6245.00,INR,2026-10-21,playwright_network
IX,IX1056,6529.00,INR,2026-10-21,playwright_network
IX,IX1235,6529.00,INR,2026-10-21,playwright_network
SG,SG162,6528.00,INR,2026-10-21,playwright_network
QP,QP1820,6530.00,INR,2026-10-21,playwright_network
SG,SG9091,6892.00,INR,2026-10-21,playwright_network
SG,SG802,6892.00,INR,2026-10-21,playwright_network
IX,IX1082,7090.00,INR,2026-10-21,playwright_network
QP,QP1128,6977.00,INR,2026-10-21,playwright_network
QP,QP1119,6977.00,INR,2026-10-21,playwright_network
6E,6E324,7019.00,INR,2026-10-21,playwright_network
6E,6E322,7019.00,INR,2026-10-21,playwright_network
6E,6E6318,7019.00,INR,2026-10-21,playwright_network
6E,6E449,7019.00,INR,2026-10-21,playwright_network
6E,6E6218,7019.00,INR,2026-10-21,playwright_network
6E,6E6047,7019.00,INR,2026-10-21,playwright_network
6E,6E6676,7019.00,INR,2026-10-21,playwright_network
6E,6E675,7019.00,INR,2026-10-21,playwright_network
6E,6E353,7019.00,INR,2026-10-21,playwright_network
6E,6E6114,7019.00,INR,2026-10-21,playwright_network
6E,6E395,7019.00,INR,2026-10-21,playwright_network
6E,6E327,7019.00,INR,2026-10-21,playwright_network
6E,6E6328,7019.00,INR,2026-10-21,playwright_network
6E,6E6022,7019.00,INR,2026-10-21,playwright_network
6E,6E6107,7019.00,INR,2026-10-21,playwright_network
QP,QP1833,7103.00,INR,2026-10-21,playwright_network
QP,QP1110,7103.00,INR,2026-10-21,playwright_network
6E,6E5073,7120.00,INR,2026-10-21,playwright_network
6E,6E5119,7120.00,INR,2026-10-21,playwright_network
6E,6E931,7120.00,INR,2026-10-21,playwright_network
6E,6E2013,7120.00,INR,2026-10-21,playwright_network
6E,6E6261,7120.00,INR,2026-10-21,playwright_network
AI,AI2678,7332.00,INR,2026-10-21,playwright_network
AI,AI2963,7332.00,INR,2026-10-21,playwright_network
AI,AI2975,7332.00,INR,2026-10-21,playwright_network
AI,AI2425,7332.00,INR,2026-10-21,playwright_network
AI,AI2941,7332.00,INR,2026-10-21,playwright_network
AI,AI1745,7332.00,INR,2026-10-21,playwright_network
AI,AI2995,7332.00,INR,2026-10-21,playwright_network
AI,AI2945,7332.00,INR,2026-10-21,playwright_network
AI,AI2999,7332.00,INR,2026-10-21,playwright_network
AI,AI2927,7332.00,INR,2026-10-21,playwright_network
6E,6E2169,7252.00,INR,2026-10-21,playwright_network
6E,6E2249,7252.00,INR,2026-10-21,playwright_network
6E,6E6829,7252.00,INR,2026-10-21,playwright_network
6E,6E6459,7252.00,INR,2026-10-21,playwright_network
6E,6E6433,7252.00,INR,2026-10-21,playwright_network
AI,AI2433,7516.00,INR,2026-10-21,playwright_network
AI,AI1777,7516.00,INR,2026-10-21,playwright_network
AI,AI1785,7516.00,INR,2026-10-21,playwright_network
6E,6E6479,7330.00,INR,2026-10-21,playwright_network
6E,6E758,7330.00,INR,2026-10-21,playwright_network
6E,6E2113,7330.00,INR,2026-10-21,playwright_network
6E,6E6050,7330.00,INR,2026-10-21,playwright_network
6E,6E5038,7330.00,INR,2026-10-21,playwright_network
QP,QP1826,7366.00,INR,2026-10-21,playwright_network
AI,AI2439,7637.00,INR,2026-10-21,playwright_network
6E,6E303,7469.00,INR,2026-10-21,playwright_network
6E,6E853,7469.00,INR,2026-10-21,playwright_network
6E,6E329,7469.00,INR,2026-10-21,playwright_network
6E,6E6706,7469.00,INR,2026-10-21,playwright_network
6E,6E6814,7469.00,INR,2026-10-21,playwright_network
6E,6E354,7469.00,INR,2026-10-21,playwright_network
6E,6E357,7540.00,INR,2026-10-21,playwright_network
AI,AI2951,7782.00,INR,2026-10-21,playwright_network
AI,AI2981,7782.00,INR,2026-10-21,playwright_network
AI,AI2429,7782.00,INR,2026-10-21,playwright_network
AI,AI2441,7782.00,INR,2026-10-21,playwright_network
AI,AI441,7782.00,INR,2026-10-21,playwright_network
AI,AI2957,7782.00,INR,2026-10-21,playwright_network
6E,6E5014,7695.00,INR,2026-10-21,playwright_network
6E,6E2076,7695.00,INR,2026-10-21,playwright_network
AI,AI2985,7980.00,INR,2026-10-21,playwright_network
AI,AI2943,7980.00,INR,2026-10-21,playwright_network
6E,6E6443,7826.00,INR,2026-10-21,playwright_network
6E,6E5138,7826.00,INR,2026-10-21,playwright_network
AI,AI2805,8110.00,INR,2026-10-21,playwright_network
6E,6E2381,8036.00,INR,2026-10-21,playwright_network
6E,6E864,8069.00,INR,2026-10-21,playwright_network
6E,6E320,8069.00,INR,2026-10-21,playwright_network
AI,AI2977,8307.00,INR,2026-10-21,playwright_network
AI,AI2955,8307.00,INR,2026-10-21,playwright_network
6E,6E6171,8325.00,INR,2026-10-21,playwright_network
6E,6E6983,8325.00,INR,2026-10-21,playwright_network
AI,AI2933,8570.00,INR,2026-10-21,playwright_network
6E,6E5298,8535.00,INR,2026-10-21,playwright_network
6E,6E882,8666.00,INR,2026-10-21,playwright_network
IX,IX1817,9071.00,INR,2026-10-21,playwright_network
AI,AI2569,9526.00,INR,2026-10-21,playwright_network
AI,AI1710,9526.00,INR,2026-10-21,playwright_network
6E,6E6601,9360.00,INR,2026-10-21,playwright_network
6E,6E705,9360.00,INR,2026-10-21,playwright_network
6E,6E358,9439.00,INR,2026-10-21,playwright_network
IX,IX1108,9971.00,INR,2026-10-21,playwright_network
AI,AI2499,9957.00,INR,2026-10-21,playwright_network
AI,AI1717,9957.00,INR,2026-10-21,playwright_network
6E,6E2349,9846.00,INR,2026-10-21,playwright_network
6E,6E6282,10121.00,INR,2026-10-21,playwright_network
6E,6E717,10121.00,INR,2026-10-21,playwright_network
6E,6E6212,10121.00,INR,2026-10-21,playwright_network
IX,IX1049,10551.00,INR,2026-10-21,playwright_network
AI,AI1719,10735.00,INR,2026-10-21,playwright_network
AI,AI2761,10735.00,INR,2026-10-21,playwright_network
IX,IX1783,10870.00,INR,2026-10-21,playwright_network
IX,IX1057,10870.00,INR,2026-10-21,playwright_network
AI,AI1705,10834.00,INR,2026-10-21,playwright_network
AI,AI9757,11175.00,INR,2026-10-21,playwright_network
AI,AI9759,11385.00,INR,2026-10-21,playwright_network
AI,AI9447,11595.00,INR,2026-10-21,playwright_network
6E,6E704,11880.00,INR,2026-10-21,playwright_network
IX,IX1064,12222.00,INR,2026-10-21,playwright_network
AI,AI2509,12172.00,INR,2026-10-21,playwright_network
AI,AI9674,12723.00,INR,2026-10-21,playwright_network
AI,AI9418,12723.00,INR,2026-10-21,playwright_network
IX,IX2749,13867.00,INR,2026-10-21,playwright_network
AI,AI809,14405.00,INR,2026-10-21,playwright_network
IX,IX1273,14722.00,INR,2026-10-21,playwright_network
IX,IX1067,14722.00,INR,2026-10-21,playwright_network
IX,IX1068,14834.00,INR,2026-10-21,playwright_network
AI,AI2761,14760.00,INR,2026-10-21,playwright_network
IX,IX1811,15191.00,INR,2026-10-21,playwright_network
IX,IX1081,15249.00,INR,2026-10-21,playwright_network
AI,AI1710,15383.00,INR,2026-10-21,playwright_network
AI,AI1743,16186.00,INR,2026-10-21,playwright_network
AI,AI2601,16186.00,INR,2026-10-21,playwright_network
IX,IX1076,16721.00,INR,2026-10-21,playwright_network
AI,AI2907,16781.00,INR,2026-10-21,playwright_network
IX,IX1059,17133.00,INR,2026-10-21,playwright_network
AI,AI9584,17054.00,INR,2026-10-21,playwright_network
AI,AI2577,19336.00,INR,2026-10-21,playwright_network
AI,AI2465,19759.00,INR,2026-10-21,playwright_network
IX,IX1812,21171.00,INR,2026-10-21,playwright_network
IX,IX1815,21171.00,INR,2026-10-21,playwright_network
AI,AI1779,20863.00,INR,2026-10-21,playwright_network
AI,AI2627,20923.00,INR,2026-10-21,playwright_network
AI,AI1739,23666.00,INR,2026-10-21,playwright_network
IX,IX1782,24170.00,INR,2026-10-21,playwright_network
SG,SG612,6528.00,INR,2026-11-05,playwright_network
SG,SG510,6528.00,INR,2026-11-05,playwright_network
SG,SG475,6528.00,INR,2026-11-05,playwright_network
SG,SG603,6528.00,INR,2026-11-05,playwright_network
IX,IX1056,6688.00,INR,2026-11-05,playwright_network
IX,IX1235,6898.00,INR,2026-11-05,playwright_network
IX,IX1021,7094.00,INR,2026-11-05,playwright_network
6E,6E353,7019.00,INR,2026-11-05,playwright_network
6E,6E6114,7019.00,INR,2026-11-05,playwright_network
6E,6E395,7019.00,INR,2026-11-05,playwright_network
6E,6E853,7019.00,INR,2026-11-05,playwright_network
6E,6E328,7019.00,INR,2026-11-05,playwright_network
6E,6E6706,7019.00,INR,2026-11-05,playwright_network
6E,6E327,7019.00,INR,2026-11-05,playwright_network
6E,6E864,7019.00,INR,2026-11-05,playwright_network
6E,6E6318,7019.00,INR,2026-11-05,playwright_network
6E,6E6022,7019.00,INR,2026-11-05,playwright_network
6E,6E324,7019.00,INR,2026-11-05,playwright_network
6E,6E449,7019.00,INR,2026-11-05,playwright_network
6E,6E6218,7019.00,INR,2026-11-05,playwright_network
6E,6E320,7019.00,INR,2026-11-05,playwright_network
6E,6E6107,7019.00,INR,2026-11-05,playwright_network
6E,6E6328,7019.00,INR,2026-11-05,playwright_network
6E,6E6047,7019.00,INR,2026-11-05,playwright_network
6E,6E6676,7019.00,INR,2026-11-05,playwright_network
6E,6E675,7019.00,INR,2026-11-05,playwright_network
6E,6E6051,7019.00,INR,2026-11-05,playwright_network
QP,QP1112,7103.00,INR,2026-11-05,playwright_network
QP,QP1116,7103.00,INR,2026-11-05,playwright_network
QP,QP1118,7103.00,INR,2026-11-05,playwright_network
6E,6E6787,7120.00,INR,2026-11-05,playwright_network
6E,6E6878,7120.00,INR,2026-11-05,playwright_network
6E,6E6220,7120.00,INR,2026-11-05,playwright_network
6E,6E303,7169.00,INR,2026-11-05,playwright_network
6E,6E354,7169.00,INR,2026-11-05,playwright_network
QP,QP1114,7233.00,INR,2026-11-05,playwright_network
QP,QP1805,7233.00,INR,2026-11-05,playwright_network
6E,6E6569,7252.00,INR,2026-11-05,playwright_network
6E,6E6004,7252.00,INR,2026-11-05,playwright_network
AI,AI2963,7489.00,INR,2026-11-05,playwright_network
AI,AI2425,7489.00,INR,2026-11-05,playwright_network
AI,AI887,7489.00,INR,2026-11-05,playwright_network
AI,AI2573,7489.00,INR,2026-11-05,playwright_network
AI,AI2975,7489.00,INR,2026-11-05,playwright_network
AI,AI2927,7489.00,INR,2026-11-05,playwright_network
AI,AI2945,7489.00,INR,2026-11-05,playwright_network
AI,AI2587,7489.00,INR,2026-11-05,playwright_network
AI,AI2987,7489.00,INR,2026-11-05,playwright_network
AI,AI2941,7489.00,INR,2026-11-05,playwright_network
AI,AI441,7489.00,INR,2026-11-05,playwright_network
AI,AI2555,7489.00,INR,2026-11-05,playwright_network
AI,AI2981,7489.00,INR,2026-11-05,playwright_network
AI,AI2999,7489.00,INR,2026-11-05,playwright_network
AI,AI2437,7489.00,INR,2026-11-05,playwright_network
6E,6E5225,7330.00,INR,2026-11-05,playwright_network
AI,AI2678,7615.00,INR,2026-11-05,playwright_network
AI,AI2957,7615.00,INR,2026-11-05,playwright_network
AI,AI2933,7639.00,INR,2026-11-05,playwright_network
6E,6E5058,7462.00,INR,2026-11-05,playwright_network
6E,6E6601,7462.00,INR,2026-11-05,playwright_network
6E,6E705,7462.00,INR,2026-11-05,playwright_network
6E,6E2303,7462.00,INR,2026-11-05,playwright_network
6E,6E329,7469.00,INR,2026-11-05,playwright_network
6E,6E6814,7469.00,INR,2026-11-05,playwright_network
AI,AI2943,7677.00,INR,2026-11-05,playwright_network
6E,6E358,7540.00,INR,2026-11-05,playwright_network
AI,AI2439,7802.00,INR,2026-11-05,playwright_network
AI,AI2985,7832.00,INR,2026-11-05,playwright_network
AI,AI2433,7865.00,INR,2026-11-05,playwright_network
6E,6E907,7695.00,INR,2026-11-05,playwright_network
6E,6E2164,7695.00,INR,2026-11-05,playwright_network
6E,6E2105,7695.00,INR,2026-11-05,playwright_network
6E,6E6787,7695.00,INR,2026-11-05,playwright_network
AI,AI2805,7961.00,INR,2026-11-05,playwright_network
AI,AI2955,7990.00,INR,2026-11-05,playwright_network
AI,AI2977,8025.00,INR,2026-11-05,playwright_network
AI,AI2951,8117.00,INR,2026-11-05,playwright_network
AI,AI2429,8276.00,INR,2026-11-05,playwright_network
6E,6E907,8325.00,INR,2026-11-05,playwright_network
6E,6E2402,8456.00,INR,2026-11-05,playwright_network
6E,6E6488,8456.00,INR,2026-11-05,playwright_network
6E,6E2289,9019.00,INR,2026-11-05,playwright_network
6E,6E2298,9019.00,INR,2026-11-05,playwright_network
6E,6E717,9360.00,INR,2026-11-05,playwright_network
6E,6E6212,9360.00,INR,2026-11-05,playwright_network
6E,6E704,9360.00,INR,2026-11-05,playwright_network
6E,6E6293,9360.00,INR,2026-11-05,playwright_network
IX,IX2241,9800.00,INR,2026-11-05,playwright_network
IX,IX1385,10347.00,INR,2026-11-05,playwright_network
IX,IX1392,10347.00,INR,2026-11-05,playwright_network
6E,6E2013,10618.00,INR,2026-11-05,playwright_network
IX,IX1082,11136.00,INR,2026-11-05,playwright_network
IX,IX2237,11136.00,INR,2026-11-05,playwright_network
IX,IX1196,11185.00,INR,2026-11-05,playwright_network
6E,6E6050,10907.00,INR,2026-11-05,playwright_network
IX,IX1108,11264.00,INR,2026-11-05,playwright_network
IX,IX1021,11264.00,INR,2026-11-05,playwright_network
AI,AI2545,11837.00,INR,2026-11-05,playwright_network
AI,AI2577,11837.00,INR,2026-11-05,playwright_network
AI,AI1705,12740.00,INR,2026-11-05,playwright_network
6E,6E5252,12552.00,INR,2026-11-05,playwright_network
6E,6E5375,12657.00,INR,2026-11-05,playwright_network
6E,6E6699,12683.00,INR,2026-11-05,playwright_network
AI,AI9567,13099.00,INR,2026-11-05,playwright_network
6E,6E6808,13021.00,INR,2026-11-05,playwright_network
IX,IX1979,14194.00,INR,2026-11-05,playwright_network
6E,6E428,13877.00,INR,2026-11-05,playwright_network
AI,AI9581,14288.00,INR,2026-11-05,playwright_network
AI,AI2645,14503.00,INR,2026-11-05,playwright_network
AI,AI2499,14753.00,INR,2026-11-05,playwright_network
AI,AI2643,16449.00,INR,2026-11-05,playwright_network
IX,IX1286,16880.00,INR,2026-11-05,playwright_network
IX,IX1059,16817.00,INR,2026-11-05,playwright_network
IX,IX2222,16817.00,INR,2026-11-05,playwright_network
IX,IX1064,16817.00,INR,2026-11-05,playwright_network
IX,IX1057,16817.00,INR,2026-11-05,playwright_network
AI,AI2495,16733.00,INR,2026-11-05,playwright_network
AI,AI487,16751.00,INR,2026-11-05,playwright_network
IX,IX1064,17237.00,INR,2026-11-05,playwright_network
IX,IX1525,17378.00,INR,2026-11-05,playwright_network
IX,IX1261,17378.00,INR,2026-11-05,playwright_network
AI,AI1715,17252.00,INR,2026-11-05,playwright_network
AI,AI9633,17562.00,INR,2026-11-05,playwright_network
AI,AI2581,17718.00,INR,2026-11-05,playwright_network
AI,AI1768,18693.00,INR,2026-11-05,playwright_network
6E,6E5025,19088.00,INR,2026-11-05,playwright_network
IX,IX1067,21814.00,INR,2026-11-05,playwright_network
AI,AI1712,21728.00,INR,2026-11-05,playwright_network
IX,IX1046,23268.00,INR,2026-11-05,playwright_network
IX,IX1274,23074.00,INR,2026-11-05,playwright_network
IX,IX1076,23074.00,INR,2026-11-05,playwright_network
AI,AI1766,23206.00,INR,2026-11-05,playwright_network
AI,AI1737,23546.00,INR,2026-11-05,playwright_network
IX,IX2764,25224.00,INR,2026-11-05,playwright_network
6E,6E2250,24360.00,INR,2026-11-05,playwright_network
6E,6E5241,6369.00,INR,2026-09-22,playwright_network
6E,6E6361,6369.00,INR,2026-09-22,playwright_network
6E,6E230,6369.00,INR,2026-09-22,playwright_network
6E,6E6599,6386.00,INR,2026-09-22,playwright_network
IX,IX5985,6807.00,INR,2026-09-22,playwright_network
6E,6E673,6500.00,INR,2026-09-22,playwright_network
6E,6E5126,6710.00,INR,2026-09-22,playwright_network
6E,6E5337,6710.00,INR,2026-09-22,playwright_network
6E,6E6701,6710.00,INR,2026-09-22,playwright_network
6E,6E5048,6710.00,INR,2026-09-22,playwright_network
6E,6E437,6710.00,INR,2026-09-22,playwright_network
6E,6E6349,6710.00,INR,2026-09-22,playwright_network
6E,6E5188,6710.00,INR,2026-09-22,playwright_network
6E,6E5109,6710.00,INR,2026-09-22,playwright_network
6E,6E2284,6710.00,INR,2026-09-22,playwright_network
6E,6E240,6710.00,INR,2026-09-22,playwright_network
6E,6E5313,6710.00,INR,2026-09-22,playwright_network
IX,IX1026,7200.00,INR,2026-09-22,playwright_network
IX,IX1801,7200.00,INR,2026-09-22,playwright_network
6E,6E5178,7000.00,INR,2026-09-22,playwright_network
6E,6E5071,7062.00,INR,2026-09-22,playwright_network
6E,6E5382,7062.00,INR,2026-09-22,playwright_network
6E,6E5184,7062.00,INR,2026-09-22,playwright_network
6E,6E5217,7062.00,INR,2026-09-22,playwright_network
AI,AI2632,7322.00,INR,2026-09-22,playwright_network
AI,AI2853,7322.00,INR,2026-09-22,playwright_network
QP,QP1527,7199.00,INR,2026-09-22,playwright_network
6E,6E2016,7210.00,INR,2026-09-22,playwright_network
6E,6E5092,7377.00,INR,2026-09-22,playwright_network
6E,6E5082,7420.00,INR,2026-09-22,playwright_network
AI,AI2812,7637.00,INR,2026-09-22,playwright_network
QP,QP1149,7495.00,INR,2026-09-22,playwright_network
QP,QP1382,7495.00,INR,2026-09-22,playwright_network
QP,QP1518,7495.00,INR,2026-09-22,playwright_network
QP,QP1133,7495.00,INR,2026-09-22,playwright_network
6E,6E5123,7683.00,INR,2026-09-22,playwright_network
AI,AI2863,7895.00,INR,2026-09-22,playwright_network
IX,IX1237,8050.00,INR,2026-09-22,playwright_network
IX,IX1797,8050.00,INR,2026-09-22,playwright_network
6E,6E632,7761.00,INR,2026-09-22,playwright_network
QP,QP1516,7807.00,INR,2026-09-22,playwright_network
QP,QP1131,7807.00,INR,2026-09-22,playwright_network
6E,6E5294,7962.00,INR,2026-09-22,playwright_network
AI,AI603,8253.00,INR,2026-09-22,playwright_network
IX,IX1242,8409.00,INR,2026-09-22,playwright_network
IX,IX1238,8409.00,INR,2026-09-22,playwright_network
6E,6E5296,8112.00,INR,2026-09-22,playwright_network
AI,AI2857,8372.00,INR,2026-09-22,playwright_network
6E,6E5388,8532.00,INR,2026-09-22,playwright_network
AI,AI2603,9096.00,INR,2026-09-22,playwright_network
6E,6E5193,9057.00,INR,2026-09-22,playwright_network
6E,6E5323,9350.00,INR,2026-09-22,playwright_network
6E,6E5178,9553.00,INR,2026-09-22,playwright_network
6E,6E5196,9763.00,INR,2026-09-22,playwright_network
6E,6E5107,9763.00,INR,2026-09-22,playwright_network
6E,6E5337,9763.00,INR,2026-09-22,playwright_network
6E,6E2237,9763.00,INR,2026-09-22,playwright_network
IX,IX1280,10329.00,INR,2026-09-22,playwright_network
6E,6E5313,10057.00,INR,2026-09-22,playwright_network
6E,6E5221,10107.00,INR,2026-09-22,playwright_network
6E,6E6057,10314.00,INR,2026-09-22,playwright_network
IX,IX1797,11260.00,INR,2026-09-22,playwright_network
AI,AI639,10667.00,INR,2026-09-22,playwright_network
IX,IX1238,10801.00,INR,2026-09-22,playwright_network
AI,AI639,10868.00,INR,2026-09-22,playwright_network
AI,AI681,11061.00,INR,2026-09-22,playwright_network
AI,AI2780,11081.00,INR,2026-09-22,playwright_network
AI,AI2849,11126.00,INR,2026-09-22,playwright_network
AI,AI2641,11126.00,INR,2026-09-22,playwright_network
AI,AI2745,11321.00,INR,2026-09-22,playwright_network
AI,AI681,11378.00,INR,2026-09-22,playwright_network
6E,6E5386,11240.00,INR,2026-09-22,playwright_network
6E,6E5228,11240.00,INR,2026-09-22,playwright_network
IX,IX1797,12170.00,INR,2026-09-22,playwright_network
6E,6E5201,11450.00,INR,2026-09-22,playwright_network
6E,6E5228,12211.00,INR,2026-09-22,playwright_network
6E,6E5386,12211.00,INR,2026-09-22,playwright_network
AI,AI2787,13029.00,INR,2026-09-22,playwright_network
6E,6E261,13048.00,INR,2026-09-22,playwright_network
AI,AI2491,13447.00,INR,2026-09-22,playwright_network
IX,IX1023,14650.00,INR,2026-09-22,playwright_network
IX,IX1050,14482.00,INR,2026-09-22,playwright_network
IX,IX1809,15084.00,INR,2026-09-22,playwright_network
6E,6E6188,14517.00,INR,2026-09-22,playwright_network
6E,6E5047,14517.00,INR,2026-09-22,playwright_network
6E,6E5181,14794.00,INR,2026-09-22,playwright_network
AI,AI816,15721.00,INR,2026-09-22,playwright_network
AI,AI2988,16192.00,INR,2026-09-22,playwright_network
AI,AI2865,16986.00,INR,2026-09-22,playwright_network
AI,AI2851,16986.00,INR,2026-09-22,playwright_network
AI,AI2401,17777.00,INR,2026-09-22,playwright_network
AI,AI2855,17894.00,INR,2026-09-22,playwright_network
AI,AI2471,18364.00,INR,2026-09-22,playwright_network
AI,AI435,18711.00,INR,2026-09-22,playwright_network
AI,AI2821,19264.00,INR,2026-09-22,playwright_network
6E,6E5318,19524.00,INR,2026-09-22,playwright_network
AI,AI2531,20091.00,INR,2026-09-22,playwright_network
AI,AI2741,21948.00,INR,2026-09-22,playwright_network
AI,AI2619,26202.00,INR,2026-09-22,playwright_network
AI,AI2663,27378.00,INR,2026-09-22,playwright_network
6E,6E5323,5430.00,INR,2026-09-28,playwright_network
6E,6E5294,5430.00,INR,2026-09-28,playwright_network
AI,AI2857,5639.00,INR,2026-09-28,playwright_network
QP,QP1384,5673.00,INR,2026-09-28,playwright_network
AI,AI2410,6506.00,INR,2026-09-28,playwright_network
QP,QP1516,6644.00,INR,2026-09-28,playwright_network
QP,QP1382,6644.00,INR,2026-09-28,playwright_network
QP,QP1527,6644.00,INR,2026-09-28,playwright_network
AI,AI2812,6934.00,INR,2026-09-28,playwright_network
QP,QP1518,6914.00,INR,2026-09-28,playwright_network
QP,QP1133,6914.00,INR,2026-09-28,playwright_network
6E,6E5193,7062.00,INR,2026-09-28,playwright_network
6E,6E6188,7062.00,INR,2026-09-28,playwright_network
6E,6E5047,7062.00,INR,2026-09-28,playwright_network
6E,6E5382,7062.00,INR,2026-09-28,playwright_network
6E,6E5184,7062.00,INR,2026-09-28,playwright_network
6E,6E5221,7062.00,INR,2026-09-28,playwright_network
6E,6E5296,7062.00,INR,2026-09-28,playwright_network
6E,6E5217,7062.00,INR,2026-09-28,playwright_network
6E,6E5388,7062.00,INR,2026-09-28,playwright_network
AI,AI2401,7322.00,INR,2026-09-28,playwright_network
AI,AI2865,7322.00,INR,2026-09-28,playwright_network
6E,6E5241,7243.00,INR,2026-09-28,playwright_network
6E,6E6361,7243.00,INR,2026-09-28,playwright_network
6E,6E261,7243.00,INR,2026-09-28,playwright_network
6E,6E230,7243.00,INR,2026-09-28,playwright_network
AI,AI2851,7445.00,INR,2026-09-28,playwright_network
AI,AI2603,7568.00,INR,2026-09-28,playwright_network
AI,AI2641,7568.00,INR,2026-09-28,playwright_network
AI,AI2849,7568.00,INR,2026-09-28,playwright_network
6E,6E5386,7374.00,INR,2026-09-28,playwright_network
6E,6E5178,7374.00,INR,2026-09-28,playwright_network
6E,6E6057,7374.00,INR,2026-09-28,playwright_network
6E,6E5228,7374.00,INR,2026-09-28,playwright_network
6E,6E5318,7374.00,INR,2026-09-28,playwright_network
6E,6E5092,7377.00,INR,2026-09-28,playwright_network
6E,6E6802,7505.00,INR,2026-09-28,playwright_network
6E,6E136,7584.00,INR,2026-09-28,playwright_network
6E,6E673,7584.00,INR,2026-09-28,playwright_network
6E,6E5196,7584.00,INR,2026-09-28,playwright_network
6E,6E5126,7584.00,INR,2026-09-28,playwright_network
6E,6E5337,7584.00,INR,2026-09-28,playwright_network
6E,6E5107,7584.00,INR,2026-09-28,playwright_network
6E,6E6701,7584.00,INR,2026-09-28,playwright_network
6E,6E5048,7584.00,INR,2026-09-28,playwright_network
6E,6E437,7584.00,INR,2026-09-28,playwright_network
6E,6E6349,7584.00,INR,2026-09-28,playwright_network
6E,6E5188,7584.00,INR,2026-09-28,playwright_network
6E,6E5313,7584.00,INR,2026-09-28,playwright_network
6E,6E5109,7584.00,INR,2026-09-28,playwright_network
6E,6E2237,7584.00,INR,2026-09-28,playwright_network
6E,6E240,7584.00,INR,2026-09-28,playwright_network
6E,6E5204,7584.00,INR,2026-09-28,playwright_network
AI,AI2863,7895.00,INR,2026-09-28,playwright_network
AI,AI2853,7895.00,INR,2026-09-28,playwright_network
6E,6E6599,7715.00,INR,2026-09-28,playwright_network
IX,IX1810,8050.00,INR,2026-09-28,playwright_network
IX,IX1026,8050.00,INR,2026-09-28,playwright_network
IX,IX1797,8050.00,INR,2026-09-28,playwright_network
IX,IX1801,8050.00,INR,2026-09-28,playwright_network
6E,6E5082,7785.00,INR,2026-09-28,playwright_network
6E,6E632,8126.00,INR,2026-09-28,playwright_network
IX,IX1280,8998.00,INR,2026-09-28,playwright_network
AI,AI2632,8944.00,INR,2026-09-28,playwright_network
AI,AI2619,9695.00,INR,2026-09-28,playwright_network
AI,AI2869,9695.00,INR,2026-09-28,playwright_network
AI,AI2875,9695.00,INR,2026-09-28,playwright_network
AI,AI2869,9894.00,INR,2026-09-28,playwright_network
AI,AI2875,9894.00,INR,2026-09-28,playwright_network
AI,AI2619,9894.00,INR,2026-09-28,playwright_network
AI,AI2531,10005.00,INR,2026-09-28,playwright_network
IX,IX1237,10329.00,INR,2026-09-28,playwright_network
AI,AI2531,10454.00,INR,2026-09-28,playwright_network
IX,IX1242,10651.00,INR,2026-09-28,playwright_network
AI,AI2780,10667.00,INR,2026-09-28,playwright_network
AI,AI639,10667.00,INR,2026-09-28,playwright_network
AI,AI2827,10667.00,INR,2026-09-28,playwright_network
AI,AI2821,10898.00,INR,2026-09-28,playwright_network
AI,AI2855,11061.00,INR,2026-09-28,playwright_network
AI,AI435,11081.00,INR,2026-09-28,playwright_network
IX,IX1238,11431.00,INR,2026-09-28,playwright_network
AI,AI2787,12074.00,INR,2026-09-28,playwright_network
IX,IX1026,13164.00,INR,2026-09-28,playwright_network
IX,IX1023,14149.00,INR,2026-09-28,playwright_network
IX,IX1809,14149.00,INR,2026-09-28,playwright_network
IX,IX1050,13874.00,INR,2026-09-28,playwright_network
IX,IX1671,14072.00,INR,2026-09-28,playwright_network
AI,AI2745,14133.00,INR,2026-09-28,playwright_network
AI,AI2442,15562.00,INR,2026-09-28,playwright_network
AI,AI2952,15562.00,INR,2026-09-28,playwright_network
AI,AI2419,15562.00,INR,2026-09-28,playwright_network
AI,AI2432,16425.00,INR,2026-09-28,playwright_network
AI,AI2471,17104.00,INR,2026-09-28,playwright_network
AI,AI2422,17935.00,INR,2026-09-28,playwright_network
AI,AI2477,17936.00,INR,2026-09-28,playwright_network
AI,AI2771,19456.00,INR,2026-09-28,playwright_network
AI,AI2677,19565.00,INR,2026-09-28,playwright_network
AI,AI2741,21948.00,INR,2026-09-28,playwright_network
AI,AI2663,23843.00,INR,2026-09-28,playwright_network
AI,AI2928,26194.00,INR,2026-09-28,playwright_network
AI,AI2420,27071.00,INR,2026-09-28,playwright_network
IX,IX1238,5140.00,INR,2026-10-06,playwright_network
IX,IX5986,5250.00,INR,2026-10-06,playwright_network
QP,QP1149,5050.00,INR,2026-10-06,playwright_network
QP,QP1516,5050.00,INR,2026-10-06,playwright_network
6E,6E5323,5050.00,INR,2026-10-06,playwright_network
6E,6E5294,5050.00,INR,2026-10-06,playwright_network
AI,AI2857,5261.00,INR,2026-10-06,playwright_network
AI,AI2845,5310.00,INR,2026-10-06,playwright_network
6E,6E6361,5122.00,INR,2026-10-06,playwright_network
6E,6E230,5122.00,INR,2026-10-06,playwright_network
6E,6E5241,5122.00,INR,2026-10-06,playwright_network
6E,6E5178,5253.00,INR,2026-10-06,playwright_network
6E,6E6057,5253.00,INR,2026-10-06,playwright_network
6E,6E673,5253.00,INR,2026-10-06,playwright_network
6E,6E5386,5253.00,INR,2026-10-06,playwright_network
6E,6E5179,5253.00,INR,2026-10-06,playwright_network
6E,6E5228,5253.00,INR,2026-10-06,playwright_network
6E,6E5126,5463.00,INR,2026-10-06,playwright_network
6E,6E5196,5463.00,INR,2026-10-06,playwright_network
6E,6E5337,5463.00,INR,2026-10-06,playwright_network
6E,6E5107,5463.00,INR,2026-10-06,playwright_network
6E,6E6701,5463.00,INR,2026-10-06,playwright_network
6E,6E5048,5463.00,INR,2026-10-06,playwright_network
6E,6E437,5463.00,INR,2026-10-06,playwright_network
6E,6E6349,5463.00,INR,2026-10-06,playwright_network
6E,6E5188,5463.00,INR,2026-10-06,playwright_network
6E,6E5313,5463.00,INR,2026-10-06,playwright_network
6E,6E2284,5463.00,INR,2026-10-06,playwright_network
6E,6E5109,5463.00,INR,2026-10-06,playwright_network
6E,6E2237,5463.00,INR,2026-10-06,playwright_network
6E,6E240,5463.00,INR,2026-10-06,playwright_network
6E,6E5273,5594.00,INR,2026-10-06,playwright_network
6E,6E5181,5594.00,INR,2026-10-06,playwright_network
6E,6E6599,5594.00,INR,2026-10-06,playwright_network
6E,6E5082,5913.00,INR,2026-10-06,playwright_network
6E,6E2016,6255.00,INR,2026-10-06,playwright_network
6E,6E911,6255.00,INR,2026-10-06,playwright_network
6E,6E5228,6500.00,INR,2026-10-06,playwright_network
6E,6E5386,6500.00,INR,2026-10-06,playwright_network
QP,QP1153,6644.00,INR,2026-10-06,playwright_network
IX,IX1797,7200.00,INR,2026-10-06,playwright_network
IX,IX1026,7200.00,INR,2026-10-06,playwright_network
IX,IX1023,7200.00,INR,2026-10-06,playwright_network
IX,IX1801,7200.00,INR,2026-10-06,playwright_network
IX,IX1809,7200.00,INR,2026-10-06,playwright_network
AI,AI2851,7154.00,INR,2026-10-06,playwright_network
6E,6E5318,7000.00,INR,2026-10-06,playwright_network
6E,6E5296,7062.00,INR,2026-10-06,playwright_network
6E,6E5071,7062.00,INR,2026-10-06,playwright_network
6E,6E6188,7062.00,INR,2026-10-06,playwright_network
6E,6E5032,7062.00,INR,2026-10-06,playwright_network
6E,6E5047,7062.00,INR,2026-10-06,playwright_network
6E,6E5382,7062.00,INR,2026-10-06,playwright_network
6E,6E5184,7062.00,INR,2026-10-06,playwright_network
6E,6E5221,7062.00,INR,2026-10-06,playwright_network
6E,6E5217,7062.00,INR,2026-10-06,playwright_network
6E,6E5388,7062.00,INR,2026-10-06,playwright_network
6E,6E5193,7062.00,INR,2026-10-06,playwright_network
AI,AI2632,7322.00,INR,2026-10-06,playwright_network
AI,AI2865,7322.00,INR,2026-10-06,playwright_network
AI,AI2853,7322.00,INR,2026-10-06,playwright_network
AI,AI2603,7393.00,INR,2026-10-06,playwright_network
QP,QP1143,7199.00,INR,2026-10-06,playwright_network
AI,AI2863,7568.00,INR,2026-10-06,playwright_network
AI,AI2849,7568.00,INR,2026-10-06,playwright_network
6E,6E5092,7377.00,INR,2026-10-06,playwright_network
AI,AI2401,7629.00,INR,2026-10-06,playwright_network
IX,IX1242,7921.00,INR,2026-10-06,playwright_network
AI,AI2641,7895.00,INR,2026-10-06,playwright_network
IX,IX1237,8050.00,INR,2026-10-06,playwright_network
QP,QP1518,7807.00,INR,2026-10-06,playwright_network
IX,IX1238,8469.00,INR,2026-10-06,playwright_network
6E,6E632,8366.00,INR,2026-10-06,playwright_network
AI,AI2745,8988.00,INR,2026-10-06,playwright_network
QP,QP1133,9196.00,INR,2026-10-06,playwright_network
6E,6E261,9575.00,INR,2026-10-06,playwright_network
AI,AI2444,10005.00,INR,2026-10-06,playwright_network
AI,AI2625,10005.00,INR,2026-10-06,playwright_network
AI,AI2619,10111.00,INR,2026-10-06,playwright_network
AI,AI2444,10479.00,INR,2026-10-06,playwright_network
AI,AI2869,10479.00,INR,2026-10-06,playwright_network
AI,AI2625,10479.00,INR,2026-10-06,playwright_network
AI,AI2531,10489.00,INR,2026-10-06,playwright_network
AI,AI435,10667.00,INR,2026-10-06,playwright_network
AI,AI2780,10667.00,INR,2026-10-06,playwright_network
AI,AI639,10667.00,INR,2026-10-06,playwright_network
AI,AI2739,10840.00,INR,2026-10-06,playwright_network
AI,AI2827,10840.00,INR,2026-10-06,playwright_network
AI,AI2821,10898.00,INR,2026-10-06,playwright_network
AI,AI2531,10963.00,INR,2026-10-06,playwright_network
AI,AI2745,11351.00,INR,2026-10-06,playwright_network
AI,AI417,11372.00,INR,2026-10-06,playwright_network
AI,AI2855,12934.00,INR,2026-10-06,playwright_network
AI,AI2787,13223.00,INR,2026-10-06,playwright_network
IX,IX1050,13874.00,INR,2026-10-06,playwright_network
IX,IX1671,14072.00,INR,2026-10-06,playwright_network
IX,IX1237,16348.00,INR,2026-10-06,playwright_network
AI,AI2677,15562.00,INR,2026-10-06,playwright_network
AI,AI2944,15562.00,INR,2026-10-06,playwright_network
AI,AI2442,15562.00,INR,2026-10-06,playwright_network
AI,AI2419,15562.00,INR,2026-10-06,playwright_network
AI,AI2952,15716.00,INR,2026-10-06,playwright_network
AI,AI2422,15720.00,INR,2026-10-06,playwright_network
AI,AI2930,15931.00,INR,2026-10-06,playwright_network
AI,AI2424,16170.00,INR,2026-10-06,playwright_network
AI,AI2928,16340.00,INR,2026-10-06,playwright_network
AI,AI2432,16676.00,INR,2026-10-06,playwright_network
IX,IX1280,17191.00,INR,2026-10-06,playwright_network
AI,AI2471,18311.00,INR,2026-10-06,playwright_network
AI,AI2841,18903.00,INR,2026-10-06,playwright_network
AI,AI2741,19988.00,INR,2026-10-06,playwright_network
AI,AI2663,21023.00,INR,2026-10-06,playwright_network
IX,IX5938,5049.00,INR,2026-10-21,playwright_network
QP,QP1149,5050.00,INR,2026-10-21,playwright_network
QP,QP1985,5050.00,INR,2026-10-21,playwright_network
AI,AI2845,5310.00,INR,2026-10-21,playwright_network
SG,SG669,5408.00,INR,2026-10-21,playwright_network
6E,6E5294,5430.00,INR,2026-10-21,playwright_network
SG,SG487,5721.00,INR,2026-10-21,playwright_network
QP,QP1516,5456.00,INR,2026-10-21,playwright_network
AI,AI2812,5690.00,INR,2026-10-21,playwright_network
AI,AI2857,5690.00,INR,2026-10-21,playwright_network
SG,SG642,6096.00,INR,2026-10-21,playwright_network
6E,6E5323,5848.00,INR,2026-10-21,playwright_network
6E,6E5296,7062.00,INR,2026-10-21,playwright_network
QP,QP1129,7199.00,INR,2026-10-21,playwright_network
6E,6E6361,7243.00,INR,2026-10-21,playwright_network
6E,6E5082,7243.00,INR,2026-10-21,playwright_network
6E,6E5241,7243.00,INR,2026-10-21,playwright_network
6E,6E230,7243.00,INR,2026-10-21,playwright_network
6E,6E261,7243.00,INR,2026-10-21,playwright_network
6E,6E6057,7374.00,INR,2026-10-21,playwright_network
6E,6E5228,7374.00,INR,2026-10-21,playwright_network
6E,6E5386,7374.00,INR,2026-10-21,playwright_network
6E,6E5179,7374.00,INR,2026-10-21,playwright_network
6E,6E5184,7377.00,INR,2026-10-21,playwright_network
6E,6E5388,7377.00,INR,2026-10-21,playwright_network
6E,6E5193,7377.00,INR,2026-10-21,playwright_network
AI,AI2603,7589.00,INR,2026-10-21,playwright_network
AI,AI2632,7735.00,INR,2026-10-21,playwright_network
AI,AI2851,7735.00,INR,2026-10-21,playwright_network
6E,6E5126,7584.00,INR,2026-10-21,playwright_network
6E,6E5196,7584.00,INR,2026-10-21,playwright_network
6E,6E6701,7584.00,INR,2026-10-21,playwright_network
6E,6E5048,7584.00,INR,2026-10-21,playwright_network
6E,6E6349,7584.00,INR,2026-10-21,playwright_network
6E,6E5188,7584.00,INR,2026-10-21,playwright_network
6E,6E5313,7584.00,INR,2026-10-21,playwright_network
6E,6E5109,7584.00,INR,2026-10-21,playwright_network
6E,6E5337,7584.00,INR,2026-10-21,playwright_network
6E,6E5071,7692.00,INR,2026-10-21,playwright_network
6E,6E6188,7692.00,INR,2026-10-21,playwright_network
6E,6E5221,7692.00,INR,2026-10-21,playwright_network
6E,6E5217,7692.00,INR,2026-10-21,playwright_network
6E,6E5092,7692.00,INR,2026-10-21,playwright_network
6E,6E5273,7715.00,INR,2026-10-21,playwright_network
6E,6E6599,7715.00,INR,2026-10-21,playwright_network
IX,IX1797,8050.00,INR,2026-10-21,playwright_network
IX,IX1801,8050.00,INR,2026-10-21,playwright_network
AI,AI2853,8156.00,INR,2026-10-21,playwright_network
6E,6E5032,8112.00,INR,2026-10-21,playwright_network
6E,6E911,8126.00,INR,2026-10-21,playwright_network
6E,6E5107,8126.00,INR,2026-10-21,playwright_network
QP,QP1133,8130.00,INR,2026-10-21,playwright_network
QP,QP1518,8130.00,INR,2026-10-21,playwright_network
AI,AI2863,8435.00,INR,2026-10-21,playwright_network
AI,AI2849,8435.00,INR,2026-10-21,playwright_network
AI,AI2401,8504.00,INR,2026-10-21,playwright_network
AI,AI2865,8504.00,INR,2026-10-21,playwright_network
6E,6E5178,8508.00,INR,2026-10-21,playwright_network
6E,6E5382,8532.00,INR,2026-10-21,playwright_network
6E,6E5047,9057.00,INR,2026-10-21,playwright_network
6E,6E673,9364.00,INR,2026-10-21,playwright_network
IX,IX1242,10043.00,INR,2026-10-21,playwright_network
IX,IX1238,10043.00,INR,2026-10-21,playwright_network
AI,AI2745,10044.00,INR,2026-10-21,playwright_network
6E,6E437,10068.00,INR,2026-10-21,playwright_network
AI,AI639,10667.00,INR,2026-10-21,playwright_network
AI,AI2780,10667.00,INR,2026-10-21,playwright_network
6E,6E5178,10628.00,INR,2026-10-21,playwright_network
6E,6E5386,10628.00,INR,2026-10-21,playwright_network
AI,AI435,10840.00,INR,2026-10-21,playwright_network
IX,IX1810,11934.00,INR,2026-10-21,playwright_network
IX,IX1797,11934.00,INR,2026-10-21,playwright_network
AI,AI2869,11229.00,INR,2026-10-21,playwright_network
AI,AI2875,11229.00,INR,2026-10-21,playwright_network
AI,AI2641,11317.00,INR,2026-10-21,playwright_network
AI,AI2780,11623.00,INR,2026-10-21,playwright_network
AI,AI2827,11731.00,INR,2026-10-21,playwright_network
AI,AI435,11796.00,INR,2026-10-21,playwright_network
AI,AI2739,11796.00,INR,2026-10-21,playwright_network
6E,6E632,11678.00,INR,2026-10-21,playwright_network
AI,AI2821,11965.00,INR,2026-10-21,playwright_network
AI,AI2619,12285.00,INR,2026-10-21,playwright_network
IX,IX1238,12698.00,INR,2026-10-21,playwright_network
AI,AI2625,12779.00,INR,2026-10-21,playwright_network
6E,6E5181,12726.00,INR,2026-10-21,playwright_network
IX,IX1026,13110.00,INR,2026-10-21,playwright_network
AI,AI2531,13263.00,INR,2026-10-21,playwright_network
IX,IX1237,13854.00,INR,2026-10-21,playwright_network
IX,IX1023,14408.00,INR,2026-10-21,playwright_network
IX,IX1671,15393.00,INR,2026-10-21,playwright_network
IX,IX1050,15801.00,INR,2026-10-21,playwright_network
AI,AI2745,15871.00,INR,2026-10-21,playwright_network
IX,IX1809,16506.00,INR,2026-10-21,playwright_network
6E,6E2284,16922.00,INR,2026-10-21,playwright_network
AI,AI816,17166.00,INR,2026-10-21,playwright_network
6E,6E5318,17190.00,INR,2026-10-21,playwright_network
AI,AI2787,17570.00,INR,2026-10-21,playwright_network
IX,IX1280,18977.00,INR,2026-10-21,playwright_network
AI,AI2855,19299.00,INR,2026-10-21,playwright_network
IX,IX1237,24118.00,INR,2026-10-21,playwright_network
AI,AI2841,23471.00,INR,2026-10-21,playwright_network
AI,AI2663,24877.00,INR,2026-10-21,playwright_network
AI,AI2741,25998.00,INR,2026-10-21,playwright_network
IX,IX1176,27825.00,INR,2026-10-21,playwright_network
AI,AI2471,43193.00,INR,2026-10-21,playwright_network
SG,SG555,6992.00,INR,2026-11-05,playwright_network
SG,SG669,6992.00,INR,2026-11-05,playwright_network
SG,SG642,6992.00,INR,2026-11-05,playwright_network
IX,IX1519,7046.00,INR,2026-11-05,playwright_network
6E,6E261,7243.00,INR,2026-11-05,playwright_network
6E,6E6064,7243.00,INR,2026-11-05,playwright_network
6E,6E6361,7243.00,INR,2026-11-05,playwright_network
6E,6E5011,7243.00,INR,2026-11-05,playwright_network
6E,6E6365,7374.00,INR,2026-11-05,playwright_network
6E,6E6362,7374.00,INR,2026-11-05,playwright_network
6E,6E5228,7374.00,INR,2026-11-05,playwright_network
6E,6E5386,7374.00,INR,2026-11-05,playwright_network
6E,6E5318,7374.00,INR,2026-11-05,playwright_network
6E,6E5246,7374.00,INR,2026-11-05,playwright_network
6E,6E5179,7374.00,INR,2026-11-05,playwright_network
6E,6E5196,7584.00,INR,2026-11-05,playwright_network
6E,6E136,7584.00,INR,2026-11-05,playwright_network
6E,6E5337,7584.00,INR,2026-11-05,playwright_network
IX,IX1051,8364.00,INR,2026-11-05,playwright_network
6E,6E5188,8126.00,INR,2026-11-05,playwright_network
6E,6E5085,8126.00,INR,2026-11-05,playwright_network
QP,QP1336,8130.00,INR,2026-11-05,playwright_network
IX,IX1549,8624.00,INR,2026-11-05,playwright_network
6E,6E5323,8532.00,INR,2026-11-05,playwright_network
6E,6E5388,8532.00,INR,2026-11-05,playwright_network
6E,6E5083,8532.00,INR,2026-11-05,playwright_network
6E,6E5221,8532.00,INR,2026-11-05,playwright_network
6E,6E5382,8532.00,INR,2026-11-05,playwright_network
6E,6E5217,8532.00,INR,2026-11-05,playwright_network
6E,6E5193,8532.00,INR,2026-11-05,playwright_network
6E,6E5296,8532.00,INR,2026-11-05,playwright_network
6E,6E6284,8532.00,INR,2026-11-05,playwright_network
QP,QP1332,8825.00,INR,2026-11-05,playwright_network
QP,QP1133,8825.00,INR,2026-11-05,playwright_network
6E,6E294,8849.00,INR,2026-11-05,playwright_network
IX,IX1051,9198.00,INR,2026-11-05,playwright_network
AI,AI2812,9188.00,INR,2026-11-05,playwright_network
AI,AI2851,9188.00,INR,2026-11-05,playwright_network
AI,AI2632,9188.00,INR,2026-11-05,playwright_network
AI,AI2853,9188.00,INR,2026-11-05,playwright_network
6E,6E5032,9057.00,INR,2026-11-05,playwright_network
6E,6E5047,9057.00,INR,2026-11-05,playwright_network
6E,6E6335,9057.00,INR,2026-11-05,playwright_network
AI,AI2623,9379.00,INR,2026-11-05,playwright_network
AI,AI2621,9379.00,INR,2026-11-05,playwright_network
AI,AI2484,9379.00,INR,2026-11-05,playwright_network
AI,AI2603,9508.00,INR,2026-11-05,playwright_network
AI,AI2849,9508.00,INR,2026-11-05,playwright_network
AI,AI2401,9588.00,INR,2026-11-05,playwright_network
AI,AI2641,9669.00,INR,2026-11-05,playwright_network
IX,IX1519,9849.00,INR,2026-11-05,playwright_network
6E,6E5092,9582.00,INR,2026-11-05,playwright_network
6E,6E5204,10068.00,INR,2026-11-05,playwright_network
6E,6E5257,10737.00,INR,2026-11-05,playwright_network
6E,6E5313,10838.00,INR,2026-11-05,playwright_network
AI,AI2863,11126.00,INR,2026-11-05,playwright_network
AI,AI598,11134.00,INR,2026-11-05,playwright_network
AI,AI2617,11271.00,INR,2026-11-05,playwright_network
AI,AI2739,11428.00,INR,2026-11-05,playwright_network
6E,6E841,11541.00,INR,2026-11-05,playwright_network
AI,AI2617,11746.00,INR,2026-11-05,playwright_network
AI,AI2869,11796.00,INR,2026-11-05,playwright_network
AI,AI2531,11938.00,INR,2026-11-05,playwright_network
AI,AI2869,11970.00,INR,2026-11-05,playwright_network
6E,6E6549,11830.00,INR,2026-11-05,playwright_network
IX,IX2201,12199.00,INR,2026-11-05,playwright_network
6E,6E6674,12097.00,INR,2026-11-05,playwright_network
IX,IX2211,12457.00,INR,2026-11-05,playwright_network
AI,AI2531,12412.00,INR,2026-11-05,playwright_network
6E,6E6674,12704.00,INR,2026-11-05,playwright_network
AI,AI2875,13121.00,INR,2026-11-05,playwright_network
AI,AI2780,13788.00,INR,2026-11-05,playwright_network
IX,IX1050,14012.00,INR,2026-11-05,playwright_network
6E,6E5147,13695.00,INR,2026-11-05,playwright_network
AI,AI2821,14144.00,INR,2026-11-05,playwright_network
AI,AI603,14603.00,INR,2026-11-05,playwright_network
IX,IX2213,16159.00,INR,2026-11-05,playwright_network
6E,6E6280,16105.00,INR,2026-11-05,playwright_network
6E,6E795,16593.00,INR,2026-11-05,playwright_network
6E,6E5071,16827.00,INR,2026-11-05,playwright_network
AI,AI2841,17150.00,INR,2026-11-05,playwright_network
6E,6E5183,17010.00,INR,2026-11-05,playwright_network
IX,IX2205,17486.00,INR,2026-11-05,playwright_network
AI,AI2591,17261.00,INR,2026-11-05,playwright_network
IX,IX2205,19010.00,INR,2026-11-05,playwright_network
IX,IX1050,19835.00,INR,2026-11-05,playwright_network
6E,6E2049,20302.00,INR,2026-11-05,playwright_network
IX,IX2209,20560.00,INR,2026-11-05,playwright_network
AI,AI2605,20562.00,INR,2026-11-05,playwright_network
6E,6E6701,21417.00,INR,2026-11-05,playwright_network
6E,6E6352,21485.00,INR,2026-11-05,playwright_network
6E,6E5059,21948.00,INR,2026-11-05,playwright_network
AI,AI2787,23450.00,INR,2026-11-05,playwright_network
IX,IX1219,25381.00,INR,2026-11-05,playwright_network
IX,IX1026,25838.00,INR,2026-11-05,playwright_network
IX,IX1671,26083.00,INR,2026-11-05,playwright_network
AI,AI2639,27237.00,INR,2026-11-05,playwright_network
AI,AI2741,27743.00,INR,2026-11-05,playwright_network
IX,IX1237,29488.00,INR,2026-11-05,playwright_network
IX,IX1176,29367.00,INR,2026-11-05,playwright_network
IX,IX1237,30277.00,INR,2026-11-05,playwright_network
AI,AI2445,30900.00,INR,2026-11-05,playwright_network
IX,IX1176,31887.00,INR,2026-11-05,playwright_network
AI,AI2527,33425.00,INR,2026-11-05,playwright_network
AI,AI2789,36896.00,INR,2026-11-05,playwright_network
6E,6E704,8360.00,INR,2026-09-22,playwright_network
6E,6E884,8360.00,INR,2026-09-22,playwright_network
6E,6E6179,8491.00,INR,2026-09-22,playwright_network
6E,6E734,8491.00,INR,2026-09-22,playwright_network
6E,6E931,8491.00,INR,2026-09-22,playwright_network
6E,6E5119,8491.00,INR,2026-09-22,playwright_network
6E,6E6673,8491.00,INR,2026-09-22,playwright_network
6E,6E6459,8491.00,INR,2026-09-22,playwright_network
6E,6E2618,8491.00,INR,2026-09-22,playwright_network
6E,6E6632,8570.00,INR,2026-09-22,playwright_network
6E,6E2151,8570.00,INR,2026-09-22,playwright_network
6E,6E6115,8570.00,INR,2026-09-22,playwright_network
6E,6E5038,8570.00,INR,2026-09-22,playwright_network
6E,6E6476,8570.00,INR,2026-09-22,playwright_network
6E,6E2319,8570.00,INR,2026-09-22,playwright_network
IX,IX1046,8977.00,INR,2026-09-22,playwright_network
IX,IX1165,8977.00,INR,2026-09-22,playwright_network
IX,IX1617,8977.00,INR,2026-09-22,playwright_network
IX,IX1230,8977.00,INR,2026-09-22,playwright_network
IX,IX1070,9028.00,INR,2026-09-22,playwright_network
6E,6E6497,8701.00,INR,2026-09-22,playwright_network
QP,QP1812,8829.00,INR,2026-09-22,playwright_network
QP,QP1308,8829.00,INR,2026-09-22,playwright_network
QP,QP1350,8829.00,INR,2026-09-22,playwright_network
6E,6E820,8829.00,INR,2026-09-22,playwright_network
6E,6E871,8829.00,INR,2026-09-22,playwright_network
6E,6E846,8829.00,INR,2026-09-22,playwright_network
6E,6E6515,8829.00,INR,2026-09-22,playwright_network
6E,6E2314,8829.00,INR,2026-09-22,playwright_network
QP,QP1824,8829.00,INR,2026-09-22,playwright_network
6E,6E513,8911.00,INR,2026-09-22,playwright_network
6E,6E5191,8911.00,INR,2026-09-22,playwright_network
AI,AI2653,9142.00,INR,2026-09-22,playwright_network
AI,AI2757,9142.00,INR,2026-09-22,playwright_network
AI,AI2409,9142.00,INR,2026-09-22,playwright_network
AI,AI2803,9142.00,INR,2026-09-22,playwright_network
AI,AI2664,9142.00,INR,2026-09-22,playwright_network
AI,AI2512,9142.00,INR,2026-09-22,playwright_network
AI,AI2412,9142.00,INR,2026-09-22,playwright_network
6E,6E861,9286.00,INR,2026-09-22,playwright_network
6E,6E828,9286.00,INR,2026-09-22,playwright_network
AI,AI2817,9599.00,INR,2026-09-22,playwright_network
AI,AI2485,9599.00,INR,2026-09-22,playwright_network
AI,AI2809,9599.00,INR,2026-09-22,playwright_network
AI,AI2487,9599.00,INR,2026-09-22,playwright_network
AI,AI2415,9762.00,INR,2026-09-22,playwright_network
AI,AI2819,9762.00,INR,2026-09-22,playwright_network
IX,IX1811,10056.00,INR,2026-09-22,playwright_network
6E,6E758,9767.00,INR,2026-09-22,playwright_network
6E,6E811,9771.00,INR,2026-09-22,playwright_network
6E,6E837,9771.00,INR,2026-09-22,playwright_network
6E,6E880,9771.00,INR,2026-09-22,playwright_network
6E,6E842,9771.00,INR,2026-09-22,playwright_network
6E,6E850,9771.00,INR,2026-09-22,playwright_network
AI,AI427,10084.00,INR,2026-09-22,playwright_network
AI,AI2815,10084.00,INR,2026-09-22,playwright_network
IX,IX1257,10294.00,INR,2026-09-22,playwright_network
AI,AI1717,10294.00,INR,2026-09-22,playwright_network
AI,AI2569,10294.00,INR,2026-09-22,playwright_network
AI,AI2499,10294.00,INR,2026-09-22,playwright_network
6E,6E873,10285.00,INR,2026-09-22,playwright_network
6E,6E826,10285.00,INR,2026-09-22,playwright_network
6E,6E810,10285.00,INR,2026-09-22,playwright_network
AI,AI2499,10504.00,INR,2026-09-22,playwright_network
AI,AI2973,10686.00,INR,2026-09-22,playwright_network
AI,AI2547,10686.00,INR,2026-09-22,playwright_network
AI,AI2971,10686.00,INR,2026-09-22,playwright_network
AI,AI1735,10686.00,INR,2026-09-22,playwright_network
AI,AI1797,10686.00,INR,2026-09-22,playwright_network
AI,AI2469,10686.00,INR,2026-09-22,playwright_network
AI,AI1710,10725.00,INR,2026-09-22,playwright_network
AI,AI2417,10780.00,INR,2026-09-22,playwright_network
6E,6E6091,10786.00,INR,2026-09-22,playwright_network
AI,AI2609,11097.00,INR,2026-09-22,playwright_network
AI,AI2973,11097.00,INR,2026-09-22,playwright_network
IX,IX1041,11827.00,INR,2026-09-22,playwright_network
6E,6E5073,11598.00,INR,2026-09-22,playwright_network
AI,AI1797,12248.00,INR,2026-09-22,playwright_network
AI,AI2469,12248.00,INR,2026-09-22,playwright_network
AI,AI437,12371.00,INR,2026-09-22,playwright_network
IX,IX1056,12516.00,INR,2026-09-22,playwright_network
IX,IX1074,12726.00,INR,2026-09-22,playwright_network
IX,IX1069,12726.00,INR,2026-09-22,playwright_network
IX,IX1068,12767.00,INR,2026-09-22,playwright_network
6E,6E6282,12445.00,INR,2026-09-22,playwright_network
IX,IX1038,12919.00,INR,2026-09-22,playwright_network
IX,IX1292,13060.00,INR,2026-09-22,playwright_network
AI,AI2569,13339.00,INR,2026-09-22,playwright_network
6E,6E717,13520.00,INR,2026-09-22,playwright_network
AI,AI1702,13904.00,INR,2026-09-22,playwright_network
AI,AI2483,14018.00,INR,2026-09-22,playwright_network
6E,6E2557,14165.00,INR,2026-09-22,playwright_network
6E,6E2277,14481.00,INR,2026-09-22,playwright_network
IX,IX1067,15085.00,INR,2026-09-22,playwright_network
6E,6E6217,14703.00,INR,2026-09-22,playwright_network
IX,IX1108,15159.00,INR,2026-09-22,playwright_network
IX,IX1090,15191.00,INR,2026-09-22,playwright_network
6E,6E2343,14834.00,INR,2026-09-22,playwright_network
6E,6E6470,14834.00,INR,2026-09-22,playwright_network
6E,6E5033,15936.00,INR,2026-09-22,playwright_network
6E,6E6488,16134.00,INR,2026-09-22,playwright_network
6E,6E950,16933.00,INR,2026-09-22,playwright_network
IX,IX1041,17760.00,INR,2026-09-22,playwright_network
IX,IX1032,17760.00,INR,2026-09-22,playwright_network
IX,IX1085,17782.00,INR,2026-09-22,playwright_network
6E,6E6437,17563.00,INR,2026-09-22,playwright_network
IX,IX1783,18122.00,INR,2026-09-22,playwright_network
IX,IX1617,18157.00,INR,2026-09-22,playwright_network
AI,AI2627,18082.00,INR,2026-09-22,playwright_network
IX,IX1980,18416.00,INR,2026-09-22,playwright_network
IX,IX1012,18416.00,INR,2026-09-22,playwright_network
AI,AI2532,18320.00,INR,2026-09-22,playwright_network
6E,6E5001,18250.00,INR,2026-09-22,playwright_network
6E,6E6293,18717.00,INR,2026-09-22,playwright_network
IX,IX1811,19530.00,INR,2026-09-22,playwright_network
AI,AI2705,19286.00,INR,2026-09-22,playwright_network
6E,6E329,19958.00,INR,2026-09-22,playwright_network
IX,IX1461,21997.00,INR,2026-09-22,playwright_network
AI,AI1749,23574.00,INR,2026-09-22,playwright_network
AI,AI1739,27215.00,INR,2026-09-22,playwright_network
AI,AI2879,32131.00,INR,2026-09-22,playwright_network
IX,IX1035,8767.00,INR,2026-09-28,playwright_network
IX,IX1070,8828.00,INR,2026-09-28,playwright_network
IX,IX5975,8828.00,INR,2026-09-28,playwright_network
IX,IX1090,8977.00,INR,2026-09-28,playwright_network
IX,IX1165,8977.00,INR,2026-09-28,playwright_network
IX,IX1046,8977.00,INR,2026-09-28,playwright_network
IX,IX1054,8977.00,INR,2026-09-28,playwright_network
IX,IX1392,8977.00,INR,2026-09-28,playwright_network
IX,IX1617,8977.00,INR,2026-09-28,playwright_network
QP,QP1812,8829.00,INR,2026-09-28,playwright_network
6E,6E811,8829.00,INR,2026-09-28,playwright_network
6E,6E873,8829.00,INR,2026-09-28,playwright_network
QP,QP1308,8829.00,INR,2026-09-28,playwright_network
QP,QP1350,8829.00,INR,2026-09-28,playwright_network
6E,6E820,8829.00,INR,2026-09-28,playwright_network
6E,6E871,8829.00,INR,2026-09-28,playwright_network
6E,6E846,8829.00,INR,2026-09-28,playwright_network
6E,6E6515,8829.00,INR,2026-09-28,playwright_network
6E,6E861,8829.00,INR,2026-09-28,playwright_network
6E,6E837,8829.00,INR,2026-09-28,playwright_network
6E,6E880,8829.00,INR,2026-09-28,playwright_network
6E,6E176,8829.00,INR,2026-09-28,playwright_network
6E,6E842,8829.00,INR,2026-09-28,playwright_network
6E,6E826,8829.00,INR,2026-09-28,playwright_network
6E,6E2314,8829.00,INR,2026-09-28,playwright_network
6E,6E828,8829.00,INR,2026-09-28,playwright_network
QP,QP1822,8829.00,INR,2026-09-28,playwright_network
QP,QP1824,8829.00,INR,2026-09-28,playwright_network
6E,6E850,8829.00,INR,2026-09-28,playwright_network
AI,AI427,9142.00,INR,2026-09-28,playwright_network
AI,AI2485,9142.00,INR,2026-09-28,playwright_network
AI,AI2809,9142.00,INR,2026-09-28,playwright_network
AI,AI2409,9142.00,INR,2026-09-28,playwright_network
AI,AI2803,9142.00,INR,2026-09-28,playwright_network
AI,AI2415,9142.00,INR,2026-09-28,playwright_network
AI,AI2819,9142.00,INR,2026-09-28,playwright_network
AI,AI2664,9142.00,INR,2026-09-28,playwright_network
AI,AI2487,9142.00,INR,2026-09-28,playwright_network
AI,AI2512,9142.00,INR,2026-09-28,playwright_network
AI,AI2412,9142.00,INR,2026-09-28,playwright_network
IX,IX1035,9396.00,INR,2026-09-28,playwright_network
IX,IX1617,9606.00,INR,2026-09-28,playwright_network
6E,6E2151,9383.00,INR,2026-09-28,playwright_network
AI,AI2817,9599.00,INR,2026-09-28,playwright_network
AI,AI2815,9762.00,INR,2026-09-28,playwright_network
6E,6E810,9771.00,INR,2026-09-28,playwright_network
AI,AI2417,10005.00,INR,2026-09-28,playwright_network
6E,6E6433,9867.00,INR,2026-09-28,playwright_network
6E,6E717,9946.00,INR,2026-09-28,playwright_network
6E,6E6217,9946.00,INR,2026-09-28,playwright_network
6E,6E6212,9946.00,INR,2026-09-28,playwright_network
6E,6E6282,9946.00,INR,2026-09-28,playwright_network
6E,6E6293,9946.00,INR,2026-09-28,playwright_network
6E,6E884,9946.00,INR,2026-09-28,playwright_network
6E,6E5073,10077.00,INR,2026-09-28,playwright_network
6E,6E6179,10077.00,INR,2026-09-28,playwright_network
6E,6E329,10077.00,INR,2026-09-28,playwright_network
6E,6E734,10077.00,INR,2026-09-28,playwright_network
6E,6E931,10077.00,INR,2026-09-28,playwright_network
6E,6E5119,10077.00,INR,2026-09-28,playwright_network
6E,6E6673,10077.00,INR,2026-09-28,playwright_network
6E,6E2557,10077.00,INR,2026-09-28,playwright_network
6E,6E6459,10077.00,INR,2026-09-28,playwright_network
6E,6E2618,10077.00,INR,2026-09-28,playwright_network
6E,6E2343,10077.00,INR,2026-09-28,playwright_network
AI,AI1710,10294.00,INR,2026-09-28,playwright_network
AI,AI2569,10294.00,INR,2026-09-28,playwright_network
6E,6E950,10156.00,INR,2026-09-28,playwright_network
6E,6E6091,10156.00,INR,2026-09-28,playwright_network
6E,6E6632,10156.00,INR,2026-09-28,playwright_network
6E,6E2277,10156.00,INR,2026-09-28,playwright_network
6E,6E6115,10156.00,INR,2026-09-28,playwright_network
6E,6E5038,10156.00,INR,2026-09-28,playwright_network
6E,6E5033,10156.00,INR,2026-09-28,playwright_network
6E,6E6476,10156.00,INR,2026-09-28,playwright_network
6E,6E6497,10287.00,INR,2026-09-28,playwright_network
6E,6E5001,10314.00,INR,2026-09-28,playwright_network
IX,IX1230,10706.00,INR,2026-09-28,playwright_network
6E,6E513,10497.00,INR,2026-09-28,playwright_network
6E,6E5191,10497.00,INR,2026-09-28,playwright_network
AI,AI1717,10725.00,INR,2026-09-28,playwright_network
IX,IX1038,10781.00,INR,2026-09-28,playwright_network
AI,AI2547,10895.00,INR,2026-09-28,playwright_network
AI,AI2609,10895.00,INR,2026-09-28,playwright_network
IX,IX1617,11163.00,INR,2026-09-28,playwright_network
IX,IX1165,11163.00,INR,2026-09-28,playwright_network
AI,AI2469,11097.00,INR,2026-09-28,playwright_network
AI,AI2973,11422.00,INR,2026-09-28,playwright_network
AI,AI1797,11569.00,INR,2026-09-28,playwright_network
AI,AI2971,11580.00,INR,2026-09-28,playwright_network
AI,AI2653,11628.00,INR,2026-09-28,playwright_network
AI,AI2971,11712.00,INR,2026-09-28,playwright_network
IX,IX1812,12037.00,INR,2026-09-28,playwright_network
AI,AI2532,12135.00,INR,2026-09-28,playwright_network
AI,AI2879,12668.00,INR,2026-09-28,playwright_network
IX,IX1001,12818.00,INR,2026-09-28,playwright_network
IX,IX1067,13027.00,INR,2026-09-28,playwright_network
AI,AI2519,13118.00,INR,2026-09-28,playwright_network
6E,6E2349,13294.00,INR,2026-09-28,playwright_network
6E,6E704,13641.00,INR,2026-09-28,playwright_network
AI,AI1702,13904.00,INR,2026-09-28,playwright_network
AI,AI2458,14633.00,INR,2026-09-28,playwright_network
AI,AI2483,14670.00,INR,2026-09-28,playwright_network
AI,AI2577,15146.00,INR,2026-09-28,playwright_network
IX,IX1815,15460.00,INR,2026-09-28,playwright_network
IX,IX1068,15789.00,INR,2026-09-28,playwright_network
AI,AI2525,15692.00,INR,2026-09-28,playwright_network
IX,IX1461,16327.00,INR,2026-09-28,playwright_network
IX,IX1811,16562.00,INR,2026-09-28,playwright_network
IX,IX1032,17078.00,INR,2026-09-28,playwright_network
IX,IX1783,17282.00,INR,2026-09-28,playwright_network
IX,IX1108,17575.00,INR,2026-09-28,playwright_network
IX,IX1032,17760.00,INR,2026-09-28,playwright_network
AI,AI2705,17921.00,INR,2026-09-28,playwright_network
IX,IX1012,18634.00,INR,2026-09-28,playwright_network
IX,IX1069,18790.00,INR,2026-09-28,playwright_network
IX,IX1085,18988.00,INR,2026-09-28,playwright_network
6E,6E2364,19252.00,INR,2026-09-28,playwright_network
IX,IX1980,21678.00,INR,2026-09-28,playwright_network
AI,AI2627,21255.00,INR,2026-09-28,playwright_network
AI,AI1739,25347.00,INR,2026-09-28,playwright_network
IX,IX1074,31447.00,INR,2026-09-28,playwright_network
6E,6E717,8360.00,INR,2026-10-06,playwright_network
6E,6E6212,8360.00,INR,2026-10-06,playwright_network
6E,6E704,8360.00,INR,2026-10-06,playwright_network
6E,6E6026,8360.00,INR,2026-10-06,playwright_network
6E,6E6282,8360.00,INR,2026-10-06,playwright_network
6E,6E6293,8360.00,INR,2026-10-06,playwright_network
IX,IX1067,8767.00,INR,2026-10-06,playwright_network
IX,IX1041,8767.00,INR,2026-10-06,playwright_network
IX,IX1035,8767.00,INR,2026-10-06,playwright_network
IX,IX1074,8767.00,INR,2026-10-06,playwright_network
IX,IX1032,8767.00,INR,2026-10-06,playwright_network
6E,6E5073,8491.00,INR,2026-10-06,playwright_network
6E,6E6179,8491.00,INR,2026-10-06,playwright_network
6E,6E6488,8491.00,INR,2026-10-06,playwright_network
6E,6E734,8491.00,INR,2026-10-06,playwright_network
6E,6E5119,8491.00,INR,2026-10-06,playwright_network
6E,6E931,8491.00,INR,2026-10-06,playwright_network
6E,6E6673,8491.00,INR,2026-10-06,playwright_network
6E,6E2557,8491.00,INR,2026-10-06,playwright_network
6E,6E6569,8491.00,INR,2026-10-06,playwright_network
6E,6E990,8491.00,INR,2026-10-06,playwright_network
6E,6E6459,8491.00,INR,2026-10-06,playwright_network
6E,6E2618,8491.00,INR,2026-10-06,playwright_network
6E,6E6829,8491.00,INR,2026-10-06,playwright_network
IX,IX2749,8828.00,INR,2026-10-06,playwright_network
IX,IX1070,8828.00,INR,2026-10-06,playwright_network
6E,6E950,8570.00,INR,2026-10-06,playwright_network
6E,6E6091,8570.00,INR,2026-10-06,playwright_network
6E,6E2147,8570.00,INR,2026-10-06,playwright_network
6E,6E6632,8570.00,INR,2026-10-06,playwright_network
6E,6E933,8570.00,INR,2026-10-06,playwright_network
6E,6E2150,8570.00,INR,2026-10-06,playwright_network
6E,6E6115,8570.00,INR,2026-10-06,playwright_network
6E,6E5038,8570.00,INR,2026-10-06,playwright_network
6E,6E5033,8570.00,INR,2026-10-06,playwright_network
6E,6E6476,8570.00,INR,2026-10-06,playwright_network
IX,IX1024,8934.00,INR,2026-10-06,playwright_network
IX,IX1046,8977.00,INR,2026-10-06,playwright_network
IX,IX1090,8977.00,INR,2026-10-06,playwright_network
IX,IX1165,8977.00,INR,2026-10-06,playwright_network
IX,IX1257,8977.00,INR,2026-10-06,playwright_network
IX,IX1054,8977.00,INR,2026-10-06,playwright_network
IX,IX1230,8977.00,INR,2026-10-06,playwright_network
6E,6E6497,8701.00,INR,2026-10-06,playwright_network
6E,6E2769,8701.00,INR,2026-10-06,playwright_network
6E,6E2482,8701.00,INR,2026-10-06,playwright_network
6E,6E754,8727.00,INR,2026-10-06,playwright_network
IX,IX1235,9245.00,INR,2026-10-06,playwright_network
IX,IX1056,9245.00,INR,2026-10-06,playwright_network
QP,QP1350,8829.00,INR,2026-10-06,playwright_network
6E,6E811,8829.00,INR,2026-10-06,playwright_network
6E,6E873,8829.00,INR,2026-10-06,playwright_network
6E,6E6054,8829.00,INR,2026-10-06,playwright_network
6E,6E861,8829.00,INR,2026-10-06,playwright_network
6E,6E837,8829.00,INR,2026-10-06,playwright_network
6E,6E880,8829.00,INR,2026-10-06,playwright_network
6E,6E828,8829.00,INR,2026-10-06,playwright_network
6E,6E871,8829.00,INR,2026-10-06,playwright_network
6E,6E842,8829.00,INR,2026-10-06,playwright_network
6E,6E826,8829.00,INR,2026-10-06,playwright_network
6E,6E810,8829.00,INR,2026-10-06,playwright_network
6E,6E2314,8829.00,INR,2026-10-06,playwright_network
6E,6E820,8829.00,INR,2026-10-06,playwright_network
6E,6E176,8829.00,INR,2026-10-06,playwright_network
QP,QP1822,8829.00,INR,2026-10-06,playwright_network
QP,QP1824,8829.00,INR,2026-10-06,playwright_network
6E,6E850,8829.00,INR,2026-10-06,playwright_network
QP,QP1812,8829.00,INR,2026-10-06,playwright_network
6E,6E513,8911.00,INR,2026-10-06,playwright_network
6E,6E5191,8911.00,INR,2026-10-06,playwright_network
AI,AI2817,9142.00,INR,2026-10-06,playwright_network
AI,AI2653,9142.00,INR,2026-10-06,playwright_network
AI,AI427,9142.00,INR,2026-10-06,playwright_network
AI,AI2485,9142.00,INR,2026-10-06,playwright_network
AI,AI2809,9142.00,INR,2026-10-06,playwright_network
AI,AI2757,9142.00,INR,2026-10-06,playwright_network
AI,AI2409,9142.00,INR,2026-10-06,playwright_network
AI,AI2803,9142.00,INR,2026-10-06,playwright_network
AI,AI2664,9142.00,INR,2026-10-06,playwright_network
AI,AI2813,9142.00,INR,2026-10-06,playwright_network
AI,AI2487,9142.00,INR,2026-10-06,playwright_network
6E,6E6217,9029.00,INR,2026-10-06,playwright_network
6E,6E758,9029.00,INR,2026-10-06,playwright_network
AI,AI2819,9296.00,INR,2026-10-06,playwright_network
6E,6E6515,9286.00,INR,2026-10-06,playwright_network
AI,AI2412,9599.00,INR,2026-10-06,playwright_network
AI,AI2415,9762.00,INR,2026-10-06,playwright_network
IX,IX1811,10056.00,INR,2026-10-06,playwright_network
IX,IX1617,10056.00,INR,2026-10-06,playwright_network
IX,IX1812,10056.00,INR,2026-10-06,playwright_network
6E,6E846,9771.00,INR,2026-10-06,playwright_network
6E,6E329,9898.00,INR,2026-10-06,playwright_network
AI,AI2499,10189.00,INR,2026-10-06,playwright_network
AI,AI2569,10189.00,INR,2026-10-06,playwright_network
AI,AI2417,10256.00,INR,2026-10-06,playwright_network
AI,AI2512,10598.00,INR,2026-10-06,playwright_network
AI,AI1717,10620.00,INR,2026-10-06,playwright_network
AI,AI2711,10686.00,INR,2026-10-06,playwright_network
AI,AI2711,10764.00,INR,2026-10-06,playwright_network
AI,AI1797,11091.00,INR,2026-10-06,playwright_network
AI,AI1797,11170.00,INR,2026-10-06,playwright_network
IX,IX1057,11317.00,INR,2026-10-06,playwright_network
AI,AI2532,11604.00,INR,2026-10-06,playwright_network
AI,AI1743,11604.00,INR,2026-10-06,playwright_network
AI,AI1742,11604.00,INR,2026-10-06,playwright_network
AI,AI2601,11604.00,INR,2026-10-06,playwright_network
AI,AI2706,11604.00,INR,2026-10-06,playwright_network
AI,AI2711,11680.00,INR,2026-10-06,playwright_network
IX,IX1980,11827.00,INR,2026-10-06,playwright_network
IX,IX1461,11827.00,INR,2026-10-06,playwright_network
IX,IX1012,11827.00,INR,2026-10-06,playwright_network
AI,AI2469,12044.00,INR,2026-10-06,playwright_network
AI,AI1797,12085.00,INR,2026-10-06,playwright_network
IX,IX1068,12325.00,INR,2026-10-06,playwright_network
AI,AI465,12237.00,INR,2026-10-06,playwright_network
IX,IX1108,12742.00,INR,2026-10-06,playwright_network
AI,AI2577,12668.00,INR,2026-10-06,playwright_network
AI,AI2519,13143.00,INR,2026-10-06,playwright_network
AI,AI2899,13143.00,INR,2026-10-06,playwright_network
AI,AI2879,13144.00,INR,2026-10-06,playwright_network
IX,IX1346,13549.00,INR,2026-10-06,playwright_network
IX,IX1783,13836.00,INR,2026-10-06,playwright_network
AI,AI437,13805.00,INR,2026-10-06,playwright_network
6E,6E2277,13730.00,INR,2026-10-06,playwright_network
AI,AI2525,14018.00,INR,2026-10-06,playwright_network
AI,AI1780,14118.00,INR,2026-10-06,playwright_network
IX,IX1046,15311.00,INR,2026-10-06,playwright_network
AI,AI1702,14465.00,INR,2026-10-06,playwright_network
AI,AI1749,14480.00,INR,2026-10-06,playwright_network
IX,IX1085,16654.00,INR,2026-10-06,playwright_network
IX,IX1041,17084.00,INR,2026-10-06,playwright_network
IX,IX1035,17294.00,INR,2026-10-06,playwright_network
IX,IX1069,17400.00,INR,2026-10-06,playwright_network
IX,IX1032,17808.00,INR,2026-10-06,playwright_network
AI,AI2513,17703.00,INR,2026-10-06,playwright_network
AI,AI2627,26085.00,INR,2026-10-06,playwright_network
IX,IX1165,8977.00,INR,2026-10-21,playwright_network
IX,IX1392,8977.00,INR,2026-10-21,playwright_network
SG,SG142,9786.00,INR,2026-10-21,playwright_network
QP,QP1350,9680.00,INR,2026-10-21,playwright_network
IX,IX1346,10056.00,INR,2026-10-21,playwright_network
IX,IX1230,10056.00,INR,2026-10-21,playwright_network
QP,QP1812,9859.00,INR,2026-10-21,playwright_network
6E,6E873,9936.00,INR,2026-10-21,playwright_network
6E,6E6054,9936.00,INR,2026-10-21,playwright_network
6E,6E846,9936.00,INR,2026-10-21,playwright_network
6E,6E6515,9936.00,INR,2026-10-21,playwright_network
6E,6E871,9936.00,INR,2026-10-21,playwright_network
6E,6E842,9936.00,INR,2026-10-21,playwright_network
6E,6E826,9936.00,INR,2026-10-21,playwright_network
6E,6E810,9936.00,INR,2026-10-21,playwright_network
6E,6E2314,9936.00,INR,2026-10-21,playwright_network
6E,6E176,9936.00,INR,2026-10-21,playwright_network
6E,6E850,9936.00,INR,2026-10-21,playwright_network
6E,6E6212,9946.00,INR,2026-10-21,playwright_network
6E,6E704,9946.00,INR,2026-10-21,playwright_network
6E,6E6282,9946.00,INR,2026-10-21,playwright_network
6E,6E758,9946.00,INR,2026-10-21,playwright_network
6E,6E6293,9946.00,INR,2026-10-21,playwright_network
IX,IX1070,10349.00,INR,2026-10-21,playwright_network
IX,IX5975,10349.00,INR,2026-10-21,playwright_network
SG,SG646,10309.00,INR,2026-10-21,playwright_network
AI,AI427,10256.00,INR,2026-10-21,playwright_network
AI,AI2409,10256.00,INR,2026-10-21,playwright_network
AI,AI2803,10256.00,INR,2026-10-21,playwright_network
AI,AI2815,10256.00,INR,2026-10-21,playwright_network
IX,IX1074,10387.00,INR,2026-10-21,playwright_network
6E,6E955,10077.00,INR,2026-10-21,playwright_network
6E,6E6179,10077.00,INR,2026-10-21,playwright_network
6E,6E329,10077.00,INR,2026-10-21,playwright_network
6E,6E6488,10077.00,INR,2026-10-21,playwright_network
6E,6E6673,10077.00,INR,2026-10-21,playwright_network
6E,6E6384,10077.00,INR,2026-10-21,playwright_network
6E,6E2557,10077.00,INR,2026-10-21,playwright_network
6E,6E6569,10077.00,INR,2026-10-21,playwright_network
6E,6E990,10077.00,INR,2026-10-21,playwright_network
6E,6E2618,10077.00,INR,2026-10-21,playwright_network
6E,6E6829,10077.00,INR,2026-10-21,playwright_network
6E,6E950,10156.00,INR,2026-10-21,playwright_network
6E,6E2331,10156.00,INR,2026-10-21,playwright_network
6E,6E6091,10156.00,INR,2026-10-21,playwright_network
6E,6E933,10156.00,INR,2026-10-21,playwright_network
6E,6E2150,10156.00,INR,2026-10-21,playwright_network
6E,6E6190,10156.00,INR,2026-10-21,playwright_network
6E,6E5033,10156.00,INR,2026-10-21,playwright_network
QP,QP1574,10231.00,INR,2026-10-21,playwright_network
QP,QP1335,10231.00,INR,2026-10-21,playwright_network
6E,6E6497,10287.00,INR,2026-10-21,playwright_network
6E,6E2769,10287.00,INR,2026-10-21,playwright_network
6E,6E861,10349.00,INR,2026-10-21,playwright_network
6E,6E837,10349.00,INR,2026-10-21,playwright_network
6E,6E880,10349.00,INR,2026-10-21,playwright_network
6E,6E820,10349.00,INR,2026-10-21,playwright_network
AI,AI2415,10662.00,INR,2026-10-21,playwright_network
AI,AI2412,10662.00,INR,2026-10-21,playwright_network
IX,IX2749,10831.00,INR,2026-10-21,playwright_network
QP,QP1824,10617.00,INR,2026-10-21,playwright_network
IX,IX1235,11138.00,INR,2026-10-21,playwright_network
QP,QP1822,10816.00,INR,2026-10-21,playwright_network
6E,6E811,10826.00,INR,2026-10-21,playwright_network
6E,6E828,10826.00,INR,2026-10-21,playwright_network
6E,6E5073,10851.00,INR,2026-10-21,playwright_network
6E,6E734,10851.00,INR,2026-10-21,playwright_network
6E,6E5119,10851.00,INR,2026-10-21,playwright_network
SG,SG162,11216.00,INR,2026-10-21,playwright_network
6E,6E6632,10930.00,INR,2026-10-21,playwright_network
AI,AI2817,11139.00,INR,2026-10-21,playwright_network
AI,AI2485,11139.00,INR,2026-10-21,playwright_network
AI,AI2809,11139.00,INR,2026-10-21,playwright_network
AI,AI2664,11139.00,INR,2026-10-21,playwright_network
AI,AI2487,11139.00,INR,2026-10-21,playwright_network
SG,SG802,11578.00,INR,2026-10-21,playwright_network
SG,SG9091,11578.00,INR,2026-10-21,playwright_network
AI,AI2813,11641.00,INR,2026-10-21,playwright_network
SG,SG9091,11891.00,INR,2026-10-21,playwright_network
6E,6E717,11565.00,INR,2026-10-21,playwright_network
6E,6E6459,11696.00,INR,2026-10-21,playwright_network
IX,IX1617,12037.00,INR,2026-10-21,playwright_network
AI,AI2609,12120.00,INR,2026-10-21,playwright_network
AI,AI2547,12120.00,INR,2026-10-21,playwright_network
SG,SG9091,12266.00,INR,2026-10-21,playwright_network
AI,AI2973,12338.00,INR,2026-10-21,playwright_network
AI,AI1730,12338.00,INR,2026-10-21,playwright_network
AI,AI2819,12384.00,INR,2026-10-21,playwright_network
AI,AI2711,12423.00,INR,2026-10-21,playwright_network
IX,IX1076,12726.00,INR,2026-10-21,playwright_network
AI,AI2653,12726.00,INR,2026-10-21,playwright_network
AI,AI2417,12951.00,INR,2026-10-21,playwright_network
IX,IX1038,13101.00,INR,2026-10-21,playwright_network
AI,AI1742,13305.00,INR,2026-10-21,playwright_network
AI,AI2601,13305.00,INR,2026-10-21,playwright_network
AI,AI2909,13513.00,INR,2026-10-21,playwright_network
AI,AI531,13513.00,INR,2026-10-21,playwright_network
IX,IX1046,13836.00,INR,2026-10-21,playwright_network
AI,AI809,13730.00,INR,2026-10-21,playwright_network
6E,6E2277,13709.00,INR,2026-10-21,playwright_network
AI,AI2895,14018.00,INR,2026-10-21,playwright_network
AI,AI2835,14018.00,INR,2026-10-21,playwright_network
AI,AI2547,14052.00,INR,2026-10-21,playwright_network
AI,AI2973,14270.00,INR,2026-10-21,playwright_network
AI,AI1730,14270.00,INR,2026-10-21,playwright_network
AI,AI1735,14270.00,INR,2026-10-21,playwright_network
AI,AI465,14515.00,INR,2026-10-21,playwright_network
AI,AI2545,14570.00,INR,2026-10-21,playwright_network
IX,IX1811,15187.00,INR,2026-10-21,playwright_network
AI,AI2483,14974.00,INR,2026-10-21,playwright_network
IX,IX1090,15205.00,INR,2026-10-21,playwright_network
AI,AI1780,15681.00,INR,2026-10-21,playwright_network
IX,IX1068,16419.00,INR,2026-10-21,playwright_network
6E,6E5038,16231.00,INR,2026-10-21,playwright_network
IX,IX1108,17290.00,INR,2026-10-21,playwright_network
AI,AI1793,17150.00,INR,2026-10-21,playwright_network
AI,AI2560,17537.00,INR,2026-10-21,playwright_network
AI,AI544,17537.00,INR,2026-10-21,playwright_network
AI,AI2532,17587.00,INR,2026-10-21,playwright_network
AI,AI437,17621.00,INR,2026-10-21,playwright_network
IX,IX1461,17947.00,INR,2026-10-21,playwright_network
SG,SG754,17753.00,INR,2026-10-21,playwright_network
AI,AI1702,17866.00,INR,2026-10-21,playwright_network
AI,AI2879,18192.00,INR,2026-10-21,playwright_network
6E,6E6217,19292.00,INR,2026-10-21,playwright_network
IX,IX1067,19842.00,INR,2026-10-21,playwright_network
IX,IX1812,19985.00,INR,2026-10-21,playwright_network
6E,6E754,20048.00,INR,2026-10-21,playwright_network
IX,IX1811,20918.00,INR,2026-10-21,playwright_network
IX,IX1980,20965.00,INR,2026-10-21,playwright_network
IX,IX1012,21116.00,INR,2026-10-21,playwright_network
IX,IX1046,21981.00,INR,2026-10-21,playwright_network
IX,IX1273,23895.00,INR,2026-10-21,playwright_network
6E,6E5191,23330.00,INR,2026-10-21,playwright_network
IX,IX1057,24325.00,INR,2026-10-21,playwright_network
IX,IX1783,24745.00,INR,2026-10-21,playwright_network
IX,IX1032,25158.00,INR,2026-10-21,playwright_network
IX,IX1076,25894.00,INR,2026-10-21,playwright_network
IX,IX1085,25968.00,INR,2026-10-21,playwright_network
IX,IX1054,26988.00,INR,2026-10-21,playwright_network
6E,6E513,27845.00,INR,2026-10-21,playwright_network
AI,AI2627,28409.00,INR,2026-10-21,playwright_network
IX,IX1035,29086.00,INR,2026-10-21,playwright_network
AI,AI2513,48006.00,INR,2026-10-21,playwright_network
SG,SG723,9342.00,INR,2026-11-05,playwright_network
SG,SG142,9342.00,INR,2026-11-05,playwright_network
SG,SG614,9342.00,INR,2026-11-05,playwright_network
IX,IX1261,9936.00,INR,2026-11-05,playwright_network
IX,IX1525,9936.00,INR,2026-11-05,playwright_network
IX,IX1071,9936.00,INR,2026-11-05,playwright_network
QP,QP1824,9859.00,INR,2026-11-05,playwright_network
QP,QP1827,9859.00,INR,2026-11-05,playwright_network
QP,QP1812,9859.00,INR,2026-11-05,playwright_network
6E,6E5116,9867.00,INR,2026-11-05,playwright_network
6E,6E2402,9867.00,INR,2026-11-05,playwright_network
6E,6E2177,9867.00,INR,2026-11-05,playwright_network
6E,6E871,9936.00,INR,2026-11-05,playwright_network
6E,6E846,9936.00,INR,2026-11-05,playwright_network
6E,6E861,9936.00,INR,2026-11-05,playwright_network
6E,6E811,9936.00,INR,2026-11-05,playwright_network
6E,6E880,9936.00,INR,2026-11-05,playwright_network
6E,6E2329,9936.00,INR,2026-11-05,playwright_network
6E,6E837,9936.00,INR,2026-11-05,playwright_network
6E,6E850,9936.00,INR,2026-11-05,playwright_network
6E,6E842,9936.00,INR,2026-11-05,playwright_network
6E,6E826,9936.00,INR,2026-11-05,playwright_network
6E,6E873,9936.00,INR,2026-11-05,playwright_network
6E,6E810,9936.00,INR,2026-11-05,playwright_network
6E,6E2314,9936.00,INR,2026-11-05,playwright_network
6E,6E176,9936.00,INR,2026-11-05,playwright_network
IX,IX1263,10275.00,INR,2026-11-05,playwright_network
6E,6E6217,9946.00,INR,2026-11-05,playwright_network
6E,6E717,9946.00,INR,2026-11-05,playwright_network
6E,6E6293,9946.00,INR,2026-11-05,playwright_network
6E,6E2303,9946.00,INR,2026-11-05,playwright_network
6E,6E5058,9946.00,INR,2026-11-05,playwright_network
QP,QP1302,10042.00,INR,2026-11-05,playwright_network
6E,6E637,10077.00,INR,2026-11-05,playwright_network
6E,6E6446,10077.00,INR,2026-11-05,playwright_network
6E,6E2343,10077.00,INR,2026-11-05,playwright_network
6E,6E976,10156.00,INR,2026-11-05,playwright_network
6E,6E2411,10156.00,INR,2026-11-05,playwright_network
6E,6E2150,10156.00,INR,2026-11-05,playwright_network
6E,6E6131,10156.00,INR,2026-11-05,playwright_network
6E,6E2140,10156.00,INR,2026-11-05,playwright_network
6E,6E2277,10156.00,INR,2026-11-05,playwright_network
6E,6E6115,10156.00,INR,2026-11-05,playwright_network
6E,6E434,10156.00,INR,2026-11-05,playwright_network
6E,6E2336,10156.00,INR,2026-11-05,playwright_network
6E,6E6091,10156.00,INR,2026-11-05,playwright_network
6E,6E2346,10156.00,INR,2026-11-05,playwright_network
AI,AI427,10406.00,INR,2026-11-05,playwright_network
AI,AI2409,10406.00,INR,2026-11-05,playwright_network
AI,AI2803,10406.00,INR,2026-11-05,playwright_network
AI,AI2415,10406.00,INR,2026-11-05,playwright_network
AI,AI2485,10406.00,INR,2026-11-05,playwright_network
AI,AI2513,10406.00,INR,2026-11-05,playwright_network
AI,AI2412,10406.00,INR,2026-11-05,playwright_network
AI,AI2515,10406.00,INR,2026-11-05,playwright_network
6E,6E2771,10287.00,INR,2026-11-05,playwright_network
6E,6E5373,10287.00,INR,2026-11-05,playwright_network
6E,6E6073,10287.00,INR,2026-11-05,playwright_network
6E,6E2296,10287.00,INR,2026-11-05,playwright_network
6E,6E2045,10314.00,INR,2026-11-05,playwright_network
IX,IX1196,10648.00,INR,2026-11-05,playwright_network
6E,6E820,10349.00,INR,2026-11-05,playwright_network
6E,6E6515,10349.00,INR,2026-11-05,playwright_network
IX,IX1385,10695.00,INR,2026-11-05,playwright_network
IX,IX1392,10695.00,INR,2026-11-05,playwright_network
AI,AI2819,10585.00,INR,2026-11-05,playwright_network
AI,AI2417,10585.00,INR,2026-11-05,playwright_network
AI,AI2512,10819.00,INR,2026-11-05,playwright_network
AI,AI2809,10819.00,INR,2026-11-05,playwright_network
6E,6E6488,10851.00,INR,2026-11-05,playwright_network
AI,AI2487,11297.00,INR,2026-11-05,playwright_network
IX,IX1082,11511.00,INR,2026-11-05,playwright_network
AI,AI2545,11407.00,INR,2026-11-05,playwright_network
AI,AI2757,11799.00,INR,2026-11-05,playwright_network
AI,AI2545,11932.00,INR,2026-11-05,playwright_network
AI,AI2577,11932.00,INR,2026-11-05,playwright_network
6E,6E5162,11750.00,INR,2026-11-05,playwright_network
6E,6E6076,11775.00,INR,2026-11-05,playwright_network
SG,SG612,12798.00,INR,2026-11-05,playwright_network
SG,SG475,12798.00,INR,2026-11-05,playwright_network
SG,SG510,12798.00,INR,2026-11-05,playwright_network
SG,SG603,12798.00,INR,2026-11-05,playwright_network
AI,AI2706,12746.00,INR,2026-11-05,playwright_network
AI,AI2643,12746.00,INR,2026-11-05,playwright_network
SG,SG186,13005.00,INR,2026-11-05,playwright_network
SG,SG105,13005.00,INR,2026-11-05,playwright_network
SG,SG600,13005.00,INR,2026-11-05,playwright_network
AI,AI2532,12932.00,INR,2026-11-05,playwright_network
SG,SG612,13325.00,INR,2026-11-05,playwright_network
SG,SG475,13325.00,INR,2026-11-05,playwright_network
SG,SG510,13325.00,INR,2026-11-05,playwright_network
SG,SG603,13325.00,INR,2026-11-05,playwright_network
IX,IX1076,13348.00,INR,2026-11-05,playwright_network
6E,6E894,13040.00,INR,2026-11-05,playwright_network
IX,IX1210,13558.00,INR,2026-11-05,playwright_network
AI,AI1724,13617.00,INR,2026-11-05,playwright_network
AI,AI2879,13811.00,INR,2026-11-05,playwright_network
AI,AI2449,13811.00,INR,2026-11-05,playwright_network
AI,AI2899,13811.00,INR,2026-11-05,playwright_network
AI,AI2859,13811.00,INR,2026-11-05,playwright_network
AI,AI2549,13811.00,INR,2026-11-05,playwright_network
IX,IX2233,13982.00,INR,2026-11-05,playwright_network
IX,IX1230,14074.00,INR,2026-11-05,playwright_network
AI,AI1706,13985.00,INR,2026-11-05,playwright_network
AI,AI2449,13985.00,INR,2026-11-05,playwright_network
AI,AI2549,13985.00,INR,2026-11-05,playwright_network
AI,AI2542,14260.00,INR,2026-11-05,playwright_network
AI,AI1725,14279.00,INR,2026-11-05,playwright_network
AI,AI2560,14345.00,INR,2026-11-05,playwright_network
IX,IX1056,14492.00,INR,2026-11-05,playwright_network
SG,SG612,14552.00,INR,2026-11-05,playwright_network
SG,SG475,14552.00,INR,2026-11-05,playwright_network
IX,IX1076,14641.00,INR,2026-11-05,playwright_network
IX,IX1083,14686.00,INR,2026-11-05,playwright_network
AI,AI2465,14645.00,INR,2026-11-05,playwright_network
SG,SG604,15192.00,INR,2026-11-05,playwright_network
AI,AI2495,15164.00,INR,2026-11-05,playwright_network
IX,IX2233,15504.00,INR,2026-11-05,playwright_network
6E,6E6878,16037.00,INR,2026-11-05,playwright_network
AI,AI2509,16764.00,INR,2026-11-05,playwright_network
AI,AI1753,17295.00,INR,2026-11-05,playwright_network
AI,AI2565,17477.00,INR,2026-11-05,playwright_network
IX,IX1672,17914.00,INR,2026-11-05,playwright_network
6E,6E6517,17678.00,INR,2026-11-05,playwright_network
IX,IX1672,18282.00,INR,2026-11-05,playwright_network
IX,IX1085,18480.00,INR,2026-11-05,playwright_network
SG,SG608,19591.00,INR,2026-11-05,playwright_network
SG,SG711,19591.00,INR,2026-11-05,playwright_network
IX,IX1032,18848.00,INR,2026-11-05,playwright_network
AI,AI2971,18550.00,INR,2026-11-05,playwright_network
AI,AI487,18570.00,INR,2026-11-05,playwright_network
AI,AI2525,18653.00,INR,2026-11-05,playwright_network
AI,AI2523,18653.00,INR,2026-11-05,playwright_network
AI,AI2973,18658.00,INR,2026-11-05,playwright_network
6E,6E2105,18662.00,INR,2026-11-05,playwright_network
IX,IX1041,20570.00,INR,2026-11-05,playwright_network
6E,6E6868,20657.00,INR,2026-11-05,playwright_network
6E,6E2361,20701.00,INR,2026-11-05,playwright_network
IX,IX1274,22708.00,INR,2026-11-05,playwright_network
IX,IX1510,23145.00,INR,2026-11-05,playwright_network
IX,IX1510,23461.00,INR,2026-11-05,playwright_network
IX,IX1046,23973.00,INR,2026-11-05,playwright_network
IX,IX1046,24273.00,INR,2026-11-05,playwright_network
IX,IX1067,23968.00,INR,2026-11-05,playwright_network
IX,IX2764,25442.00,INR,2026-11-05,playwright_network
IX,IX1274,25228.00,INR,2026-11-05,playwright_network
6E,6E6347,24634.00,INR,2026-11-05,playwright_network
IX,IX2764,26231.00,INR,2026-11-05,playwright_network
AI,AI2767,25803.00,INR,2026-11-05,playwright_network
IX,IX1068,27943.00,INR,2026-11-05,playwright_network
AI,AI881,27555.00,INR,2026-11-05,playwright_network
QP,QP1119,6880.00,INR,2026-09-28,playwright_network
QP,QP1112,6880.00,INR,2026-09-28,playwright_network
QP,QP1110,6880.00,INR,2026-09-28,playwright_network
QP,QP1836,6880.00,INR,2026-09-28,playwright_network
QP,QP1128,6880.00,INR,2026-09-28,playwright_network
QP,QP1820,6880.00,INR,2026-09-28,playwright_network
QP,QP1826,6880.00,INR,2026-09-28,playwright_network
QP,QP1833,7327.00,INR,2026-09-28,playwright_network
QP,UNSPECIFIED,6530.00,INR,2026-10-06,playwright_network
QP,UNSPECIFIED,6530.00,INR,2026-10-06,playwright_network
QP,UNSPECIFIED,7103.00,INR,2026-11-05,playwright_network
QP,UNSPECIFIED,7103.00,INR,2026-11-05,playwright_network
QP,UNSPECIFIED,5673.00,INR,2026-09-28,playwright_network
QP,UNSPECIFIED,5673.00,INR,2026-09-28,playwright_network
QP,UNSPECIFIED,5050.00,INR,2026-10-06,playwright_network
QP,UNSPECIFIED,5050.00,INR,2026-10-21,playwright_network
QP,QP1824,9179.00,INR,2026-09-22,playwright_network
QP,QP1308,9179.00,INR,2026-09-22,playwright_network
QP,QP1350,9179.00,INR,2026-09-22,playwright_network
QP,QP1812,9179.00,INR,2026-09-22,playwright_network
QP,UNSPECIFIED,8829.00,INR,2026-09-28,playwright_network
QP,UNSPECIFIED,8829.00,INR,2026-09-28,playwright_network
QP,UNSPECIFIED,8829.00,INR,2026-10-06,playwright_network
QP,UNSPECIFIED,8829.00,INR,2026-10-06,playwright_network
QP,UNSPECIFIED,9859.00,INR,2026-10-21,playwright_network
QP,UNSPECIFIED,9859.00,INR,2026-10-21,playwright_network
QP,UNSPECIFIED,9859.00,INR,2026-11-05,playwright_network
QP,UNSPECIFIED,9859.00,INR,2026-11-05,playwright_network
SG,SG9091,5999.00,INR,2026-09-22,playwright_network
6E,6E6171,6090.00,INR,2026-09-22,playwright_network
6E,6E931,6090.00,INR,2026-09-22,playwright_network
6E,6E6983,6090.00,INR,2026-09-22,playwright_network
6E,6E6261,6090.00,INR,2026-09-22,playwright_network
6E,6E2331,6090.00,INR,2026-09-22,playwright_network
IX,IX1235,6529.00,INR,2026-09-22,playwright_network
IX,IX1056,6529.00,INR,2026-09-22,playwright_network
6E,6E2169,6222.00,INR,2026-09-22,playwright_network
6E,6E2249,6222.00,INR,2026-09-22,playwright_network
6E,6E6829,6222.00,INR,2026-09-22,playwright_network
6E,6E5138,6222.00,INR,2026-09-22,playwright_network
6E,6E6459,6222.00,INR,2026-09-22,playwright_network
6E,6E6479,6300.00,INR,2026-09-22,playwright_network
6E,6E6050,6300.00,INR,2026-09-22,playwright_network
6E,6E6282,6432.00,INR,2026-09-22,playwright_network
6E,6E882,6432.00,INR,2026-09-22,playwright_network
6E,6E704,6432.00,INR,2026-09-22,playwright_network
6E,6E6497,6432.00,INR,2026-09-22,playwright_network
SG,SG162,6845.00,INR,2026-09-22,playwright_network
6E,6E324,6530.00,INR,2026-09-22,playwright_network
QP,QP1119,6530.00,INR,2026-09-22,playwright_network
QP,QP1110,6530.00,INR,2026-09-22,playwright_network
QP,QP1807,6530.00,INR,2026-09-22,playwright_network
QP,QP1820,6530.00,INR,2026-09-22,playwright_network
6E,6E449,6530.00,INR,2026-09-22,playwright_network
6E,6E322,6530.00,INR,2026-09-22,playwright_network
6E,6E6706,6530.00,INR,2026-09-22,playwright_network
6E,6E864,6530.00,INR,2026-09-22,playwright_network
6E,6E6676,6530.00,INR,2026-09-22,playwright_network
6E,6E6047,6530.00,INR,2026-09-22,playwright_network
6E,6E6218,6530.00,INR,2026-09-22,playwright_network
6E,6E6318,6530.00,INR,2026-09-22,playwright_network
QP,QP1112,6530.00,INR,2026-09-22,playwright_network
QP,QP1128,6530.00,INR,2026-09-22,playwright_network
6E,6E327,6530.00,INR,2026-09-22,playwright_network
6E,6E6328,6530.00,INR,2026-09-22,playwright_network
QP,QP1836,6530.00,INR,2026-09-22,playwright_network
6E,6E6022,6530.00,INR,2026-09-22,playwright_network
6E,6E6107,6530.00,INR,2026-09-22,playwright_network
6E,6E5119,6562.00,INR,2026-09-22,playwright_network
6E,6E329,6583.00,INR,2026-09-22,playwright_network
QP,QP1826,6609.00,INR,2026-09-22,playwright_network
6E,6E395,6656.00,INR,2026-09-22,playwright_network
6E,6E6114,6656.00,INR,2026-09-22,playwright_network
6E,6E357,6982.00,INR,2026-09-22,playwright_network
6E,6E303,7003.00,INR,2026-09-22,playwright_network
6E,6E675,7003.00,INR,2026-09-22,playwright_network
6E,6E2013,7080.00,INR,2026-09-22,playwright_network
6E,6E5073,7080.00,INR,2026-09-22,playwright_network
6E,6E6433,7212.00,INR,2026-09-22,playwright_network
6E,6E354,7370.00,INR,2026-09-22,playwright_network
QP,QP1833,7501.00,INR,2026-09-22,playwright_network
6E,6E6010,7737.00,INR,2026-09-22,playwright_network
6E,6E6443,7781.00,INR,2026-09-22,playwright_network
6E,6E5298,7860.00,INR,2026-09-22,playwright_network
6E,6E6293,7991.00,INR,2026-09-22,playwright_network
IX,IX1068,8349.00,INR,2026-09-22,playwright_network
IX,IX1165,8821.00,INR,2026-09-22,playwright_network
IX,IX1003,9071.00,INR,2026-09-22,playwright_network
AI,AI2569,9526.00,INR,2026-09-22,playwright_network
AI,AI1717,9526.00,INR,2026-09-22,playwright_network
IX,IX1059,9971.00,INR,2026-09-22,playwright_network
6E,6E5073,9721.00,INR,2026-09-22,playwright_network
AI,AI1710,9957.00,INR,2026-09-22,playwright_network
6E,6E5206,9828.00,INR,2026-09-22,playwright_network
6E,6E2076,10554.00,INR,2026-09-22,playwright_network
6E,6E2349,12232.00,INR,2026-09-22,playwright_network
6E,6E6601,12815.00,INR,2026-09-22,playwright_network
AI,AI2907,13106.00,INR,2026-09-22,playwright_network
6E,6E5038,12918.00,INR,2026-09-22,playwright_network
IX,IX1067,13780.00,INR,2026-09-22,playwright_network
IX,IX1108,14287.00,INR,2026-09-22,playwright_network
IX,IX1070,14299.00,INR,2026-09-22,playwright_network
IX,IX1049,14732.00,INR,2026-09-22,playwright_network
IX,IX1001,14989.00,INR,2026-09-22,playwright_network
6E,6E358,14571.00,INR,2026-09-22,playwright_network
AI,AI9584,14849.00,INR,2026-09-22,playwright_network
IX,IX1108,15287.00,INR,2026-09-22,playwright_network
AI,AI1717,15383.00,INR,2026-09-22,playwright_network
AI,AI1743,16186.00,INR,2026-09-22,playwright_network
6E,6E2381,17023.00,INR,2026-09-22,playwright_network
AI,AI1703,17416.00,INR,2026-09-22,playwright_network
6E,6E705,17460.00,INR,2026-09-22,playwright_network
IX,IX1783,17973.00,INR,2026-09-22,playwright_network
6E,6E5014,17597.00,INR,2026-09-22,playwright_network
IX,IX1817,18298.00,INR,2026-09-22,playwright_network
IX,IX1049,18824.00,INR,2026-09-22,playwright_network
6E,6E758,20115.00,INR,2026-09-22,playwright_network
AI,AI2509,27728.00,INR,2026-09-22,playwright_network
IX,IX1056,6688.00,INR,2026-09-28,playwright_network
IX,IX1165,6611.00,INR,2026-09-28,playwright_network
IX,IX1392,6611.00,INR,2026-09-28,playwright_network
6E,6E303,6530.00,INR,2026-09-28,playwright_network
6E,6E6676,6530.00,INR,2026-09-28,playwright_network
6E,6E324,6530.00,INR,2026-09-28,playwright_network
QP,QP1119,6530.00,INR,2026-09-28,playwright_network
QP,QP1110,6530.00,INR,2026-09-28,playwright_network
QP,QP1820,6530.00,INR,2026-09-28,playwright_network
6E,6E449,6530.00,INR,2026-09-28,playwright_network
6E,6E322,6530.00,INR,2026-09-28,playwright_network
6E,6E329,6530.00,INR,2026-09-28,playwright_network
6E,6E6706,6530.00,INR,2026-09-28,playwright_network
6E,6E864,6530.00,INR,2026-09-28,playwright_network
6E,6E6318,6530.00,INR,2026-09-28,playwright_network
6E,6E675,6530.00,INR,2026-09-28,playwright_network
6E,6E6047,6530.00,INR,2026-09-28,playwright_network
QP,QP1112,6530.00,INR,2026-09-28,playwright_network
QP,QP1128,6530.00,INR,2026-09-28,playwright_network
6E,6E327,6530.00,INR,2026-09-28,playwright_network
6E,6E6328,6530.00,INR,2026-09-28,playwright_network
QP,QP1836,6530.00,INR,2026-09-28,playwright_network
QP,QP1826,6530.00,INR,2026-09-28,playwright_network
6E,6E354,6530.00,INR,2026-09-28,playwright_network
6E,6E6022,6530.00,INR,2026-09-28,playwright_network
6E,6E6107,6530.00,INR,2026-09-28,playwright_network
6E,6E5014,6618.00,INR,2026-09-28,playwright_network
6E,6E2383,6618.00,INR,2026-09-28,playwright_network
6E,6E2076,6618.00,INR,2026-09-28,playwright_network
6E,6E931,6618.00,INR,2026-09-28,playwright_network
6E,6E2013,6618.00,INR,2026-09-28,playwright_network
6E,6E6983,6618.00,INR,2026-09-28,playwright_network
6E,6E6261,6618.00,INR,2026-09-28,playwright_network
6E,6E5119,6618.00,INR,2026-09-28,playwright_network
6E,6E5073,6618.00,INR,2026-09-28,playwright_network
6E,6E2331,6618.00,INR,2026-09-28,playwright_network
6E,6E853,6688.00,INR,2026-09-28,playwright_network
6E,6E6218,6688.00,INR,2026-09-28,playwright_network
6E,6E6114,6688.00,INR,2026-09-28,playwright_network
6E,6E395,6688.00,INR,2026-09-28,playwright_network
6E,6E2169,6750.00,INR,2026-09-28,playwright_network
6E,6E2249,6750.00,INR,2026-09-28,playwright_network
6E,6E6829,6750.00,INR,2026-09-28,playwright_network
6E,6E6443,6750.00,INR,2026-09-28,playwright_network
6E,6E5138,6750.00,INR,2026-09-28,playwright_network
6E,6E6459,6750.00,INR,2026-09-28,playwright_network
6E,6E6433,6750.00,INR,2026-09-28,playwright_network
6E,6E6569,6750.00,INR,2026-09-28,playwright_network
6E,6E6479,6828.00,INR,2026-09-28,playwright_network
6E,6E6050,6828.00,INR,2026-09-28,playwright_network
6E,6E5038,6828.00,INR,2026-09-28,playwright_network
6E,6E320,6898.00,INR,2026-09-28,playwright_network
6E,6E6601,6960.00,INR,2026-09-28,playwright_network
6E,6E6282,6960.00,INR,2026-09-28,playwright_network
6E,6E882,6960.00,INR,2026-09-28,playwright_network
6E,6E704,6960.00,INR,2026-09-28,playwright_network
6E,6E6212,6960.00,INR,2026-09-28,playwright_network
6E,6E6497,6960.00,INR,2026-09-28,playwright_network
QP,QP1833,6977.00,INR,2026-09-28,playwright_network
IX,IX1235,7513.00,INR,2026-09-28,playwright_network
6E,6E6814,7160.00,INR,2026-09-28,playwright_network
6E,6E5206,7352.00,INR,2026-09-28,playwright_network
SG,SG2802,8001.00,INR,2026-09-28,playwright_network
IX,IX1754,8349.00,INR,2026-09-28,playwright_network
6E,6E705,8059.00,INR,2026-09-28,playwright_network
SG,SG162,8459.00,INR,2026-09-28,playwright_network
IX,IX1068,9071.00,INR,2026-09-28,playwright_network
6E,6E5298,9257.00,INR,2026-09-28,playwright_network
AI,AI2569,9526.00,INR,2026-09-28,playwright_network
AI,AI1710,9526.00,INR,2026-09-28,playwright_network
IX,IX1059,9971.00,INR,2026-09-28,playwright_network
IX,IX1003,9971.00,INR,2026-09-28,playwright_network
AI,AI1717,9957.00,INR,2026-09-28,playwright_network
AI,AI9920,11023.00,INR,2026-09-28,playwright_network
6E,6E2381,10994.00,INR,2026-09-28,playwright_network
IX,IX1812,12222.00,INR,2026-09-28,playwright_network
6E,6E357,12053.00,INR,2026-09-28,playwright_network
AI,AI9674,12284.00,INR,2026-09-28,playwright_network
6E,6E5119,12594.00,INR,2026-09-28,playwright_network
IX,IX1082,13047.00,INR,2026-09-28,playwright_network
IX,IX1817,13047.00,INR,2026-09-28,playwright_network
6E,6E6293,12795.00,INR,2026-09-28,playwright_network
IX,IX1049,13677.00,INR,2026-09-28,playwright_network
6E,6E5073,13632.00,INR,2026-09-28,playwright_network
AI,AI2569,15383.00,INR,2026-09-28,playwright_network
AI,AI2761,16159.00,INR,2026-09-28,playwright_network
IX,IX1815,17320.00,INR,2026-09-28,playwright_network
IX,IX1108,16754.00,INR,2026-09-28,playwright_network
IX,IX1811,17993.00,INR,2026-09-28,playwright_network
6E,6E358,16708.00,INR,2026-09-28,playwright_network
AI,AI1780,17042.00,INR,2026-09-28,playwright_network
AI,AI9584,17264.00,INR,2026-09-28,playwright_network
AI,AI1773,17416.00,INR,2026-09-28,playwright_network
AI,AI495,17416.00,INR,2026-09-28,playwright_network
AI,AI1703,17416.00,INR,2026-09-28,playwright_network
AI,AI479,17416.00,INR,2026-09-28,playwright_network
AI,AI1703,17729.00,INR,2026-09-28,playwright_network
IX,IX1783,18707.00,INR,2026-09-28,playwright_network
IX,IX1001,19189.00,INR,2026-09-28,playwright_network
IX,IX1067,19396.00,INR,2026-09-28,playwright_network
AI,AI2577,19336.00,INR,2026-09-28,playwright_network
AI,AI2859,19654.00,INR,2026-09-28,playwright_network
AI,AI2465,19759.00,INR,2026-09-28,playwright_network
AI,AI2907,20375.00,INR,2026-09-28,playwright_network
AI,AI1779,20423.00,INR,2026-09-28,playwright_network
IX,IX1081,21970.00,INR,2026-09-28,playwright_network
IX,IX1049,21974.00,INR,2026-09-28,playwright_network
IX,IX1273,22759.00,INR,2026-09-28,playwright_network
AI,AI2483,22695.00,INR,2026-09-28,playwright_network
AI,AI2525,22727.00,INR,2026-09-28,playwright_network
AI,AI1739,23786.00,INR,2026-09-28,playwright_network
IX,IX1108,29159.00,INR,2026-09-28,playwright_network
AI,AI2627,34566.00,INR,2026-09-28,playwright_network
IX,IX1165,6011.00,INR,2026-10-06,playwright_network
SG,SG162,6447.00,INR,2026-10-06,playwright_network
6E,6E5014,6090.00,INR,2026-10-06,playwright_network
6E,6E6454,6090.00,INR,2026-10-06,playwright_network
6E,6E5119,6090.00,INR,2026-10-06,playwright_network
6E,6E6171,6090.00,INR,2026-10-06,playwright_network
6E,6E2076,6090.00,INR,2026-10-06,playwright_network
6E,6E931,6090.00,INR,2026-10-06,playwright_network
6E,6E6983,6090.00,INR,2026-10-06,playwright_network
6E,6E6261,6090.00,INR,2026-10-06,playwright_network
IX,IX1235,6529.00,INR,2026-10-06,playwright_network
6E,6E2169,6222.00,INR,2026-10-06,playwright_network
6E,6E2249,6222.00,INR,2026-10-06,playwright_network
6E,6E6829,6222.00,INR,2026-10-06,playwright_network
6E,6E6443,6222.00,INR,2026-10-06,playwright_network
6E,6E5138,6222.00,INR,2026-10-06,playwright_network
6E,6E6459,6222.00,INR,2026-10-06,playwright_network
6E,6E6433,6222.00,INR,2026-10-06,playwright_network
IX,IX1049,6611.00,INR,2026-10-06,playwright_network
IX,IX1082,6611.00,INR,2026-10-06,playwright_network
IX,IX1817,6611.00,INR,2026-10-06,playwright_network
6E,6E6479,6300.00,INR,2026-10-06,playwright_network
6E,6E5298,6300.00,INR,2026-10-06,playwright_network
6E,6E758,6300.00,INR,2026-10-06,playwright_network
6E,6E6050,6300.00,INR,2026-10-06,playwright_network
6E,6E5038,6300.00,INR,2026-10-06,playwright_network
IX,IX1056,6688.00,INR,2026-10-06,playwright_network
6E,6E6601,6432.00,INR,2026-10-06,playwright_network
6E,6E6282,6432.00,INR,2026-10-06,playwright_network
6E,6E882,6432.00,INR,2026-10-06,playwright_network
6E,6E6026,6432.00,INR,2026-10-06,playwright_network
6E,6E704,6432.00,INR,2026-10-06,playwright_network
6E,6E717,6432.00,INR,2026-10-06,playwright_network
6E,6E6212,6432.00,INR,2026-10-06,playwright_network
6E,6E2381,6432.00,INR,2026-10-06,playwright_network
6E,6E705,6432.00,INR,2026-10-06,playwright_network
6E,6E358,6510.00,INR,2026-10-06,playwright_network
6E,6E324,6530.00,INR,2026-10-06,playwright_network
QP,QP1807,6530.00,INR,2026-10-06,playwright_network
6E,6E322,6530.00,INR,2026-10-06,playwright_network
6E,6E864,6530.00,INR,2026-10-06,playwright_network
6E,6E6318,6530.00,INR,2026-10-06,playwright_network
6E,6E449,6530.00,INR,2026-10-06,playwright_network
6E,6E6047,6530.00,INR,2026-10-06,playwright_network
6E,6E6676,6530.00,INR,2026-10-06,playwright_network
6E,6E675,6530.00,INR,2026-10-06,playwright_network
QP,QP1833,6530.00,INR,2026-10-06,playwright_network
QP,QP1110,6530.00,INR,2026-10-06,playwright_network
QP,QP1128,6530.00,INR,2026-10-06,playwright_network
QP,QP1820,6530.00,INR,2026-10-06,playwright_network
6E,6E353,6530.00,INR,2026-10-06,playwright_network
6E,6E6114,6530.00,INR,2026-10-06,playwright_network
6E,6E327,6530.00,INR,2026-10-06,playwright_network
QP,QP1119,6530.00,INR,2026-10-06,playwright_network
QP,QP1826,6530.00,INR,2026-10-06,playwright_network
6E,6E6022,6530.00,INR,2026-10-06,playwright_network
6E,6E6107,6530.00,INR,2026-10-06,playwright_network
AI,AI1745,6730.00,INR,2026-10-06,playwright_network
AI,AI2678,6843.00,INR,2026-10-06,playwright_network
AI,AI2963,6843.00,INR,2026-10-06,playwright_network
AI,AI2425,6843.00,INR,2026-10-06,playwright_network
AI,AI2995,6843.00,INR,2026-10-06,playwright_network
AI,AI2945,6843.00,INR,2026-10-06,playwright_network
AI,AI2441,6843.00,INR,2026-10-06,playwright_network
AI,AI2933,6843.00,INR,2026-10-06,playwright_network
AI,AI2927,6843.00,INR,2026-10-06,playwright_network
6E,6E303,6688.00,INR,2026-10-06,playwright_network
6E,6E6218,6688.00,INR,2026-10-06,playwright_network
AI,AI2975,7001.00,INR,2026-10-06,playwright_network
AI,AI2951,7001.00,INR,2026-10-06,playwright_network
AI,AI2439,7005.00,INR,2026-10-06,playwright_network
AI,AI1785,7012.00,INR,2026-10-06,playwright_network
6E,6E853,6898.00,INR,2026-10-06,playwright_network
6E,6E6814,6898.00,INR,2026-10-06,playwright_network
6E,6E395,6898.00,INR,2026-10-06,playwright_network
6E,6E320,6898.00,INR,2026-10-06,playwright_network
6E,6E6328,6898.00,INR,2026-10-06,playwright_network
6E,6E354,6898.00,INR,2026-10-06,playwright_network
AI,AI2981,7211.00,INR,2026-10-06,playwright_network
AI,AI2429,7211.00,INR,2026-10-06,playwright_network
AI,AI2943,7211.00,INR,2026-10-06,playwright_network
AI,AI2433,7211.00,INR,2026-10-06,playwright_network
AI,AI2999,7211.00,INR,2026-10-06,playwright_network
AI,AI2957,7211.00,INR,2026-10-06,playwright_network
6E,6E5073,7080.00,INR,2026-10-06,playwright_network
AI,AI2985,7391.00,INR,2026-10-06,playwright_network
6E,6E2113,7290.00,INR,2026-10-06,playwright_network
6E,6E6706,7475.00,INR,2026-10-06,playwright_network
AI,AI441,7788.00,INR,2026-10-06,playwright_network
AI,AI2977,7929.00,INR,2026-10-06,playwright_network
IX,IX2749,8349.00,INR,2026-10-06,playwright_network
6E,6E5073,8276.00,INR,2026-10-06,playwright_network
IX,IX1059,9071.00,INR,2026-10-06,playwright_network
IX,IX1064,9071.00,INR,2026-10-06,playwright_network
IX,IX1783,9071.00,INR,2026-10-06,playwright_network
IX,IX1057,9071.00,INR,2026-10-06,playwright_network
IX,IX1812,9971.00,INR,2026-10-06,playwright_network
6E,6E2349,9657.00,INR,2026-10-06,playwright_network
SG,SG2802,10618.00,INR,2026-10-06,playwright_network
6E,6E329,10468.00,INR,2026-10-06,playwright_network
AI,AI9920,11484.00,INR,2026-10-06,playwright_network
IX,IX1081,12012.00,INR,2026-10-06,playwright_network
IX,IX1076,12012.00,INR,2026-10-06,playwright_network
IX,IX1067,12012.00,INR,2026-10-06,playwright_network
IX,IX1108,12235.00,INR,2026-10-06,playwright_network
AI,AI9418,12723.00,INR,2026-10-06,playwright_network
IX,IX1108,13258.00,INR,2026-10-06,playwright_network
IX,IX1068,13394.00,INR,2026-10-06,playwright_network
6E,6E6021,13212.00,INR,2026-10-06,playwright_network
AI,AI885,15350.00,INR,2026-10-06,playwright_network
IX,IX1815,16690.00,INR,2026-10-06,playwright_network
AI,AI1773,17938.00,INR,2026-10-06,playwright_network
AI,AI1703,17938.00,INR,2026-10-06,playwright_network
IX,IX1165,6245.00,INR,2026-10-21,playwright_network
IX,IX1392,6245.00,INR,2026-10-21,playwright_network
IX,IX1056,6529.00,INR,2026-10-21,playwright_network
IX,IX1235,6529.00,INR,2026-10-21,playwright_network
SG,SG162,6528.00,INR,2026-10-21,playwright_network
QP,QP1820,6530.00,INR,2026-10-21,playwright_network
SG,SG9091,6892.00,INR,2026-10-21,playwright_network
SG,SG802,6892.00,INR,2026-10-21,playwright_network
IX,IX1082,7090.00,INR,2026-10-21,playwright_network
QP,QP1128,6977.00,INR,2026-10-21,playwright_network
QP,QP1119,6977.00,INR,2026-10-21,playwright_network
6E,6E324,7019.00,INR,2026-10-21,playwright_network
6E,6E322,7019.00,INR,2026-10-21,playwright_network
6E,6E6318,7019.00,INR,2026-10-21,playwright_network
6E,6E449,7019.00,INR,2026-10-21,playwright_network
6E,6E6218,7019.00,INR,2026-10-21,playwright_network
6E,6E6047,7019.00,INR,2026-10-21,playwright_network
6E,6E6676,7019.00,INR,2026-10-21,playwright_network
6E,6E675,7019.00,INR,2026-10-21,playwright_network
6E,6E353,7019.00,INR,2026-10-21,playwright_network
6E,6E6114,7019.00,INR,2026-10-21,playwright_network
6E,6E395,7019.00,INR,2026-10-21,playwright_network
6E,6E327,7019.00,INR,2026-10-21,playwright_network
6E,6E6328,7019.00,INR,2026-10-21,playwright_network
6E,6E6022,7019.00,INR,2026-10-21,playwright_network
6E,6E6107,7019.00,INR,2026-10-21,playwright_network
QP,QP1833,7103.00,INR,2026-10-21,playwright_network
QP,QP1110,7103.00,INR,2026-10-21,playwright_network
6E,6E5014,7120.00,INR,2026-10-21,playwright_network
6E,6E5073,7120.00,INR,2026-10-21,playwright_network
6E,6E5119,7120.00,INR,2026-10-21,playwright_network
6E,6E2076,7120.00,INR,2026-10-21,playwright_network
6E,6E931,7120.00,INR,2026-10-21,playwright_network
6E,6E6261,7120.00,INR,2026-10-21,playwright_network
AI,AI2678,7332.00,INR,2026-10-21,playwright_network
AI,AI2963,7332.00,INR,2026-10-21,playwright_network
AI,AI2975,7332.00,INR,2026-10-21,playwright_network
AI,AI2425,7332.00,INR,2026-10-21,playwright_network
AI,AI2941,7332.00,INR,2026-10-21,playwright_network
AI,AI1745,7332.00,INR,2026-10-21,playwright_network
AI,AI2995,7332.00,INR,2026-10-21,playwright_network
AI,AI2945,7332.00,INR,2026-10-21,playwright_network
AI,AI2999,7332.00,INR,2026-10-21,playwright_network
AI,AI2927,7332.00,INR,2026-10-21,playwright_network
6E,6E2169,7252.00,INR,2026-10-21,playwright_network
6E,6E2249,7252.00,INR,2026-10-21,playwright_network
6E,6E6829,7252.00,INR,2026-10-21,playwright_network
6E,6E6443,7252.00,INR,2026-10-21,playwright_network
6E,6E6459,7252.00,INR,2026-10-21,playwright_network
6E,6E6433,7252.00,INR,2026-10-21,playwright_network
AI,AI2433,7516.00,INR,2026-10-21,playwright_network
AI,AI1777,7516.00,INR,2026-10-21,playwright_network
AI,AI1785,7516.00,INR,2026-10-21,playwright_network
6E,6E6479,7330.00,INR,2026-10-21,playwright_network
6E,6E5298,7330.00,INR,2026-10-21,playwright_network
6E,6E758,7330.00,INR,2026-10-21,playwright_network
6E,6E6050,7330.00,INR,2026-10-21,playwright_network
6E,6E5038,7330.00,INR,2026-10-21,playwright_network
QP,QP1826,7366.00,INR,2026-10-21,playwright_network
AI,AI2439,7637.00,INR,2026-10-21,playwright_network
6E,6E6601,7462.00,INR,2026-10-21,playwright_network
6E,6E717,7462.00,INR,2026-10-21,playwright_network
6E,6E2381,7462.00,INR,2026-10-21,playwright_network
6E,6E705,7462.00,INR,2026-10-21,playwright_network
6E,6E303,7469.00,INR,2026-10-21,playwright_network
6E,6E853,7469.00,INR,2026-10-21,playwright_network
6E,6E329,7469.00,INR,2026-10-21,playwright_network
6E,6E6706,7469.00,INR,2026-10-21,playwright_network
6E,6E6814,7469.00,INR,2026-10-21,playwright_network
6E,6E354,7469.00,INR,2026-10-21,playwright_network
AI,AI2951,7782.00,INR,2026-10-21,playwright_network
AI,AI2981,7782.00,INR,2026-10-21,playwright_network
AI,AI2429,7782.00,INR,2026-10-21,playwright_network
AI,AI2441,7782.00,INR,2026-10-21,playwright_network
AI,AI441,7782.00,INR,2026-10-21,playwright_network
AI,AI2957,7782.00,INR,2026-10-21,playwright_network
6E,6E864,7769.00,INR,2026-10-21,playwright_network
6E,6E320,7769.00,INR,2026-10-21,playwright_network
AI,AI2985,7980.00,INR,2026-10-21,playwright_network
AI,AI2943,7980.00,INR,2026-10-21,playwright_network
AI,AI2805,8110.00,INR,2026-10-21,playwright_network
AI,AI2977,8307.00,INR,2026-10-21,playwright_network
AI,AI2955,8307.00,INR,2026-10-21,playwright_network
AI,AI2933,8570.00,INR,2026-10-21,playwright_network
IX,IX1817,9071.00,INR,2026-10-21,playwright_network
6E,6E5138,9150.00,INR,2026-10-21,playwright_network
6E,6E2113,9229.00,INR,2026-10-21,playwright_network
AI,AI2569,9526.00,INR,2026-10-21,playwright_network
AI,AI1710,9526.00,INR,2026-10-21,playwright_network
6E,6E2349,9374.00,INR,2026-10-21,playwright_network
6E,6E358,9439.00,INR,2026-10-21,playwright_network
IX,IX1108,9971.00,INR,2026-10-21,playwright_network
AI,AI1717,9957.00,INR,2026-10-21,playwright_network
6E,6E6171,9780.00,INR,2026-10-21,playwright_network
6E,6E6983,9780.00,INR,2026-10-21,playwright_network
AI,AI2499,10272.00,INR,2026-10-21,playwright_network
6E,6E704,10121.00,INR,2026-10-21,playwright_network
AI,AI1719,10735.00,INR,2026-10-21,playwright_network
IX,IX1783,10870.00,INR,2026-10-21,playwright_network
IX,IX1057,10870.00,INR,2026-10-21,playwright_network
AI,AI1705,10834.00,INR,2026-10-21,playwright_network
IX,IX1049,11285.00,INR,2026-10-21,playwright_network
6E,6E6282,10959.00,INR,2026-10-21,playwright_network
AI,AI9757,11175.00,INR,2026-10-21,playwright_network
6E,6E357,11418.00,INR,2026-10-21,playwright_network
6E,6E6212,11880.00,INR,2026-10-21,playwright_network
IX,IX1064,12222.00,INR,2026-10-21,playwright_network
AI,AI2509,12172.00,INR,2026-10-21,playwright_network
IX,IX2749,13867.00,INR,2026-10-21,playwright_network
6E,6E882,13751.00,INR,2026-10-21,playwright_network
IX,IX1273,14722.00,INR,2026-10-21,playwright_network
IX,IX1068,14834.00,INR,2026-10-21,playwright_network
AI,AI2761,14760.00,INR,2026-10-21,playwright_network
IX,IX1811,15191.00,INR,2026-10-21,playwright_network
IX,IX1081,15249.00,INR,2026-10-21,playwright_network
IX,IX1067,15249.00,INR,2026-10-21,playwright_network
AI,AI1710,15383.00,INR,2026-10-21,playwright_network
AI,AI1743,16186.00,INR,2026-10-21,playwright_network
AI,AI2601,16186.00,INR,2026-10-21,playwright_network
AI,AI2907,16781.00,INR,2026-10-21,playwright_network
IX,IX1059,17133.00,INR,2026-10-21,playwright_network
IX,IX1076,17191.00,INR,2026-10-21,playwright_network
AI,AI9584,17054.00,INR,2026-10-21,playwright_network
AI,AI2577,19336.00,INR,2026-10-21,playwright_network
AI,AI2465,19759.00,INR,2026-10-21,playwright_network
IX,IX1812,21171.00,INR,2026-10-21,playwright_network
IX,IX1815,21171.00,INR,2026-10-21,playwright_network
AI,AI1779,20863.00,INR,2026-10-21,playwright_network
AI,AI2627,20923.00,INR,2026-10-21,playwright_network
IX,IX1782,23139.00,INR,2026-10-21,playwright_network
AI,AI1739,23666.00,INR,2026-10-21,playwright_network
SG,SG612,6528.00,INR,2026-11-05,playwright_network
SG,SG510,6528.00,INR,2026-11-05,playwright_network
SG,SG475,6528.00,INR,2026-11-05,playwright_network
SG,SG603,6528.00,INR,2026-11-05,playwright_network
IX,IX1056,6688.00,INR,2026-11-05,playwright_network
IX,IX1235,6898.00,INR,2026-11-05,playwright_network
IX,IX1021,7094.00,INR,2026-11-05,playwright_network
6E,6E353,7019.00,INR,2026-11-05,playwright_network
6E,6E6114,7019.00,INR,2026-11-05,playwright_network
6E,6E395,7019.00,INR,2026-11-05,playwright_network
6E,6E853,7019.00,INR,2026-11-05,playwright_network
6E,6E328,7019.00,INR,2026-11-05,playwright_network
6E,6E6706,7019.00,INR,2026-11-05,playwright_network
6E,6E327,7019.00,INR,2026-11-05,playwright_network
6E,6E864,7019.00,INR,2026-11-05,playwright_network
6E,6E6318,7019.00,INR,2026-11-05,playwright_network
6E,6E6022,7019.00,INR,2026-11-05,playwright_network
6E,6E324,7019.00,INR,2026-11-05,playwright_network
6E,6E449,7019.00,INR,2026-11-05,playwright_network
6E,6E6218,7019.00,INR,2026-11-05,playwright_network
6E,6E320,7019.00,INR,2026-11-05,playwright_network
6E,6E6107,7019.00,INR,2026-11-05,playwright_network
6E,6E6328,7019.00,INR,2026-11-05,playwright_network
6E,6E6047,7019.00,INR,2026-11-05,playwright_network
6E,6E6676,7019.00,INR,2026-11-05,playwright_network
6E,6E675,7019.00,INR,2026-11-05,playwright_network
6E,6E6051,7019.00,INR,2026-11-05,playwright_network
QP,QP1112,7103.00,INR,2026-11-05,playwright_network
QP,QP1116,7103.00,INR,2026-11-05,playwright_network
QP,QP1118,7103.00,INR,2026-11-05,playwright_network
6E,6E6787,7120.00,INR,2026-11-05,playwright_network
6E,6E6878,7120.00,INR,2026-11-05,playwright_network
6E,6E6220,7120.00,INR,2026-11-05,playwright_network
6E,6E303,7169.00,INR,2026-11-05,playwright_network
6E,6E354,7169.00,INR,2026-11-05,playwright_network
QP,QP1114,7233.00,INR,2026-11-05,playwright_network
6E,6E6569,7252.00,INR,2026-11-05,playwright_network
6E,6E6004,7252.00,INR,2026-11-05,playwright_network
AI,AI2963,7489.00,INR,2026-11-05,playwright_network
AI,AI2425,7489.00,INR,2026-11-05,playwright_network
AI,AI887,7489.00,INR,2026-11-05,playwright_network
AI,AI2573,7489.00,INR,2026-11-05,playwright_network
AI,AI2975,7489.00,INR,2026-11-05,playwright_network
AI,AI2927,7489.00,INR,2026-11-05,playwright_network
AI,AI2945,7489.00,INR,2026-11-05,playwright_network
AI,AI2587,7489.00,INR,2026-11-05,playwright_network
AI,AI2987,7489.00,INR,2026-11-05,playwright_network
AI,AI2941,7489.00,INR,2026-11-05,playwright_network
AI,AI441,7489.00,INR,2026-11-05,playwright_network
AI,AI2555,7489.00,INR,2026-11-05,playwright_network
AI,AI2981,7489.00,INR,2026-11-05,playwright_network
AI,AI2999,7489.00,INR,2026-11-05,playwright_network
AI,AI2437,7489.00,INR,2026-11-05,playwright_network
6E,6E5225,7330.00,INR,2026-11-05,playwright_network
AI,AI2678,7615.00,INR,2026-11-05,playwright_network
AI,AI2957,7615.00,INR,2026-11-05,playwright_network
AI,AI2933,7639.00,INR,2026-11-05,playwright_network
6E,6E5058,7462.00,INR,2026-11-05,playwright_network
6E,6E6601,7462.00,INR,2026-11-05,playwright_network
6E,6E705,7462.00,INR,2026-11-05,playwright_network
6E,6E2303,7462.00,INR,2026-11-05,playwright_network
6E,6E329,7469.00,INR,2026-11-05,playwright_network
6E,6E6814,7469.00,INR,2026-11-05,playwright_network
AI,AI2943,7677.00,INR,2026-11-05,playwright_network
6E,6E358,7540.00,INR,2026-11-05,playwright_network
AI,AI2439,7802.00,INR,2026-11-05,playwright_network
AI,AI2985,7832.00,INR,2026-11-05,playwright_network
AI,AI2433,7865.00,INR,2026-11-05,playwright_network
6E,6E907,7695.00,INR,2026-11-05,playwright_network
6E,6E2164,7695.00,INR,2026-11-05,playwright_network
6E,6E2105,7695.00,INR,2026-11-05,playwright_network
6E,6E6787,7695.00,INR,2026-11-05,playwright_network
AI,AI2805,7961.00,INR,2026-11-05,playwright_network
AI,AI2955,7990.00,INR,2026-11-05,playwright_network
AI,AI2977,8025.00,INR,2026-11-05,playwright_network
AI,AI2951,8117.00,INR,2026-11-05,playwright_network
AI,AI2429,8276.00,INR,2026-11-05,playwright_network
6E,6E907,8325.00,INR,2026-11-05,playwright_network
6E,6E2402,8456.00,INR,2026-11-05,playwright_network
6E,6E6488,8456.00,INR,2026-11-05,playwright_network
6E,6E2289,9019.00,INR,2026-11-05,playwright_network
6E,6E2298,9019.00,INR,2026-11-05,playwright_network
QP,QP1805,9349.00,INR,2026-11-05,playwright_network
6E,6E717,9360.00,INR,2026-11-05,playwright_network
6E,6E6212,9360.00,INR,2026-11-05,playwright_network
6E,6E704,9360.00,INR,2026-11-05,playwright_network
6E,6E6293,9360.00,INR,2026-11-05,playwright_network
IX,IX2241,9800.00,INR,2026-11-05,playwright_network
6E,6E2013,10618.00,INR,2026-11-05,playwright_network
IX,IX1082,11136.00,INR,2026-11-05,playwright_network
IX,IX2237,11136.00,INR,2026-11-05,playwright_network
IX,IX1196,11185.00,INR,2026-11-05,playwright_network
6E,6E6050,10907.00,INR,2026-11-05,playwright_network
IX,IX1021,11264.00,INR,2026-11-05,playwright_network
IX,IX1108,11578.00,INR,2026-11-05,playwright_network
IX,IX1385,11825.00,INR,2026-11-05,playwright_network
IX,IX1392,11825.00,INR,2026-11-05,playwright_network
AI,AI2545,11837.00,INR,2026-11-05,playwright_network
6E,6E6699,12473.00,INR,2026-11-05,playwright_network
AI,AI1705,12740.00,INR,2026-11-05,playwright_network
6E,6E5252,12552.00,INR,2026-11-05,playwright_network
6E,6E5375,12657.00,INR,2026-11-05,playwright_network
AI,AI9641,13166.00,INR,2026-11-05,playwright_network
6E,6E6808,13021.00,INR,2026-11-05,playwright_network
IX,IX1979,14194.00,INR,2026-11-05,playwright_network
6E,6E428,13877.00,INR,2026-11-05,playwright_network
AI,AI9581,14288.00,INR,2026-11-05,playwright_network
AI,AI9633,14364.00,INR,2026-11-05,playwright_network
AI,AI2909,14503.00,INR,2026-11-05,playwright_network
AI,AI2499,14753.00,INR,2026-11-05,playwright_network
IX,IX1286,15179.00,INR,2026-11-05,playwright_network
IX,IX1059,16817.00,INR,2026-11-05,playwright_network
IX,IX2222,16817.00,INR,2026-11-05,playwright_network
IX,IX1064,16817.00,INR,2026-11-05,playwright_network
IX,IX1057,16817.00,INR,2026-11-05,playwright_network
IX,IX1064,17237.00,INR,2026-11-05,playwright_network
IX,IX1525,17378.00,INR,2026-11-05,playwright_network
IX,IX1261,17378.00,INR,2026-11-05,playwright_network
AI,AI1715,17252.00,INR,2026-11-05,playwright_network
AI,AI1716,17252.00,INR,2026-11-05,playwright_network
AI,AI9633,17562.00,INR,2026-11-05,playwright_network
AI,AI2581,17718.00,INR,2026-11-05,playwright_network
6E,6E5025,19088.00,INR,2026-11-05,playwright_network
AI,AI2879,19599.00,INR,2026-11-05,playwright_network
IX,IX1067,21814.00,INR,2026-11-05,playwright_network
IX,IX1046,23268.00,INR,2026-11-05,playwright_network
IX,IX1274,23074.00,INR,2026-11-05,playwright_network
IX,IX1076,23074.00,INR,2026-11-05,playwright_network
AI,AI1766,23206.00,INR,2026-11-05,playwright_network
AI,AI1737,23546.00,INR,2026-11-05,playwright_network
IX,IX2764,25224.00,INR,2026-11-05,playwright_network
6E,6E2250,24360.00,INR,2026-11-05,playwright_network
6E,6E5241,6369.00,INR,2026-09-22,playwright_network
6E,6E6361,6369.00,INR,2026-09-22,playwright_network
6E,6E6599,6386.00,INR,2026-09-22,playwright_network
6E,6E673,6500.00,INR,2026-09-22,playwright_network
6E,6E5337,6710.00,INR,2026-09-22,playwright_network
6E,6E6701,6710.00,INR,2026-09-22,playwright_network
6E,6E5048,6710.00,INR,2026-09-22,playwright_network
6E,6E437,6710.00,INR,2026-09-22,playwright_network
6E,6E6349,6710.00,INR,2026-09-22,playwright_network
6E,6E5188,6710.00,INR,2026-09-22,playwright_network
6E,6E5109,6710.00,INR,2026-09-22,playwright_network
6E,6E2284,6710.00,INR,2026-09-22,playwright_network
6E,6E240,6710.00,INR,2026-09-22,playwright_network
6E,6E5313,6710.00,INR,2026-09-22,playwright_network
6E,6E5196,6710.00,INR,2026-09-22,playwright_network
6E,6E5241,6869.00,INR,2026-09-22,playwright_network
IX,IX1026,7200.00,INR,2026-09-22,playwright_network
IX,IX1797,7200.00,INR,2026-09-22,playwright_network
IX,IX1801,7200.00,INR,2026-09-22,playwright_network
IX,IX5985,7357.00,INR,2026-09-22,playwright_network
6E,6E5071,7062.00,INR,2026-09-22,playwright_network
6E,6E5382,7062.00,INR,2026-09-22,playwright_network
6E,6E5184,7062.00,INR,2026-09-22,playwright_network
6E,6E5217,7062.00,INR,2026-09-22,playwright_network
AI,AI2632,7322.00,INR,2026-09-22,playwright_network
AI,AI2853,7322.00,INR,2026-09-22,playwright_network
6E,6E2016,7210.00,INR,2026-09-22,playwright_network
6E,6E5126,7210.00,INR,2026-09-22,playwright_network
6E,6E5294,7358.00,INR,2026-09-22,playwright_network
6E,6E5082,7420.00,INR,2026-09-22,playwright_network
6E,6E5123,7683.00,INR,2026-09-22,playwright_network
6E,6E5092,7692.00,INR,2026-09-22,playwright_network
AI,AI2863,7895.00,INR,2026-09-22,playwright_network
QP,QP1131,7807.00,INR,2026-09-22,playwright_network
QP,QP1382,7807.00,INR,2026-09-22,playwright_network
6E,6E5323,7962.00,INR,2026-09-22,playwright_network
QP,QP1516,8130.00,INR,2026-09-22,playwright_network
6E,6E5296,8532.00,INR,2026-09-22,playwright_network
6E,6E632,9031.00,INR,2026-09-22,playwright_network
QP,QP1149,9196.00,INR,2026-09-22,playwright_network
IX,IX1797,10518.00,INR,2026-09-22,playwright_network
6E,6E5196,9763.00,INR,2026-09-22,playwright_network
6E,6E5337,9763.00,INR,2026-09-22,playwright_network
QP,QP1527,9991.00,INR,2026-09-22,playwright_network
6E,6E5221,10107.00,INR,2026-09-22,playwright_network
AI,AI603,10458.00,INR,2026-09-22,playwright_network
6E,6E5313,10318.00,INR,2026-09-22,playwright_network
IX,IX1797,11260.00,INR,2026-09-22,playwright_network
6E,6E5178,10356.00,INR,2026-09-22,playwright_network
QP,QP1133,10415.00,INR,2026-09-22,playwright_network
AI,AI639,10667.00,INR,2026-09-22,playwright_network
AI,AI2812,10744.00,INR,2026-09-22,playwright_network
AI,AI2857,10744.00,INR,2026-09-22,playwright_network
6E,6E2237,10566.00,INR,2026-09-22,playwright_network
AI,AI681,11061.00,INR,2026-09-22,playwright_network
AI,AI2780,11081.00,INR,2026-09-22,playwright_network
AI,AI2603,11126.00,INR,2026-09-22,playwright_network
6E,6E261,11153.00,INR,2026-09-22,playwright_network
AI,AI603,11403.00,INR,2026-09-22,playwright_network
6E,6E5386,11240.00,INR,2026-09-22,playwright_network
6E,6E5228,11240.00,INR,2026-09-22,playwright_network
6E,6E5193,11367.00,INR,2026-09-22,playwright_network
IX,IX1242,11723.00,INR,2026-09-22,playwright_network
IX,IX1238,11723.00,INR,2026-09-22,playwright_network
6E,6E5107,11450.00,INR,2026-09-22,playwright_network
AI,AI2855,11730.00,INR,2026-09-22,playwright_network
AI,AI2787,11730.00,INR,2026-09-22,playwright_network
AI,AI2821,11797.00,INR,2026-09-22,playwright_network
AI,AI2780,11801.00,INR,2026-09-22,playwright_network
6E,6E5047,12102.00,INR,2026-09-22,playwright_network
6E,6E5388,12102.00,INR,2026-09-22,playwright_network
6E,6E5228,12211.00,INR,2026-09-22,playwright_network
6E,6E5386,12211.00,INR,2026-09-22,playwright_network
6E,6E5178,12211.00,INR,2026-09-22,playwright_network
QP,QP1518,12316.00,INR,2026-09-22,playwright_network
AI,AI2787,12551.00,INR,2026-09-22,playwright_network
6E,6E5201,12421.00,INR,2026-09-22,playwright_network
AI,AI2849,13092.00,INR,2026-09-22,playwright_network
AI,AI2641,13092.00,INR,2026-09-22,playwright_network
IX,IX1237,15411.00,INR,2026-09-22,playwright_network
IX,IX1280,14619.00,INR,2026-09-22,playwright_network
AI,AI2745,14471.00,INR,2026-09-22,playwright_network
AI,AI2865,14524.00,INR,2026-09-22,playwright_network
6E,6E6057,14453.00,INR,2026-09-22,playwright_network
6E,6E6188,14517.00,INR,2026-09-22,playwright_network
6E,6E5181,14794.00,INR,2026-09-22,playwright_network
AI,AI2401,15191.00,INR,2026-09-22,playwright_network
AI,AI2422,15907.00,INR,2026-09-22,playwright_network
AI,AI2442,16019.00,INR,2026-09-22,playwright_network
AI,AI2419,16019.00,INR,2026-09-22,playwright_network
AI,AI2944,16019.00,INR,2026-09-22,playwright_network
AI,AI816,16178.00,INR,2026-09-22,playwright_network
IX,IX1023,17378.00,INR,2026-09-22,playwright_network
IX,IX1809,17378.00,INR,2026-09-22,playwright_network
IX,IX1050,17249.00,INR,2026-09-22,playwright_network
AI,AI2677,17565.00,INR,2026-09-22,playwright_network
6E,6E5318,18009.00,INR,2026-09-22,playwright_network
AI,AI2432,18350.00,INR,2026-09-22,playwright_network
AI,AI2851,19386.00,INR,2026-09-22,playwright_network
AI,AI435,19432.00,INR,2026-09-22,playwright_network
AI,AI2988,19565.00,INR,2026-09-22,playwright_network
AI,AI1851,20080.00,INR,2026-09-22,playwright_network
AI,AI2531,20091.00,INR,2026-09-22,playwright_network
AI,AI2928,20325.00,INR,2026-09-22,playwright_network
AI,AI2928,20839.00,INR,2026-09-22,playwright_network
AI,AI2471,21568.00,INR,2026-09-22,playwright_network
AI,AI2663,22980.00,INR,2026-09-22,playwright_network
AI,AI2619,23268.00,INR,2026-09-22,playwright_network
AI,AI2424,27806.00,INR,2026-09-22,playwright_network
AI,AI2741,31527.00,INR,2026-09-22,playwright_network
AI,AI2857,5261.00,INR,2026-09-28,playwright_network
6E,6E5323,5430.00,INR,2026-09-28,playwright_network
6E,6E5294,5430.00,INR,2026-09-28,playwright_network
QP,QP1384,5673.00,INR,2026-09-28,playwright_network
QP,QP1516,6644.00,INR,2026-09-28,playwright_network
AI,AI2812,6934.00,INR,2026-09-28,playwright_network
QP,QP1518,6914.00,INR,2026-09-28,playwright_network
QP,QP1133,6914.00,INR,2026-09-28,playwright_network
6E,6E5193,7062.00,INR,2026-09-28,playwright_network
6E,6E6188,7062.00,INR,2026-09-28,playwright_network
6E,6E5047,7062.00,INR,2026-09-28,playwright_network
6E,6E5382,7062.00,INR,2026-09-28,playwright_network
6E,6E5184,7062.00,INR,2026-09-28,playwright_network
6E,6E5221,7062.00,INR,2026-09-28,playwright_network
6E,6E5296,7062.00,INR,2026-09-28,playwright_network
6E,6E5217,7062.00,INR,2026-09-28,playwright_network
6E,6E5388,7062.00,INR,2026-09-28,playwright_network
AI,AI2401,7322.00,INR,2026-09-28,playwright_network
6E,6E5241,7243.00,INR,2026-09-28,playwright_network
6E,6E6361,7243.00,INR,2026-09-28,playwright_network
6E,6E261,7243.00,INR,2026-09-28,playwright_network
6E,6E230,7243.00,INR,2026-09-28,playwright_network
AI,AI2851,7445.00,INR,2026-09-28,playwright_network
AI,AI2603,7568.00,INR,2026-09-28,playwright_network
AI,AI2641,7568.00,INR,2026-09-28,playwright_network
AI,AI2849,7568.00,INR,2026-09-28,playwright_network
6E,6E5386,7374.00,INR,2026-09-28,playwright_network
6E,6E5178,7374.00,INR,2026-09-28,playwright_network
6E,6E6057,7374.00,INR,2026-09-28,playwright_network
6E,6E5228,7374.00,INR,2026-09-28,playwright_network
6E,6E5318,7374.00,INR,2026-09-28,playwright_network
6E,6E5092,7377.00,INR,2026-09-28,playwright_network
AI,AI2865,7637.00,INR,2026-09-28,playwright_network
QP,QP1382,7495.00,INR,2026-09-28,playwright_network
6E,6E6802,7505.00,INR,2026-09-28,playwright_network
6E,6E136,7584.00,INR,2026-09-28,playwright_network
6E,6E673,7584.00,INR,2026-09-28,playwright_network
6E,6E5196,7584.00,INR,2026-09-28,playwright_network
6E,6E5126,7584.00,INR,2026-09-28,playwright_network
6E,6E5337,7584.00,INR,2026-09-28,playwright_network
6E,6E5107,7584.00,INR,2026-09-28,playwright_network
6E,6E6701,7584.00,INR,2026-09-28,playwright_network
6E,6E5048,7584.00,INR,2026-09-28,playwright_network
6E,6E437,7584.00,INR,2026-09-28,playwright_network
6E,6E6349,7584.00,INR,2026-09-28,playwright_network
6E,6E5188,7584.00,INR,2026-09-28,playwright_network
6E,6E5313,7584.00,INR,2026-09-28,playwright_network
6E,6E5109,7584.00,INR,2026-09-28,playwright_network
6E,6E2237,7584.00,INR,2026-09-28,playwright_network
6E,6E240,7584.00,INR,2026-09-28,playwright_network
6E,6E5204,7584.00,INR,2026-09-28,playwright_network
AI,AI2410,7832.00,INR,2026-09-28,playwright_network
AI,AI2863,7895.00,INR,2026-09-28,playwright_network
6E,6E6599,7715.00,INR,2026-09-28,playwright_network
6E,6E5082,7785.00,INR,2026-09-28,playwright_network
AI,AI2853,8223.00,INR,2026-09-28,playwright_network
6E,6E632,8126.00,INR,2026-09-28,playwright_network
IX,IX1810,8680.00,INR,2026-09-28,playwright_network
IX,IX1026,8680.00,INR,2026-09-28,playwright_network
IX,IX1797,8680.00,INR,2026-09-28,playwright_network
IX,IX1801,8680.00,INR,2026-09-28,playwright_network
AI,AI2505,8773.00,INR,2026-09-28,playwright_network
AI,AI2632,8944.00,INR,2026-09-28,playwright_network
IX,IX1238,9331.00,INR,2026-09-28,playwright_network
QP,QP1527,9196.00,INR,2026-09-28,playwright_network
IX,IX1280,9628.00,INR,2026-09-28,playwright_network
AI,AI2619,9695.00,INR,2026-09-28,playwright_network
AI,AI2869,9695.00,INR,2026-09-28,playwright_network
AI,AI2875,9695.00,INR,2026-09-28,playwright_network
AI,AI2869,10144.00,INR,2026-09-28,playwright_network
AI,AI2875,10144.00,INR,2026-09-28,playwright_network
AI,AI2619,10144.00,INR,2026-09-28,playwright_network
AI,AI2531,10375.00,INR,2026-09-28,playwright_network
IX,IX1242,10651.00,INR,2026-09-28,playwright_network
AI,AI2780,10667.00,INR,2026-09-28,playwright_network
AI,AI639,10667.00,INR,2026-09-28,playwright_network
AI,AI2531,10825.00,INR,2026-09-28,playwright_network
AI,AI2821,10898.00,INR,2026-09-28,playwright_network
IX,IX1237,10959.00,INR,2026-09-28,playwright_network
AI,AI2855,11061.00,INR,2026-09-28,playwright_network
AI,AI435,11081.00,INR,2026-09-28,playwright_network
AI,AI2444,11166.00,INR,2026-09-28,playwright_network
IX,IX1238,11431.00,INR,2026-09-28,playwright_network
AI,AI2787,12074.00,INR,2026-09-28,playwright_network
IX,IX1809,13522.00,INR,2026-09-28,playwright_network
IX,IX1023,13797.00,INR,2026-09-28,playwright_network
IX,IX1026,13900.00,INR,2026-09-28,playwright_network
IX,IX1050,13874.00,INR,2026-09-28,playwright_network
AI,AI2745,14133.00,INR,2026-09-28,playwright_network
IX,IX1671,14552.00,INR,2026-09-28,playwright_network
AI,AI2477,19091.00,INR,2026-09-28,playwright_network
AI,AI2771,19456.00,INR,2026-09-28,playwright_network
AI,AI2471,20308.00,INR,2026-09-28,playwright_network
AI,AI2741,23208.00,INR,2026-09-28,playwright_network
AI,AI2420,23396.00,INR,2026-09-28,playwright_network
AI,AI2663,24593.00,INR,2026-09-28,playwright_network
IX,IX5986,5250.00,INR,2026-10-06,playwright_network
QP,QP1149,5050.00,INR,2026-10-06,playwright_network
QP,QP1516,5050.00,INR,2026-10-06,playwright_network
6E,6E5323,5050.00,INR,2026-10-06,playwright_network
6E,6E5294,5050.00,INR,2026-10-06,playwright_network
AI,AI2845,5310.00,INR,2026-10-06,playwright_network
IX,IX1238,5540.00,INR,2026-10-06,playwright_network
6E,6E5178,5253.00,INR,2026-10-06,playwright_network
6E,6E673,5253.00,INR,2026-10-06,playwright_network
6E,6E5386,5253.00,INR,2026-10-06,playwright_network
6E,6E5179,5253.00,INR,2026-10-06,playwright_network
AI,AI2857,5639.00,INR,2026-10-06,playwright_network
6E,6E5126,5463.00,INR,2026-10-06,playwright_network
6E,6E5196,5463.00,INR,2026-10-06,playwright_network
6E,6E5337,5463.00,INR,2026-10-06,playwright_network
6E,6E5107,5463.00,INR,2026-10-06,playwright_network
6E,6E6701,5463.00,INR,2026-10-06,playwright_network
6E,6E5048,5463.00,INR,2026-10-06,playwright_network
6E,6E437,5463.00,INR,2026-10-06,playwright_network
6E,6E6349,5463.00,INR,2026-10-06,playwright_network
6E,6E5188,5463.00,INR,2026-10-06,playwright_network
6E,6E5313,5463.00,INR,2026-10-06,playwright_network
6E,6E2284,5463.00,INR,2026-10-06,playwright_network
6E,6E5109,5463.00,INR,2026-10-06,playwright_network
6E,6E240,5463.00,INR,2026-10-06,playwright_network
6E,6E6361,5499.00,INR,2026-10-06,playwright_network
6E,6E5241,5499.00,INR,2026-10-06,playwright_network
6E,6E5273,5594.00,INR,2026-10-06,playwright_network
6E,6E5181,5594.00,INR,2026-10-06,playwright_network
6E,6E6599,5594.00,INR,2026-10-06,playwright_network
6E,6E2016,6255.00,INR,2026-10-06,playwright_network
6E,6E5082,6369.00,INR,2026-10-06,playwright_network
6E,6E230,6369.00,INR,2026-10-06,playwright_network
6E,6E6057,6500.00,INR,2026-10-06,playwright_network
QP,QP1153,6644.00,INR,2026-10-06,playwright_network
IX,IX1797,7200.00,INR,2026-10-06,playwright_network
IX,IX1026,7200.00,INR,2026-10-06,playwright_network
IX,IX1023,7200.00,INR,2026-10-06,playwright_network
IX,IX1801,7200.00,INR,2026-10-06,playwright_network
IX,IX1809,7200.00,INR,2026-10-06,playwright_network
AI,AI2851,7154.00,INR,2026-10-06,playwright_network
6E,6E5228,7000.00,INR,2026-10-06,playwright_network
6E,6E5296,7062.00,INR,2026-10-06,playwright_network
6E,6E5071,7062.00,INR,2026-10-06,playwright_network
6E,6E6188,7062.00,INR,2026-10-06,playwright_network
6E,6E5032,7062.00,INR,2026-10-06,playwright_network
6E,6E5047,7062.00,INR,2026-10-06,playwright_network
6E,6E5382,7062.00,INR,2026-10-06,playwright_network
6E,6E5184,7062.00,INR,2026-10-06,playwright_network
6E,6E5221,7062.00,INR,2026-10-06,playwright_network
6E,6E5217,7062.00,INR,2026-10-06,playwright_network
6E,6E5388,7062.00,INR,2026-10-06,playwright_network
6E,6E5193,7062.00,INR,2026-10-06,playwright_network
6E,6E5092,7062.00,INR,2026-10-06,playwright_network
AI,AI2632,7322.00,INR,2026-10-06,playwright_network
AI,AI2865,7322.00,INR,2026-10-06,playwright_network
AI,AI2853,7322.00,INR,2026-10-06,playwright_network
AI,AI2603,7393.00,INR,2026-10-06,playwright_network
QP,QP1133,7199.00,INR,2026-10-06,playwright_network
QP,QP1143,7199.00,INR,2026-10-06,playwright_network
6E,6E911,7210.00,INR,2026-10-06,playwright_network
AI,AI2863,7568.00,INR,2026-10-06,playwright_network
AI,AI2849,7568.00,INR,2026-10-06,playwright_network
AI,AI2401,7629.00,INR,2026-10-06,playwright_network
6E,6E5318,7551.00,INR,2026-10-06,playwright_network
6E,6E5386,7551.00,INR,2026-10-06,playwright_network
IX,IX1242,7921.00,INR,2026-10-06,playwright_network
IX,IX1237,8050.00,INR,2026-10-06,playwright_network
QP,QP1518,7807.00,INR,2026-10-06,playwright_network
IX,IX1238,8341.00,INR,2026-10-06,playwright_network
AI,AI2641,8223.00,INR,2026-10-06,playwright_network
6E,6E5228,8156.00,INR,2026-10-06,playwright_network
6E,6E2237,8366.00,INR,2026-10-06,playwright_network
6E,6E632,9031.00,INR,2026-10-06,playwright_network
6E,6E261,9575.00,INR,2026-10-06,playwright_network
AI,AI2444,10005.00,INR,2026-10-06,playwright_network
AI,AI2625,10005.00,INR,2026-10-06,playwright_network
AI,AI2619,10111.00,INR,2026-10-06,playwright_network
AI,AI2444,10479.00,INR,2026-10-06,playwright_network
AI,AI2869,10479.00,INR,2026-10-06,playwright_network
AI,AI2625,10479.00,INR,2026-10-06,playwright_network
AI,AI2875,10479.00,INR,2026-10-06,playwright_network
AI,AI2531,10489.00,INR,2026-10-06,playwright_network
AI,AI435,10667.00,INR,2026-10-06,playwright_network
AI,AI2780,10667.00,INR,2026-10-06,playwright_network
AI,AI639,10667.00,INR,2026-10-06,playwright_network
AI,AI2739,10840.00,INR,2026-10-06,playwright_network
AI,AI2827,10840.00,INR,2026-10-06,playwright_network
AI,AI2821,10898.00,INR,2026-10-06,playwright_network
AI,AI2531,10963.00,INR,2026-10-06,playwright_network
AI,AI2745,11556.00,INR,2026-10-06,playwright_network
AI,AI2855,13141.00,INR,2026-10-06,playwright_network
AI,AI2787,13223.00,INR,2026-10-06,playwright_network
IX,IX1050,13874.00,INR,2026-10-06,playwright_network
IX,IX1671,14072.00,INR,2026-10-06,playwright_network
IX,IX1237,16348.00,INR,2026-10-06,playwright_network
IX,IX1280,15775.00,INR,2026-10-06,playwright_network
AI,AI2471,17786.00,INR,2026-10-06,playwright_network
AI,AI2841,18903.00,INR,2026-10-06,playwright_network
AI,AI2741,19988.00,INR,2026-10-06,playwright_network
AI,AI2663,21023.00,INR,2026-10-06,playwright_network
IX,IX5938,5049.00,INR,2026-10-21,playwright_network
QP,QP1149,5050.00,INR,2026-10-21,playwright_network
QP,QP1985,5050.00,INR,2026-10-21,playwright_network
6E,6E5294,5050.00,INR,2026-10-21,playwright_network
AI,AI2845,5310.00,INR,2026-10-21,playwright_network
SG,SG669,5408.00,INR,2026-10-21,playwright_network
6E,6E5323,5430.00,INR,2026-10-21,playwright_network
SG,SG487,5721.00,INR,2026-10-21,playwright_network
QP,QP1516,5456.00,INR,2026-10-21,playwright_network
AI,AI2812,5690.00,INR,2026-10-21,playwright_network
AI,AI2857,5690.00,INR,2026-10-21,playwright_network
SG,SG642,6096.00,INR,2026-10-21,playwright_network
6E,6E5296,7062.00,INR,2026-10-21,playwright_network
6E,6E5184,7062.00,INR,2026-10-21,playwright_network
6E,6E5193,7062.00,INR,2026-10-21,playwright_network
QP,QP1129,7199.00,INR,2026-10-21,playwright_network
6E,6E6361,7243.00,INR,2026-10-21,playwright_network
6E,6E5241,7243.00,INR,2026-10-21,playwright_network
6E,6E230,7243.00,INR,2026-10-21,playwright_network
6E,6E261,7243.00,INR,2026-10-21,playwright_network
6E,6E6057,7374.00,INR,2026-10-21,playwright_network
6E,6E5228,7374.00,INR,2026-10-21,playwright_network
6E,6E5386,7374.00,INR,2026-10-21,playwright_network
6E,6E5179,7374.00,INR,2026-10-21,playwright_network
6E,6E5071,7377.00,INR,2026-10-21,playwright_network
6E,6E6188,7377.00,INR,2026-10-21,playwright_network
6E,6E5217,7377.00,INR,2026-10-21,playwright_network
6E,6E5388,7377.00,INR,2026-10-21,playwright_network
6E,6E5092,7377.00,INR,2026-10-21,playwright_network
AI,AI2603,7589.00,INR,2026-10-21,playwright_network
AI,AI2632,7735.00,INR,2026-10-21,playwright_network
AI,AI2851,7735.00,INR,2026-10-21,playwright_network
6E,6E5126,7584.00,INR,2026-10-21,playwright_network
6E,6E673,7584.00,INR,2026-10-21,playwright_network
6E,6E5196,7584.00,INR,2026-10-21,playwright_network
6E,6E6701,7584.00,INR,2026-10-21,playwright_network
6E,6E5048,7584.00,INR,2026-10-21,playwright_network
6E,6E437,7584.00,INR,2026-10-21,playwright_network
6E,6E6349,7584.00,INR,2026-10-21,playwright_network
6E,6E5188,7584.00,INR,2026-10-21,playwright_network
6E,6E5313,7584.00,INR,2026-10-21,playwright_network
6E,6E5109,7584.00,INR,2026-10-21,playwright_network
6E,6E5337,7584.00,INR,2026-10-21,playwright_network
6E,6E5032,7692.00,INR,2026-10-21,playwright_network
6E,6E5221,7692.00,INR,2026-10-21,playwright_network
6E,6E5273,7715.00,INR,2026-10-21,playwright_network
6E,6E6599,7715.00,INR,2026-10-21,playwright_network
IX,IX1797,8050.00,INR,2026-10-21,playwright_network
IX,IX1801,8050.00,INR,2026-10-21,playwright_network
6E,6E5082,7785.00,INR,2026-10-21,playwright_network
AI,AI2853,8156.00,INR,2026-10-21,playwright_network
6E,6E5382,8112.00,INR,2026-10-21,playwright_network
6E,6E911,8126.00,INR,2026-10-21,playwright_network
6E,6E5107,8126.00,INR,2026-10-21,playwright_network
QP,QP1133,8130.00,INR,2026-10-21,playwright_network
QP,QP1518,8130.00,INR,2026-10-21,playwright_network
AI,AI2863,8435.00,INR,2026-10-21,playwright_network
AI,AI2849,8435.00,INR,2026-10-21,playwright_network
AI,AI2401,8504.00,INR,2026-10-21,playwright_network
AI,AI2865,8504.00,INR,2026-10-21,playwright_network
6E,6E5386,8508.00,INR,2026-10-21,playwright_network
6E,6E5047,9057.00,INR,2026-10-21,playwright_network
AI,AI2745,10044.00,INR,2026-10-21,playwright_network
IX,IX1242,10441.00,INR,2026-10-21,playwright_network
6E,6E5181,10200.00,INR,2026-10-21,playwright_network
IX,IX1238,10569.00,INR,2026-10-21,playwright_network
AI,AI639,10667.00,INR,2026-10-21,playwright_network
AI,AI2780,10667.00,INR,2026-10-21,playwright_network
AI,AI435,10840.00,INR,2026-10-21,playwright_network
AI,AI2505,11120.00,INR,2026-10-21,playwright_network
IX,IX1810,11934.00,INR,2026-10-21,playwright_network
IX,IX1797,11934.00,INR,2026-10-21,playwright_network
AI,AI2869,11229.00,INR,2026-10-21,playwright_network
AI,AI2875,11229.00,INR,2026-10-21,playwright_network
AI,AI2641,11317.00,INR,2026-10-21,playwright_network
AI,AI2780,11623.00,INR,2026-10-21,playwright_network
AI,AI2827,11731.00,INR,2026-10-21,playwright_network
AI,AI435,11796.00,INR,2026-10-21,playwright_network
AI,AI2739,11796.00,INR,2026-10-21,playwright_network
6E,6E632,11678.00,INR,2026-10-21,playwright_network
AI,AI2821,11965.00,INR,2026-10-21,playwright_network
AI,AI2619,12285.00,INR,2026-10-21,playwright_network
IX,IX1238,12698.00,INR,2026-10-21,playwright_network
AI,AI2625,12779.00,INR,2026-10-21,playwright_network
IX,IX1026,13110.00,INR,2026-10-21,playwright_network
AI,AI2531,13671.00,INR,2026-10-21,playwright_network
IX,IX1237,13854.00,INR,2026-10-21,playwright_network
IX,IX1671,14982.00,INR,2026-10-21,playwright_network
IX,IX1023,15663.00,INR,2026-10-21,playwright_network
IX,IX1050,15388.00,INR,2026-10-21,playwright_network
IX,IX1671,15393.00,INR,2026-10-21,playwright_network
6E,6E5178,15350.00,INR,2026-10-21,playwright_network
IX,IX1050,15801.00,INR,2026-10-21,playwright_network
AI,AI2745,15871.00,INR,2026-10-21,playwright_network
6E,6E5318,16400.00,INR,2026-10-21,playwright_network
6E,6E2284,16922.00,INR,2026-10-21,playwright_network
IX,IX1809,17761.00,INR,2026-10-21,playwright_network
AI,AI2787,17570.00,INR,2026-10-21,playwright_network
AI,AI816,17571.00,INR,2026-10-21,playwright_network
AI,AI2442,18049.00,INR,2026-10-21,playwright_network
AI,AI2928,18494.00,INR,2026-10-21,playwright_network
AI,AI2944,18551.00,INR,2026-10-21,playwright_network
IX,IX1280,18977.00,INR,2026-10-21,playwright_network
AI,AI2855,18710.00,INR,2026-10-21,playwright_network
AI,AI2677,18972.00,INR,2026-10-21,playwright_network
AI,AI2424,18972.00,INR,2026-10-21,playwright_network
AI,AI2930,19183.00,INR,2026-10-21,playwright_network
AI,AI2952,19293.00,INR,2026-10-21,playwright_network
AI,AI2422,20086.00,INR,2026-10-21,playwright_network
AI,AI2432,20310.00,INR,2026-10-21,playwright_network
IX,IX1237,23769.00,INR,2026-10-21,playwright_network
AI,AI2841,23471.00,INR,2026-10-21,playwright_network
AI,AI2663,24877.00,INR,2026-10-21,playwright_network
AI,AI2741,25998.00,INR,2026-10-21,playwright_network
IX,IX1176,27825.00,INR,2026-10-21,playwright_network
AI,AI2471,43193.00,INR,2026-10-21,playwright_network
SG,SG555,6992.00,INR,2026-11-05,playwright_network
SG,SG669,6992.00,INR,2026-11-05,playwright_network
SG,SG642,6992.00,INR,2026-11-05,playwright_network
IX,IX1519,7046.00,INR,2026-11-05,playwright_network
6E,6E261,7243.00,INR,2026-11-05,playwright_network
6E,6E6064,7243.00,INR,2026-11-05,playwright_network
6E,6E6361,7243.00,INR,2026-11-05,playwright_network
6E,6E5011,7243.00,INR,2026-11-05,playwright_network
6E,6E6365,7374.00,INR,2026-11-05,playwright_network
6E,6E6362,7374.00,INR,2026-11-05,playwright_network
6E,6E5228,7374.00,INR,2026-11-05,playwright_network
6E,6E5386,7374.00,INR,2026-11-05,playwright_network
6E,6E5318,7374.00,INR,2026-11-05,playwright_network
6E,6E5246,7374.00,INR,2026-11-05,playwright_network
6E,6E5179,7374.00,INR,2026-11-05,playwright_network
6E,6E5196,7584.00,INR,2026-11-05,playwright_network
6E,6E136,7584.00,INR,2026-11-05,playwright_network
6E,6E5337,7584.00,INR,2026-11-05,playwright_network
IX,IX1051,8364.00,INR,2026-11-05,playwright_network
6E,6E5188,8126.00,INR,2026-11-05,playwright_network
6E,6E5085,8126.00,INR,2026-11-05,playwright_network
QP,QP1336,8130.00,INR,2026-11-05,playwright_network
IX,IX1549,8624.00,INR,2026-11-05,playwright_network
6E,6E5323,8532.00,INR,2026-11-05,playwright_network
6E,6E5388,8532.00,INR,2026-11-05,playwright_network
6E,6E5083,8532.00,INR,2026-11-05,playwright_network
6E,6E5221,8532.00,INR,2026-11-05,playwright_network
6E,6E5382,8532.00,INR,2026-11-05,playwright_network
6E,6E5217,8532.00,INR,2026-11-05,playwright_network
6E,6E5193,8532.00,INR,2026-11-05,playwright_network
6E,6E5296,8532.00,INR,2026-11-05,playwright_network
6E,6E6284,8532.00,INR,2026-11-05,playwright_network
QP,QP1332,8825.00,INR,2026-11-05,playwright_network
QP,QP1133,8825.00,INR,2026-11-05,playwright_network
6E,6E294,8849.00,INR,2026-11-05,playwright_network
AI,AI2812,9188.00,INR,2026-11-05,playwright_network
AI,AI2851,9188.00,INR,2026-11-05,playwright_network
AI,AI2632,9188.00,INR,2026-11-05,playwright_network
AI,AI2853,9188.00,INR,2026-11-05,playwright_network
6E,6E5032,9057.00,INR,2026-11-05,playwright_network
6E,6E5047,9057.00,INR,2026-11-05,playwright_network
6E,6E6335,9057.00,INR,2026-11-05,playwright_network
AI,AI2623,9379.00,INR,2026-11-05,playwright_network
AI,AI2621,9379.00,INR,2026-11-05,playwright_network
AI,AI2484,9379.00,INR,2026-11-05,playwright_network
AI,AI2603,9508.00,INR,2026-11-05,playwright_network
AI,AI2849,9508.00,INR,2026-11-05,playwright_network
AI,AI2401,9588.00,INR,2026-11-05,playwright_network
AI,AI2641,9669.00,INR,2026-11-05,playwright_network
IX,IX1519,9849.00,INR,2026-11-05,playwright_network
6E,6E5092,9582.00,INR,2026-11-05,playwright_network
6E,6E5204,10068.00,INR,2026-11-05,playwright_network
6E,6E5257,10737.00,INR,2026-11-05,playwright_network
6E,6E5313,10838.00,INR,2026-11-05,playwright_network
AI,AI2863,11126.00,INR,2026-11-05,playwright_network
AI,AI598,11134.00,INR,2026-11-05,playwright_network
AI,AI2739,11428.00,INR,2026-11-05,playwright_network
AI,AI2617,11445.00,INR,2026-11-05,playwright_network
6E,6E841,11541.00,INR,2026-11-05,playwright_network
AI,AI2869,11796.00,INR,2026-11-05,playwright_network
AI,AI2869,11970.00,INR,2026-11-05,playwright_network
6E,6E6549,11830.00,INR,2026-11-05,playwright_network
IX,IX2201,12199.00,INR,2026-11-05,playwright_network
AI,AI2617,12095.00,INR,2026-11-05,playwright_network
AI,AI2531,12112.00,INR,2026-11-05,playwright_network
6E,6E6674,12097.00,INR,2026-11-05,playwright_network
IX,IX2211,12457.00,INR,2026-11-05,playwright_network
AI,AI2531,12762.00,INR,2026-11-05,playwright_network
6E,6E6674,12704.00,INR,2026-11-05,playwright_network
AI,AI2875,13295.00,INR,2026-11-05,playwright_network
AI,AI2780,13788.00,INR,2026-11-05,playwright_network
IX,IX1050,14012.00,INR,2026-11-05,playwright_network
6E,6E5147,13695.00,INR,2026-11-05,playwright_network
AI,AI2821,14144.00,INR,2026-11-05,playwright_network
AI,AI603,14603.00,INR,2026-11-05,playwright_network
IX,IX2213,16159.00,INR,2026-11-05,playwright_network
6E,6E6280,16105.00,INR,2026-11-05,playwright_network
AI,AI2841,16310.00,INR,2026-11-05,playwright_network
6E,6E795,16593.00,INR,2026-11-05,playwright_network
6E,6E5071,16827.00,INR,2026-11-05,playwright_network
6E,6E5183,17010.00,INR,2026-11-05,playwright_network
IX,IX2205,17486.00,INR,2026-11-05,playwright_network
AI,AI2591,17261.00,INR,2026-11-05,playwright_network
IX,IX2205,19010.00,INR,2026-11-05,playwright_network
IX,IX1050,19835.00,INR,2026-11-05,playwright_network
6E,6E2049,20302.00,INR,2026-11-05,playwright_network
IX,IX2209,20560.00,INR,2026-11-05,playwright_network
AI,AI2605,20562.00,INR,2026-11-05,playwright_network
6E,6E6701,21417.00,INR,2026-11-05,playwright_network
6E,6E6352,21485.00,INR,2026-11-05,playwright_network
6E,6E5059,21948.00,INR,2026-11-05,playwright_network
AI,AI2787,23450.00,INR,2026-11-05,playwright_network
IX,IX1219,25381.00,INR,2026-11-05,playwright_network
IX,IX1026,25838.00,INR,2026-11-05,playwright_network
IX,IX1671,26083.00,INR,2026-11-05,playwright_network
AI,AI2928,26984.00,INR,2026-11-05,playwright_network
AI,AI2574,27163.00,INR,2026-11-05,playwright_network
AI,AI2970,27163.00,INR,2026-11-05,playwright_network
AI,AI2639,27237.00,INR,2026-11-05,playwright_network
AI,AI2428,27458.00,INR,2026-11-05,playwright_network
AI,AI2432,27458.00,INR,2026-11-05,playwright_network
AI,AI2930,27458.00,INR,2026-11-05,playwright_network
AI,AI2741,27586.00,INR,2026-11-05,playwright_network
AI,AI2910,27870.00,INR,2026-11-05,playwright_network
IX,IX1237,29488.00,INR,2026-11-05,playwright_network
IX,IX1176,29367.00,INR,2026-11-05,playwright_network
IX,IX1237,30277.00,INR,2026-11-05,playwright_network
AI,AI2445,30900.00,INR,2026-11-05,playwright_network
AI,AI816,31061.00,INR,2026-11-05,playwright_network
IX,IX1176,31887.00,INR,2026-11-05,playwright_network
AI,AI2527,34157.00,INR,2026-11-05,playwright_network
AI,AI2789,36896.00,INR,2026-11-05,playwright_network
6E,6E704,8360.00,INR,2026-09-22,playwright_network
6E,6E2151,8412.00,INR,2026-09-22,playwright_network
6E,6E6179,8491.00,INR,2026-09-22,playwright_network
6E,6E734,8491.00,INR,2026-09-22,playwright_network
6E,6E931,8491.00,INR,2026-09-22,playwright_network
6E,6E5119,8491.00,INR,2026-09-22,playwright_network
6E,6E6673,8491.00,INR,2026-09-22,playwright_network
6E,6E6459,8491.00,INR,2026-09-22,playwright_network
6E,6E2618,8491.00,INR,2026-09-22,playwright_network
6E,6E6632,8570.00,INR,2026-09-22,playwright_network
6E,6E5038,8570.00,INR,2026-09-22,playwright_network
6E,6E2319,8570.00,INR,2026-09-22,playwright_network
IX,IX1046,8977.00,INR,2026-09-22,playwright_network
IX,IX1165,8977.00,INR,2026-09-22,playwright_network
IX,IX1617,8977.00,INR,2026-09-22,playwright_network
IX,IX1230,8977.00,INR,2026-09-22,playwright_network
6E,6E6497,8701.00,INR,2026-09-22,playwright_network
QP,QP1812,8829.00,INR,2026-09-22,playwright_network
QP,QP1308,8829.00,INR,2026-09-22,playwright_network
QP,QP1350,8829.00,INR,2026-09-22,playwright_network
6E,6E871,8829.00,INR,2026-09-22,playwright_network
6E,6E846,8829.00,INR,2026-09-22,playwright_network
6E,6E6515,8829.00,INR,2026-09-22,playwright_network
6E,6E2314,8829.00,INR,2026-09-22,playwright_network
QP,QP1824,8829.00,INR,2026-09-22,playwright_network
6E,6E5191,8911.00,INR,2026-09-22,playwright_network
AI,AI2409,9142.00,INR,2026-09-22,playwright_network
AI,AI2803,9142.00,INR,2026-09-22,playwright_network
AI,AI2412,9142.00,INR,2026-09-22,playwright_network
6E,6E6115,9239.00,INR,2026-09-22,playwright_network
IX,IX1070,9585.00,INR,2026-09-22,playwright_network
6E,6E837,9286.00,INR,2026-09-22,playwright_network
AI,AI2653,9599.00,INR,2026-09-22,playwright_network
AI,AI2757,9599.00,INR,2026-09-22,playwright_network
AI,AI2664,9599.00,INR,2026-09-22,playwright_network
AI,AI2487,9599.00,INR,2026-09-22,playwright_network
AI,AI2819,9762.00,INR,2026-09-22,playwright_network
6E,6E884,9767.00,INR,2026-09-22,playwright_network
6E,6E811,9771.00,INR,2026-09-22,playwright_network
6E,6E820,9771.00,INR,2026-09-22,playwright_network
6E,6E861,9771.00,INR,2026-09-22,playwright_network
6E,6E880,9771.00,INR,2026-09-22,playwright_network
6E,6E810,9771.00,INR,2026-09-22,playwright_network
6E,6E828,9771.00,INR,2026-09-22,playwright_network
6E,6E850,9771.00,INR,2026-09-22,playwright_network
AI,AI2512,10084.00,INR,2026-09-22,playwright_network
AI,AI2415,10256.00,INR,2026-09-22,playwright_network
AI,AI2417,10256.00,INR,2026-09-22,playwright_network
AI,AI2499,10294.00,INR,2026-09-22,playwright_network
AI,AI1717,10294.00,INR,2026-09-22,playwright_network
AI,AI2569,10294.00,INR,2026-09-22,playwright_network
6E,6E826,10285.00,INR,2026-09-22,playwright_network
AI,AI2499,10504.00,INR,2026-09-22,playwright_network
IX,IX1257,10704.00,INR,2026-09-22,playwright_network
AI,AI2817,10598.00,INR,2026-09-22,playwright_network
AI,AI2815,10598.00,INR,2026-09-22,playwright_network
AI,AI2609,10817.00,INR,2026-09-22,playwright_network
AI,AI2547,10817.00,INR,2026-09-22,playwright_network
AI,AI2971,10817.00,INR,2026-09-22,playwright_network
AI,AI1735,10817.00,INR,2026-09-22,playwright_network
6E,6E6091,10786.00,INR,2026-09-22,playwright_network
AI,AI2973,11026.00,INR,2026-09-22,playwright_network
6E,6E873,10832.00,INR,2026-09-22,playwright_network
AI,AI1710,11134.00,INR,2026-09-22,playwright_network
AI,AI427,11145.00,INR,2026-09-22,playwright_network
IX,IX1811,11317.00,INR,2026-09-22,playwright_network
AI,AI2609,11401.00,INR,2026-09-22,playwright_network
6E,6E6476,11203.00,INR,2026-09-22,playwright_network
6E,6E842,11414.00,INR,2026-09-22,playwright_network
AI,AI2809,12343.00,INR,2026-09-22,playwright_network
6E,6E2277,12407.00,INR,2026-09-22,playwright_network
IX,IX1108,12745.00,INR,2026-09-22,playwright_network
6E,6E5073,12576.00,INR,2026-09-22,playwright_network
6E,6E947,12659.00,INR,2026-09-22,playwright_network
IX,IX1056,13066.00,INR,2026-09-22,playwright_network
IX,IX1292,13480.00,INR,2026-09-22,playwright_network
IX,IX1038,13686.00,INR,2026-09-22,playwright_network
IX,IX1068,13689.00,INR,2026-09-22,playwright_network
AI,AI2485,13660.00,INR,2026-09-22,playwright_network
6E,6E717,13520.00,INR,2026-09-22,playwright_network
AI,AI2483,13769.00,INR,2026-09-22,playwright_network
AI,AI1702,13904.00,INR,2026-09-22,playwright_network
6E,6E2557,13747.00,INR,2026-09-22,playwright_network
IX,IX1090,14960.00,INR,2026-09-22,playwright_network
6E,6E6217,14703.00,INR,2026-09-22,playwright_network
6E,6E6282,14703.00,INR,2026-09-22,playwright_network
6E,6E2343,14834.00,INR,2026-09-22,playwright_network
IX,IX1783,15496.00,INR,2026-09-22,playwright_network
6E,6E950,15699.00,INR,2026-09-22,playwright_network
AI,AI2627,16192.00,INR,2026-09-22,playwright_network
6E,6E6470,16089.00,INR,2026-09-22,playwright_network
6E,6E6488,16412.00,INR,2026-09-22,playwright_network
IX,IX1041,17056.00,INR,2026-09-22,playwright_network
IX,IX1041,17078.00,INR,2026-09-22,playwright_network
IX,IX1032,17078.00,INR,2026-09-22,playwright_network
IX,IX1069,17266.00,INR,2026-09-22,playwright_network
AI,AI2577,17160.00,INR,2026-09-22,playwright_network
6E,6E5033,17324.00,INR,2026-09-22,playwright_network
6E,6E6437,17563.00,INR,2026-09-22,playwright_network
6E,6E5001,17663.00,INR,2026-09-22,playwright_network
IX,IX1085,18202.00,INR,2026-09-22,playwright_network
6E,6E513,17874.00,INR,2026-09-22,playwright_network
AI,AI2532,19170.00,INR,2026-09-22,playwright_network
IX,IX1012,19788.00,INR,2026-09-22,playwright_network
IX,IX1980,20628.00,INR,2026-09-22,playwright_network
6E,6E329,20184.00,INR,2026-09-22,playwright_network
6E,6E6293,20411.00,INR,2026-09-22,playwright_network
IX,IX1811,21523.00,INR,2026-09-22,playwright_network
AI,AI2879,23739.00,INR,2026-09-22,playwright_network
IX,IX1067,25177.00,INR,2026-09-22,playwright_network
AI,AI2705,26150.00,INR,2026-09-22,playwright_network
IX,IX1617,28056.00,INR,2026-09-22,playwright_network
AI,AI1739,27966.00,INR,2026-09-22,playwright_network
AI,AI437,28375.00,INR,2026-09-22,playwright_network
AI,AI1749,29988.00,INR,2026-09-22,playwright_network
IX,IX1461,31447.00,INR,2026-09-22,playwright_network
IX,IX1070,8828.00,INR,2026-09-28,playwright_network
IX,IX5975,8828.00,INR,2026-09-28,playwright_network
IX,IX1090,8977.00,INR,2026-09-28,playwright_network
IX,IX1165,8977.00,INR,2026-09-28,playwright_network
IX,IX1046,8977.00,INR,2026-09-28,playwright_network
IX,IX1054,8977.00,INR,2026-09-28,playwright_network
IX,IX1392,8977.00,INR,2026-09-28,playwright_network
IX,IX1617,8977.00,INR,2026-09-28,playwright_network
IX,IX1035,9035.00,INR,2026-09-28,playwright_network
IX,IX1069,9035.00,INR,2026-09-28,playwright_network
QP,QP1812,8829.00,INR,2026-09-28,playwright_network
6E,6E811,8829.00,INR,2026-09-28,playwright_network
6E,6E873,8829.00,INR,2026-09-28,playwright_network
QP,QP1308,8829.00,INR,2026-09-28,playwright_network
QP,QP1350,8829.00,INR,2026-09-28,playwright_network
6E,6E820,8829.00,INR,2026-09-28,playwright_network
6E,6E871,8829.00,INR,2026-09-28,playwright_network
6E,6E846,8829.00,INR,2026-09-28,playwright_network
6E,6E6515,8829.00,INR,2026-09-28,playwright_network
6E,6E861,8829.00,INR,2026-09-28,playwright_network
6E,6E837,8829.00,INR,2026-09-28,playwright_network
6E,6E880,8829.00,INR,2026-09-28,playwright_network
6E,6E176,8829.00,INR,2026-09-28,playwright_network
6E,6E842,8829.00,INR,2026-09-28,playwright_network
6E,6E826,8829.00,INR,2026-09-28,playwright_network
6E,6E2314,8829.00,INR,2026-09-28,playwright_network
6E,6E828,8829.00,INR,2026-09-28,playwright_network
QP,QP1822,8829.00,INR,2026-09-28,playwright_network
QP,QP1824,8829.00,INR,2026-09-28,playwright_network
6E,6E850,8829.00,INR,2026-09-28,playwright_network
6E,6E2151,8844.00,INR,2026-09-28,playwright_network
AI,AI2817,9142.00,INR,2026-09-28,playwright_network
AI,AI427,9142.00,INR,2026-09-28,playwright_network
AI,AI2485,9142.00,INR,2026-09-28,playwright_network
AI,AI2809,9142.00,INR,2026-09-28,playwright_network
AI,AI2803,9142.00,INR,2026-09-28,playwright_network
AI,AI2815,9142.00,INR,2026-09-28,playwright_network
AI,AI2415,9142.00,INR,2026-09-28,playwright_network
AI,AI2819,9142.00,INR,2026-09-28,playwright_network
AI,AI2664,9142.00,INR,2026-09-28,playwright_network
AI,AI2487,9142.00,INR,2026-09-28,playwright_network
AI,AI2512,9142.00,INR,2026-09-28,playwright_network
AI,AI2412,9142.00,INR,2026-09-28,playwright_network
IX,IX1617,9606.00,INR,2026-09-28,playwright_network
6E,6E810,9286.00,INR,2026-09-28,playwright_network
AI,AI2409,9843.00,INR,2026-09-28,playwright_network
AI,AI2417,10005.00,INR,2026-09-28,playwright_network
6E,6E6433,9867.00,INR,2026-09-28,playwright_network
6E,6E717,9946.00,INR,2026-09-28,playwright_network
6E,6E6217,9946.00,INR,2026-09-28,playwright_network
6E,6E6212,9946.00,INR,2026-09-28,playwright_network
6E,6E6282,9946.00,INR,2026-09-28,playwright_network
6E,6E6293,9946.00,INR,2026-09-28,playwright_network
6E,6E884,9946.00,INR,2026-09-28,playwright_network
6E,6E5073,10077.00,INR,2026-09-28,playwright_network
6E,6E6179,10077.00,INR,2026-09-28,playwright_network
6E,6E329,10077.00,INR,2026-09-28,playwright_network
6E,6E734,10077.00,INR,2026-09-28,playwright_network
6E,6E931,10077.00,INR,2026-09-28,playwright_network
6E,6E5119,10077.00,INR,2026-09-28,playwright_network
6E,6E6673,10077.00,INR,2026-09-28,playwright_network
6E,6E2557,10077.00,INR,2026-09-28,playwright_network
6E,6E6459,10077.00,INR,2026-09-28,playwright_network
6E,6E2618,10077.00,INR,2026-09-28,playwright_network
6E,6E2343,10077.00,INR,2026-09-28,playwright_network
6E,6E6476,10084.00,INR,2026-09-28,playwright_network
AI,AI1710,10294.00,INR,2026-09-28,playwright_network
AI,AI2569,10294.00,INR,2026-09-28,playwright_network
6E,6E950,10156.00,INR,2026-09-28,playwright_network
6E,6E6091,10156.00,INR,2026-09-28,playwright_network
6E,6E6632,10156.00,INR,2026-09-28,playwright_network
6E,6E2277,10156.00,INR,2026-09-28,playwright_network
6E,6E6115,10156.00,INR,2026-09-28,playwright_network
6E,6E5038,10156.00,INR,2026-09-28,playwright_network
6E,6E5033,10156.00,INR,2026-09-28,playwright_network
6E,6E6497,10287.00,INR,2026-09-28,playwright_network
6E,6E5001,10314.00,INR,2026-09-28,playwright_network
IX,IX1230,10706.00,INR,2026-09-28,playwright_network
6E,6E513,10497.00,INR,2026-09-28,playwright_network
6E,6E5191,10497.00,INR,2026-09-28,playwright_network
AI,AI1717,10725.00,INR,2026-09-28,playwright_network
IX,IX1038,10781.00,INR,2026-09-28,playwright_network
AI,AI2547,10895.00,INR,2026-09-28,playwright_network
AI,AI2653,11053.00,INR,2026-09-28,playwright_network
AI,AI2469,11097.00,INR,2026-09-28,playwright_network
AI,AI2711,11097.00,INR,2026-09-28,playwright_network
IX,IX1812,11317.00,INR,2026-09-28,playwright_network
AI,AI1797,11569.00,INR,2026-09-28,playwright_network
AI,AI2971,11580.00,INR,2026-09-28,playwright_network
AI,AI2532,11604.00,INR,2026-09-28,playwright_network
AI,AI2971,11712.00,INR,2026-09-28,playwright_network
IX,IX1617,11899.00,INR,2026-09-28,playwright_network
IX,IX1165,11899.00,INR,2026-09-28,playwright_network
AI,AI2973,11789.00,INR,2026-09-28,playwright_network
AI,AI2879,12668.00,INR,2026-09-28,playwright_network
AI,AI2519,13118.00,INR,2026-09-28,playwright_network
6E,6E2349,13294.00,INR,2026-09-28,playwright_network
IX,IX1001,13544.00,INR,2026-09-28,playwright_network
6E,6E704,13499.00,INR,2026-09-28,playwright_network
IX,IX1067,13753.00,INR,2026-09-28,playwright_network
AI,AI1702,13904.00,INR,2026-09-28,playwright_network
AI,AI2483,14198.00,INR,2026-09-28,playwright_network
IX,IX1815,14402.00,INR,2026-09-28,playwright_network
AI,AI2458,14633.00,INR,2026-09-28,playwright_network
IX,IX1811,15075.00,INR,2026-09-28,playwright_network
AI,AI2577,15146.00,INR,2026-09-28,playwright_network
IX,IX1032,15870.00,INR,2026-09-28,playwright_network
AI,AI2525,15692.00,INR,2026-09-28,playwright_network
IX,IX1461,16327.00,INR,2026-09-28,playwright_network
IX,IX1068,16419.00,INR,2026-09-28,playwright_network
IX,IX1085,16438.00,INR,2026-09-28,playwright_network
IX,IX1035,16500.00,INR,2026-09-28,playwright_network
IX,IX1032,16710.00,INR,2026-09-28,playwright_network
IX,IX1108,16735.00,INR,2026-09-28,playwright_network
AI,AI2627,17580.00,INR,2026-09-28,playwright_network
AI,AI2705,17921.00,INR,2026-09-28,playwright_network
IX,IX1783,19063.00,INR,2026-09-28,playwright_network
IX,IX1012,19385.00,INR,2026-09-28,playwright_network
6E,6E2364,19252.00,INR,2026-09-28,playwright_network
IX,IX1980,21379.00,INR,2026-09-28,playwright_network
AI,AI437,22014.00,INR,2026-09-28,playwright_network
AI,AI1739,27966.00,INR,2026-09-28,playwright_network
IX,IX1074,31447.00,INR,2026-09-28,playwright_network
6E,6E6476,8172.00,INR,2026-10-06,playwright_network
6E,6E2147,8416.00,INR,2026-10-06,playwright_network
IX,IX1067,8767.00,INR,2026-10-06,playwright_network
IX,IX1041,8767.00,INR,2026-10-06,playwright_network
IX,IX1035,8767.00,INR,2026-10-06,playwright_network
IX,IX1074,8767.00,INR,2026-10-06,playwright_network
IX,IX1032,8767.00,INR,2026-10-06,playwright_network
IX,IX2749,8828.00,INR,2026-10-06,playwright_network
IX,IX1070,8828.00,INR,2026-10-06,playwright_network
IX,IX1046,8977.00,INR,2026-10-06,playwright_network
IX,IX1090,8977.00,INR,2026-10-06,playwright_network
IX,IX1165,8977.00,INR,2026-10-06,playwright_network
IX,IX1257,8977.00,INR,2026-10-06,playwright_network
IX,IX1054,8977.00,INR,2026-10-06,playwright_network
IX,IX1230,8977.00,INR,2026-10-06,playwright_network
6E,6E6497,8701.00,INR,2026-10-06,playwright_network
6E,6E2769,8701.00,INR,2026-10-06,playwright_network
6E,6E2482,8701.00,INR,2026-10-06,playwright_network
IX,IX1024,9798.00,INR,2026-10-06,playwright_network
IX,IX1235,9245.00,INR,2026-10-06,playwright_network
IX,IX1056,9245.00,INR,2026-10-06,playwright_network
QP,QP1350,8829.00,INR,2026-10-06,playwright_network
6E,6E811,8829.00,INR,2026-10-06,playwright_network
6E,6E6054,8829.00,INR,2026-10-06,playwright_network
6E,6E861,8829.00,INR,2026-10-06,playwright_network
6E,6E837,8829.00,INR,2026-10-06,playwright_network
6E,6E880,8829.00,INR,2026-10-06,playwright_network
6E,6E828,8829.00,INR,2026-10-06,playwright_network
6E,6E871,8829.00,INR,2026-10-06,playwright_network
6E,6E842,8829.00,INR,2026-10-06,playwright_network
6E,6E826,8829.00,INR,2026-10-06,playwright_network
6E,6E810,8829.00,INR,2026-10-06,playwright_network
6E,6E2314,8829.00,INR,2026-10-06,playwright_network
6E,6E820,8829.00,INR,2026-10-06,playwright_network
6E,6E176,8829.00,INR,2026-10-06,playwright_network
QP,QP1822,8829.00,INR,2026-10-06,playwright_network
QP,QP1824,8829.00,INR,2026-10-06,playwright_network
6E,6E850,8829.00,INR,2026-10-06,playwright_network
QP,QP1812,8829.00,INR,2026-10-06,playwright_network
6E,6E513,8911.00,INR,2026-10-06,playwright_network
6E,6E5191,8911.00,INR,2026-10-06,playwright_network
AI,AI2653,9142.00,INR,2026-10-06,playwright_network
AI,AI427,9142.00,INR,2026-10-06,playwright_network
AI,AI2485,9142.00,INR,2026-10-06,playwright_network
AI,AI2809,9142.00,INR,2026-10-06,playwright_network
AI,AI2757,9142.00,INR,2026-10-06,playwright_network
AI,AI2409,9142.00,INR,2026-10-06,playwright_network
AI,AI2803,9142.00,INR,2026-10-06,playwright_network
AI,AI2664,9142.00,INR,2026-10-06,playwright_network
AI,AI2813,9142.00,INR,2026-10-06,playwright_network
AI,AI2487,9142.00,INR,2026-10-06,playwright_network
6E,6E6212,9029.00,INR,2026-10-06,playwright_network
6E,6E704,9029.00,INR,2026-10-06,playwright_network
6E,6E6026,9029.00,INR,2026-10-06,playwright_network
6E,6E6282,9029.00,INR,2026-10-06,playwright_network
6E,6E6293,9029.00,INR,2026-10-06,playwright_network
AI,AI2417,9296.00,INR,2026-10-06,playwright_network
AI,AI2819,9296.00,INR,2026-10-06,playwright_network
6E,6E5073,9161.00,INR,2026-10-06,playwright_network
6E,6E6179,9161.00,INR,2026-10-06,playwright_network
6E,6E6488,9161.00,INR,2026-10-06,playwright_network
6E,6E734,9161.00,INR,2026-10-06,playwright_network
6E,6E5119,9161.00,INR,2026-10-06,playwright_network
6E,6E931,9161.00,INR,2026-10-06,playwright_network
6E,6E6673,9161.00,INR,2026-10-06,playwright_network
6E,6E2557,9161.00,INR,2026-10-06,playwright_network
6E,6E6569,9161.00,INR,2026-10-06,playwright_network
6E,6E990,9161.00,INR,2026-10-06,playwright_network
6E,6E6459,9161.00,INR,2026-10-06,playwright_network
6E,6E2618,9161.00,INR,2026-10-06,playwright_network
6E,6E6829,9161.00,INR,2026-10-06,playwright_network
6E,6E950,9239.00,INR,2026-10-06,playwright_network
6E,6E6091,9239.00,INR,2026-10-06,playwright_network
6E,6E6632,9239.00,INR,2026-10-06,playwright_network
6E,6E933,9239.00,INR,2026-10-06,playwright_network
6E,6E2150,9239.00,INR,2026-10-06,playwright_network
6E,6E6115,9239.00,INR,2026-10-06,playwright_network
6E,6E5038,9239.00,INR,2026-10-06,playwright_network
6E,6E5033,9239.00,INR,2026-10-06,playwright_network
6E,6E873,9286.00,INR,2026-10-06,playwright_network
AI,AI2817,9599.00,INR,2026-10-06,playwright_network
AI,AI2412,9599.00,INR,2026-10-06,playwright_network
AI,AI2415,9762.00,INR,2026-10-06,playwright_network
IX,IX1811,10056.00,INR,2026-10-06,playwright_network
IX,IX1617,10056.00,INR,2026-10-06,playwright_network
IX,IX1812,10056.00,INR,2026-10-06,playwright_network
6E,6E717,9767.00,INR,2026-10-06,playwright_network
6E,6E758,9767.00,INR,2026-10-06,playwright_network
6E,6E846,9771.00,INR,2026-10-06,playwright_network
6E,6E6515,9771.00,INR,2026-10-06,playwright_network
AI,AI2499,10189.00,INR,2026-10-06,playwright_network
AI,AI2569,10189.00,INR,2026-10-06,playwright_network
6E,6E754,10134.00,INR,2026-10-06,playwright_network
AI,AI2512,10598.00,INR,2026-10-06,playwright_network
AI,AI1717,10620.00,INR,2026-10-06,playwright_network
AI,AI2711,10764.00,INR,2026-10-06,playwright_network
6E,6E6217,10576.00,INR,2026-10-06,playwright_network
6E,6E329,10707.00,INR,2026-10-06,playwright_network
AI,AI1797,11170.00,INR,2026-10-06,playwright_network
IX,IX1057,11317.00,INR,2026-10-06,playwright_network
AI,AI2609,11441.00,INR,2026-10-06,playwright_network
AI,AI2532,11604.00,INR,2026-10-06,playwright_network
AI,AI1743,11604.00,INR,2026-10-06,playwright_network
AI,AI1742,11604.00,INR,2026-10-06,playwright_network
IX,IX1980,11827.00,INR,2026-10-06,playwright_network
IX,IX1461,11827.00,INR,2026-10-06,playwright_network
IX,IX1012,11827.00,INR,2026-10-06,playwright_network
IX,IX1068,12325.00,INR,2026-10-06,playwright_network
AI,AI465,12237.00,INR,2026-10-06,playwright_network
AI,AI1735,12269.00,INR,2026-10-06,playwright_network
AI,AI2547,12596.00,INR,2026-10-06,playwright_network
IX,IX1108,12742.00,INR,2026-10-06,playwright_network
AI,AI1730,12839.00,INR,2026-10-06,playwright_network
AI,AI2519,13143.00,INR,2026-10-06,playwright_network
AI,AI2899,13143.00,INR,2026-10-06,playwright_network
AI,AI2879,13144.00,INR,2026-10-06,playwright_network
IX,IX1346,13549.00,INR,2026-10-06,playwright_network
AI,AI2973,13596.00,INR,2026-10-06,playwright_network
IX,IX1783,13836.00,INR,2026-10-06,playwright_network
AI,AI437,13805.00,INR,2026-10-06,playwright_network
AI,AI2525,14018.00,INR,2026-10-06,playwright_network
AI,AI1702,14465.00,INR,2026-10-06,playwright_network
IX,IX1046,15311.00,INR,2026-10-06,playwright_network
AI,AI1780,15114.00,INR,2026-10-06,playwright_network
AI,AI2963,15522.00,INR,2026-10-06,playwright_network
AI,AI1785,15522.00,INR,2026-10-06,playwright_network
AI,AI2933,15522.00,INR,2026-10-06,playwright_network
AI,AI2678,15729.00,INR,2026-10-06,playwright_network
AI,AI2985,15729.00,INR,2026-10-06,playwright_network
AI,AI1745,15774.00,INR,2026-10-06,playwright_network
AI,AI2441,15793.00,INR,2026-10-06,playwright_network
AI,AI2975,15793.00,INR,2026-10-06,playwright_network
AI,AI441,15860.00,INR,2026-10-06,playwright_network
IX,IX1085,16454.00,INR,2026-10-06,playwright_network
IX,IX1069,16454.00,INR,2026-10-06,playwright_network
AI,AI2977,16348.00,INR,2026-10-06,playwright_network
IX,IX1041,17084.00,INR,2026-10-06,playwright_network
IX,IX1035,17084.00,INR,2026-10-06,playwright_network
IX,IX1032,17084.00,INR,2026-10-06,playwright_network
AI,AI2513,17178.00,INR,2026-10-06,playwright_network
6E,6E2277,21548.00,INR,2026-10-06,playwright_network
AI,AI2627,26085.00,INR,2026-10-06,playwright_network
IX,IX1165,8977.00,INR,2026-10-21,playwright_network
IX,IX1392,8977.00,INR,2026-10-21,playwright_network
IX,IX1230,9606.00,INR,2026-10-21,playwright_network
SG,SG142,9786.00,INR,2026-10-21,playwright_network
IX,IX1346,10056.00,INR,2026-10-21,playwright_network
QP,QP1350,9859.00,INR,2026-10-21,playwright_network
QP,QP1812,9859.00,INR,2026-10-21,playwright_network
6E,6E873,9936.00,INR,2026-10-21,playwright_network
6E,6E6054,9936.00,INR,2026-10-21,playwright_network
6E,6E846,9936.00,INR,2026-10-21,playwright_network
6E,6E6515,9936.00,INR,2026-10-21,playwright_network
6E,6E871,9936.00,INR,2026-10-21,playwright_network
6E,6E842,9936.00,INR,2026-10-21,playwright_network
6E,6E826,9936.00,INR,2026-10-21,playwright_network
6E,6E810,9936.00,INR,2026-10-21,playwright_network
6E,6E2314,9936.00,INR,2026-10-21,playwright_network
6E,6E176,9936.00,INR,2026-10-21,playwright_network
6E,6E850,9936.00,INR,2026-10-21,playwright_network
6E,6E704,9946.00,INR,2026-10-21,playwright_network
6E,6E6293,9946.00,INR,2026-10-21,playwright_network
IX,IX1070,10349.00,INR,2026-10-21,playwright_network
IX,IX5975,10349.00,INR,2026-10-21,playwright_network
SG,SG646,10309.00,INR,2026-10-21,playwright_network
AI,AI427,10256.00,INR,2026-10-21,playwright_network
AI,AI2409,10256.00,INR,2026-10-21,playwright_network
AI,AI2803,10256.00,INR,2026-10-21,playwright_network
AI,AI2815,10256.00,INR,2026-10-21,playwright_network
IX,IX1074,10387.00,INR,2026-10-21,playwright_network
6E,6E955,10077.00,INR,2026-10-21,playwright_network
6E,6E5073,10077.00,INR,2026-10-21,playwright_network
6E,6E329,10077.00,INR,2026-10-21,playwright_network
6E,6E5119,10077.00,INR,2026-10-21,playwright_network
6E,6E6384,10077.00,INR,2026-10-21,playwright_network
6E,6E6569,10077.00,INR,2026-10-21,playwright_network
6E,6E990,10077.00,INR,2026-10-21,playwright_network
6E,6E6829,10077.00,INR,2026-10-21,playwright_network
6E,6E950,10156.00,INR,2026-10-21,playwright_network
6E,6E2331,10156.00,INR,2026-10-21,playwright_network
6E,6E6091,10156.00,INR,2026-10-21,playwright_network
6E,6E933,10156.00,INR,2026-10-21,playwright_network
6E,6E2277,10156.00,INR,2026-10-21,playwright_network
6E,6E6190,10156.00,INR,2026-10-21,playwright_network
QP,QP1574,10231.00,INR,2026-10-21,playwright_network
QP,QP1335,10231.00,INR,2026-10-21,playwright_network
6E,6E6497,10287.00,INR,2026-10-21,playwright_network
6E,6E861,10349.00,INR,2026-10-21,playwright_network
6E,6E880,10349.00,INR,2026-10-21,playwright_network
6E,6E820,10349.00,INR,2026-10-21,playwright_network
AI,AI2415,10662.00,INR,2026-10-21,playwright_network
AI,AI2412,10662.00,INR,2026-10-21,playwright_network
IX,IX2749,10831.00,INR,2026-10-21,playwright_network
QP,QP1824,10617.00,INR,2026-10-21,playwright_network
6E,6E6212,10720.00,INR,2026-10-21,playwright_network
6E,6E6282,10720.00,INR,2026-10-21,playwright_network
6E,6E758,10720.00,INR,2026-10-21,playwright_network
IX,IX1235,11138.00,INR,2026-10-21,playwright_network
QP,QP1822,10816.00,INR,2026-10-21,playwright_network
6E,6E811,10826.00,INR,2026-10-21,playwright_network
6E,6E837,10826.00,INR,2026-10-21,playwright_network
6E,6E828,10826.00,INR,2026-10-21,playwright_network
6E,6E2557,10851.00,INR,2026-10-21,playwright_network
6E,6E6459,10851.00,INR,2026-10-21,playwright_network
SG,SG162,11216.00,INR,2026-10-21,playwright_network
6E,6E6632,10930.00,INR,2026-10-21,playwright_network
6E,6E2150,10930.00,INR,2026-10-21,playwright_network
6E,6E5033,10930.00,INR,2026-10-21,playwright_network
AI,AI2817,11139.00,INR,2026-10-21,playwright_network
AI,AI2485,11139.00,INR,2026-10-21,playwright_network
AI,AI2809,11139.00,INR,2026-10-21,playwright_network
AI,AI2664,11139.00,INR,2026-10-21,playwright_network
AI,AI2487,11139.00,INR,2026-10-21,playwright_network
AI,AI2499,11197.00,INR,2026-10-21,playwright_network
6E,6E6673,11092.00,INR,2026-10-21,playwright_network
SG,SG802,11578.00,INR,2026-10-21,playwright_network
SG,SG9091,11578.00,INR,2026-10-21,playwright_network
AI,AI2813,11641.00,INR,2026-10-21,playwright_network
SG,SG9091,11891.00,INR,2026-10-21,playwright_network
6E,6E2618,11653.00,INR,2026-10-21,playwright_network
6E,6E6179,11696.00,INR,2026-10-21,playwright_network
6E,6E734,11696.00,INR,2026-10-21,playwright_network
IX,IX1617,12037.00,INR,2026-10-21,playwright_network
SG,SG9091,12266.00,INR,2026-10-21,playwright_network
AI,AI2819,12384.00,INR,2026-10-21,playwright_network
AI,AI2711,12423.00,INR,2026-10-21,playwright_network
AI,AI2609,12423.00,INR,2026-10-21,playwright_network
AI,AI2547,12423.00,INR,2026-10-21,playwright_network
IX,IX1076,12726.00,INR,2026-10-21,playwright_network
AI,AI2973,12642.00,INR,2026-10-21,playwright_network
AI,AI1730,12642.00,INR,2026-10-21,playwright_network
6E,6E717,12489.00,INR,2026-10-21,playwright_network
AI,AI2653,12726.00,INR,2026-10-21,playwright_network
6E,6E6488,12620.00,INR,2026-10-21,playwright_network
AI,AI2417,12951.00,INR,2026-10-21,playwright_network
IX,IX1038,13101.00,INR,2026-10-21,playwright_network
6E,6E2769,12830.00,INR,2026-10-21,playwright_network
6E,6E754,12857.00,INR,2026-10-21,playwright_network
AI,AI2909,13513.00,INR,2026-10-21,playwright_network
AI,AI531,13513.00,INR,2026-10-21,playwright_network
IX,IX1046,13836.00,INR,2026-10-21,playwright_network
AI,AI809,13730.00,INR,2026-10-21,playwright_network
AI,AI1742,14009.00,INR,2026-10-21,playwright_network
AI,AI2601,14009.00,INR,2026-10-21,playwright_network
AI,AI2895,14018.00,INR,2026-10-21,playwright_network
AI,AI2835,14018.00,INR,2026-10-21,playwright_network
AI,AI2547,14052.00,INR,2026-10-21,playwright_network
AI,AI1797,14052.00,INR,2026-10-21,playwright_network
AI,AI2973,14270.00,INR,2026-10-21,playwright_network
AI,AI1730,14270.00,INR,2026-10-21,playwright_network
AI,AI1735,14270.00,INR,2026-10-21,playwright_network
AI,AI465,14515.00,INR,2026-10-21,playwright_network
6E,6E5038,14450.00,INR,2026-10-21,playwright_network
6E,6E6217,14603.00,INR,2026-10-21,playwright_network
AI,AI2483,14974.00,INR,2026-10-21,playwright_network
IX,IX1090,15205.00,INR,2026-10-21,playwright_network
AI,AI2879,15862.00,INR,2026-10-21,playwright_network
AI,AI2560,15862.00,INR,2026-10-21,playwright_network
AI,AI1793,16050.00,INR,2026-10-21,playwright_network
IX,IX1068,16419.00,INR,2026-10-21,playwright_network
AI,AI1780,16315.00,INR,2026-10-21,playwright_network
AI,AI544,16362.00,INR,2026-10-21,playwright_network
IX,IX1108,17290.00,INR,2026-10-21,playwright_network
AI,AI2532,17587.00,INR,2026-10-21,playwright_network
AI,AI437,17621.00,INR,2026-10-21,playwright_network
IX,IX1461,17947.00,INR,2026-10-21,playwright_network
SG,SG754,17753.00,INR,2026-10-21,playwright_network
AI,AI1702,17866.00,INR,2026-10-21,playwright_network
IX,IX1067,20346.00,INR,2026-10-21,playwright_network
IX,IX1812,19985.00,INR,2026-10-21,playwright_network
IX,IX1811,20918.00,INR,2026-10-21,playwright_network
IX,IX1980,20965.00,INR,2026-10-21,playwright_network
IX,IX1012,21116.00,INR,2026-10-21,playwright_network
IX,IX1811,21937.00,INR,2026-10-21,playwright_network
IX,IX1046,21981.00,INR,2026-10-21,playwright_network
IX,IX1273,22811.00,INR,2026-10-21,playwright_network
6E,6E5191,23330.00,INR,2026-10-21,playwright_network
IX,IX1057,24325.00,INR,2026-10-21,playwright_network
IX,IX1783,24745.00,INR,2026-10-21,playwright_network
IX,IX1076,25280.00,INR,2026-10-21,playwright_network
IX,IX1085,25968.00,INR,2026-10-21,playwright_network
IX,IX1032,26408.00,INR,2026-10-21,playwright_network
IX,IX1054,26988.00,INR,2026-10-21,playwright_network
6E,6E513,27845.00,INR,2026-10-21,playwright_network
AI,AI2627,28409.00,INR,2026-10-21,playwright_network
IX,IX1035,29086.00,INR,2026-10-21,playwright_network
AI,AI2513,43920.00,INR,2026-10-21,playwright_network
SG,SG723,9342.00,INR,2026-11-05,playwright_network
SG,SG142,9342.00,INR,2026-11-05,playwright_network
SG,SG614,9342.00,INR,2026-11-05,playwright_network
IX,IX1261,9936.00,INR,2026-11-05,playwright_network
IX,IX1525,9936.00,INR,2026-11-05,playwright_network
IX,IX1071,9936.00,INR,2026-11-05,playwright_network
QP,QP1824,9859.00,INR,2026-11-05,playwright_network
QP,QP1827,9859.00,INR,2026-11-05,playwright_network
QP,QP1812,9859.00,INR,2026-11-05,playwright_network
6E,6E5116,9867.00,INR,2026-11-05,playwright_network
6E,6E2402,9867.00,INR,2026-11-05,playwright_network
6E,6E2177,9867.00,INR,2026-11-05,playwright_network
6E,6E820,9936.00,INR,2026-11-05,playwright_network
6E,6E871,9936.00,INR,2026-11-05,playwright_network
6E,6E2329,9936.00,INR,2026-11-05,playwright_network
6E,6E810,9936.00,INR,2026-11-05,playwright_network
6E,6E2314,9936.00,INR,2026-11-05,playwright_network
6E,6E6217,9946.00,INR,2026-11-05,playwright_network
6E,6E717,9946.00,INR,2026-11-05,playwright_network
6E,6E6293,9946.00,INR,2026-11-05,playwright_network
6E,6E2303,9946.00,INR,2026-11-05,playwright_network
6E,6E5058,9946.00,INR,2026-11-05,playwright_network
QP,QP1302,10042.00,INR,2026-11-05,playwright_network
6E,6E637,10077.00,INR,2026-11-05,playwright_network
6E,6E6446,10077.00,INR,2026-11-05,playwright_network
6E,6E2343,10077.00,INR,2026-11-05,playwright_network
6E,6E976,10156.00,INR,2026-11-05,playwright_network
6E,6E2411,10156.00,INR,2026-11-05,playwright_network
6E,6E2150,10156.00,INR,2026-11-05,playwright_network
6E,6E6131,10156.00,INR,2026-11-05,playwright_network
6E,6E2140,10156.00,INR,2026-11-05,playwright_network
6E,6E2277,10156.00,INR,2026-11-05,playwright_network
6E,6E6115,10156.00,INR,2026-11-05,playwright_network
6E,6E434,10156.00,INR,2026-11-05,playwright_network
6E,6E2336,10156.00,INR,2026-11-05,playwright_network
6E,6E6091,10156.00,INR,2026-11-05,playwright_network
6E,6E2346,10156.00,INR,2026-11-05,playwright_network
AI,AI427,10406.00,INR,2026-11-05,playwright_network
AI,AI2409,10406.00,INR,2026-11-05,playwright_network
AI,AI2803,10406.00,INR,2026-11-05,playwright_network
AI,AI2415,10406.00,INR,2026-11-05,playwright_network
AI,AI2485,10406.00,INR,2026-11-05,playwright_network
AI,AI2513,10406.00,INR,2026-11-05,playwright_network
AI,AI2412,10406.00,INR,2026-11-05,playwright_network
AI,AI2515,10406.00,INR,2026-11-05,playwright_network
6E,6E2771,10287.00,INR,2026-11-05,playwright_network
6E,6E5373,10287.00,INR,2026-11-05,playwright_network
6E,6E6073,10287.00,INR,2026-11-05,playwright_network
6E,6E2296,10287.00,INR,2026-11-05,playwright_network
6E,6E2045,10314.00,INR,2026-11-05,playwright_network
IX,IX1196,10648.00,INR,2026-11-05,playwright_network
6E,6E846,10349.00,INR,2026-11-05,playwright_network
6E,6E850,10349.00,INR,2026-11-05,playwright_network
6E,6E826,10349.00,INR,2026-11-05,playwright_network
6E,6E873,10349.00,INR,2026-11-05,playwright_network
6E,6E176,10349.00,INR,2026-11-05,playwright_network
AI,AI2417,10585.00,INR,2026-11-05,playwright_network
AI,AI2512,10819.00,INR,2026-11-05,playwright_network
AI,AI2809,10819.00,INR,2026-11-05,playwright_network
AI,AI2819,11006.00,INR,2026-11-05,playwright_network
6E,6E6515,10826.00,INR,2026-11-05,playwright_network
6E,6E861,10826.00,INR,2026-11-05,playwright_network
6E,6E811,10826.00,INR,2026-11-05,playwright_network
6E,6E880,10826.00,INR,2026-11-05,playwright_network
6E,6E837,10826.00,INR,2026-11-05,playwright_network
6E,6E842,10826.00,INR,2026-11-05,playwright_network
6E,6E6488,10851.00,INR,2026-11-05,playwright_network
AI,AI2487,11297.00,INR,2026-11-05,playwright_network
IX,IX1263,11473.00,INR,2026-11-05,playwright_network
IX,IX1082,11511.00,INR,2026-11-05,playwright_network
AI,AI2545,11407.00,INR,2026-11-05,playwright_network
AI,AI2757,11799.00,INR,2026-11-05,playwright_network
AI,AI2545,11932.00,INR,2026-11-05,playwright_network
AI,AI2577,11932.00,INR,2026-11-05,playwright_network
6E,6E5162,11750.00,INR,2026-11-05,playwright_network
6E,6E6076,11775.00,INR,2026-11-05,playwright_network
SG,SG612,12798.00,INR,2026-11-05,playwright_network
SG,SG475,12798.00,INR,2026-11-05,playwright_network
SG,SG510,12798.00,INR,2026-11-05,playwright_network
SG,SG603,12798.00,INR,2026-11-05,playwright_network
AI,AI2706,12746.00,INR,2026-11-05,playwright_network
AI,AI2643,12746.00,INR,2026-11-05,playwright_network
IX,IX1385,12953.00,INR,2026-11-05,playwright_network
IX,IX1392,12953.00,INR,2026-11-05,playwright_network
SG,SG186,13005.00,INR,2026-11-05,playwright_network
SG,SG105,13005.00,INR,2026-11-05,playwright_network
SG,SG600,13005.00,INR,2026-11-05,playwright_network
AI,AI2532,12932.00,INR,2026-11-05,playwright_network
SG,SG612,13325.00,INR,2026-11-05,playwright_network
SG,SG475,13325.00,INR,2026-11-05,playwright_network
SG,SG510,13325.00,INR,2026-11-05,playwright_network
SG,SG603,13325.00,INR,2026-11-05,playwright_network
IX,IX1076,13348.00,INR,2026-11-05,playwright_network
6E,6E894,13040.00,INR,2026-11-05,playwright_network
IX,IX1210,13558.00,INR,2026-11-05,playwright_network
AI,AI1724,13617.00,INR,2026-11-05,playwright_network
AI,AI2879,13811.00,INR,2026-11-05,playwright_network
AI,AI2449,13811.00,INR,2026-11-05,playwright_network
AI,AI2899,13811.00,INR,2026-11-05,playwright_network
AI,AI2859,13811.00,INR,2026-11-05,playwright_network
AI,AI2549,13811.00,INR,2026-11-05,playwright_network
IX,IX2233,13982.00,INR,2026-11-05,playwright_network
IX,IX1230,14074.00,INR,2026-11-05,playwright_network
AI,AI1706,13985.00,INR,2026-11-05,playwright_network
AI,AI2449,13985.00,INR,2026-11-05,playwright_network
AI,AI2549,13985.00,INR,2026-11-05,playwright_network
AI,AI2542,14260.00,INR,2026-11-05,playwright_network
AI,AI1725,14279.00,INR,2026-11-05,playwright_network
AI,AI2560,14345.00,INR,2026-11-05,playwright_network
IX,IX1056,14492.00,INR,2026-11-05,playwright_network
SG,SG612,14552.00,INR,2026-11-05,playwright_network
SG,SG475,14552.00,INR,2026-11-05,playwright_network
AI,AI2509,14484.00,INR,2026-11-05,playwright_network
IX,IX1076,14641.00,INR,2026-11-05,playwright_network
IX,IX1083,14686.00,INR,2026-11-05,playwright_network
AI,AI2465,14645.00,INR,2026-11-05,playwright_network
SG,SG604,15192.00,INR,2026-11-05,playwright_network
AI,AI2495,15164.00,INR,2026-11-05,playwright_network
IX,IX2233,15504.00,INR,2026-11-05,playwright_network
6E,6E6878,16037.00,INR,2026-11-05,playwright_network
AI,AI1753,17295.00,INR,2026-11-05,playwright_network
AI,AI2565,17477.00,INR,2026-11-05,playwright_network
IX,IX1672,17914.00,INR,2026-11-05,playwright_network
6E,6E6517,17678.00,INR,2026-11-05,playwright_network
IX,IX1672,18282.00,INR,2026-11-05,playwright_network
IX,IX1085,18480.00,INR,2026-11-05,playwright_network
SG,SG608,19591.00,INR,2026-11-05,playwright_network
SG,SG711,19591.00,INR,2026-11-05,playwright_network
IX,IX1032,18848.00,INR,2026-11-05,playwright_network
AI,AI2971,18550.00,INR,2026-11-05,playwright_network
AI,AI487,18570.00,INR,2026-11-05,playwright_network
AI,AI2525,18653.00,INR,2026-11-05,playwright_network
AI,AI2523,18653.00,INR,2026-11-05,playwright_network
AI,AI2973,18658.00,INR,2026-11-05,playwright_network
6E,6E2105,18662.00,INR,2026-11-05,playwright_network
6E,6E2361,19651.00,INR,2026-11-05,playwright_network
IX,IX1041,20570.00,INR,2026-11-05,playwright_network
IX,IX1067,20976.00,INR,2026-11-05,playwright_network
6E,6E6868,20657.00,INR,2026-11-05,playwright_network
IX,IX1274,22236.00,INR,2026-11-05,playwright_network
IX,IX1510,23145.00,INR,2026-11-05,playwright_network
IX,IX1510,23461.00,INR,2026-11-05,playwright_network
IX,IX1046,23973.00,INR,2026-11-05,playwright_network
IX,IX1046,24273.00,INR,2026-11-05,playwright_network
6E,6E6347,24634.00,INR,2026-11-05,playwright_network
IX,IX1068,25442.00,INR,2026-11-05,playwright_network
IX,IX2764,25442.00,INR,2026-11-05,playwright_network
IX,IX2764,26231.00,INR,2026-11-05,playwright_network
AI,AI2767,25803.00,INR,2026-11-05,playwright_network
AI,AI881,27555.00,INR,2026-11-05,playwright_network
QP,UNSPECIFIED,6530.00,INR,2026-09-22,playwright_network
QP,UNSPECIFIED,6530.00,INR,2026-09-22,playwright_network
QP,UNSPECIFIED,6530.00,INR,2026-09-28,playwright_network
QP,UNSPECIFIED,6530.00,INR,2026-09-28,playwright_network
QP,UNSPECIFIED,6530.00,INR,2026-10-06,playwright_network
QP,UNSPECIFIED,6530.00,INR,2026-10-06,playwright_network
QP,UNSPECIFIED,6530.00,INR,2026-10-21,playwright_network
QP,UNSPECIFIED,6530.00,INR,2026-10-21,playwright_network
QP,UNSPECIFIED,7103.00,INR,2026-11-05,playwright_network
QP,UNSPECIFIED,7103.00,INR,2026-11-05,playwright_network
QP,UNSPECIFIED,6914.00,INR,2026-09-22,playwright_network
QP,UNSPECIFIED,6914.00,INR,2026-09-22,playwright_network
QP,UNSPECIFIED,5673.00,INR,2026-09-28,playwright_network
QP,UNSPECIFIED,5673.00,INR,2026-09-28,playwright_network
QP,UNSPECIFIED,5050.00,INR,2026-10-06,playwright_network
QP,UNSPECIFIED,5050.00,INR,2026-10-06,playwright_network
QP,UNSPECIFIED,5050.00,INR,2026-10-21,playwright_network
QP,UNSPECIFIED,5050.00,INR,2026-10-21,playwright_network
QP,UNSPECIFIED,8130.00,INR,2026-11-05,playwright_network
QP,UNSPECIFIED,8130.00,INR,2026-11-05,playwright_network
QP,UNSPECIFIED,8829.00,INR,2026-09-22,playwright_network
QP,UNSPECIFIED,8829.00,INR,2026-09-22,playwright_network
QP,UNSPECIFIED,8829.00,INR,2026-09-28,playwright_network
QP,UNSPECIFIED,8829.00,INR,2026-09-28,playwright_network
QP,UNSPECIFIED,8829.00,INR,2026-10-06,playwright_network
QP,UNSPECIFIED,8829.00,INR,2026-10-06,playwright_network
QP,UNSPECIFIED,9680.00,INR,2026-10-21,playwright_network
QP,UNSPECIFIED,9680.00,INR,2026-10-21,playwright_network
QP,UNSPECIFIED,9859.00,INR,2026-11-05,playwright_network
QP,UNSPECIFIED,9859.00,INR,2026-11-05,playwright_network
SG,SG9091,5999.00,INR,2026-09-22,playwright_network
SG,SG162,6506.00,INR,2026-09-22,playwright_network
6E,6E6171,6090.00,INR,2026-09-22,playwright_network
6E,6E931,6090.00,INR,2026-09-22,playwright_network
6E,6E6983,6090.00,INR,2026-09-22,playwright_network
6E,6E6261,6090.00,INR,2026-09-22,playwright_network
6E,6E2169,6222.00,INR,2026-09-22,playwright_network
6E,6E5138,6222.00,INR,2026-09-22,playwright_network
6E,6E6459,6222.00,INR,2026-09-22,playwright_network
6E,6E6050,6300.00,INR,2026-09-22,playwright_network
IX,IX1235,6688.00,INR,2026-09-22,playwright_network
IX,IX1056,6688.00,INR,2026-09-22,playwright_network
6E,6E6282,6432.00,INR,2026-09-22,playwright_network
6E,6E882,6432.00,INR,2026-09-22,playwright_network
6E,6E6497,6432.00,INR,2026-09-22,playwright_network
6E,6E324,6530.00,INR,2026-09-22,playwright_network
QP,QP1110,6530.00,INR,2026-09-22,playwright_network
QP,QP1807,6530.00,INR,2026-09-22,playwright_network
QP,QP1820,6530.00,INR,2026-09-22,playwright_network
6E,6E449,6530.00,INR,2026-09-22,playwright_network
6E,6E322,6530.00,INR,2026-09-22,playwright_network
6E,6E6706,6530.00,INR,2026-09-22,playwright_network
6E,6E864,6530.00,INR,2026-09-22,playwright_network
6E,6E6676,6530.00,INR,2026-09-22,playwright_network
6E,6E6047,6530.00,INR,2026-09-22,playwright_network
6E,6E6318,6530.00,INR,2026-09-22,playwright_network
QP,QP1112,6530.00,INR,2026-09-22,playwright_network
QP,QP1128,6530.00,INR,2026-09-22,playwright_network
6E,6E327,6530.00,INR,2026-09-22,playwright_network
6E,6E6328,6530.00,INR,2026-09-22,playwright_network
AI,AI1745,6730.00,INR,2026-09-22,playwright_network
QP,QP1836,6530.00,INR,2026-09-22,playwright_network
6E,6E6022,6530.00,INR,2026-09-22,playwright_network
6E,6E6107,6530.00,INR,2026-09-22,playwright_network
AI,AI2439,6730.00,INR,2026-09-22,playwright_network
AI,AI2951,6843.00,INR,2026-09-22,playwright_network
AI,AI2941,6843.00,INR,2026-09-22,playwright_network
AI,AI2995,6843.00,INR,2026-09-22,playwright_network
AI,AI2945,6843.00,INR,2026-09-22,playwright_network
AI,AI1785,6843.00,INR,2026-09-22,playwright_network
AI,AI1777,6843.00,INR,2026-09-22,playwright_network
AI,AI441,6843.00,INR,2026-09-22,playwright_network
AI,AI2927,6843.00,INR,2026-09-22,playwright_network
AI,AI1780,6843.00,INR,2026-09-22,playwright_network
6E,6E329,6656.00,INR,2026-09-22,playwright_network
6E,6E395,6656.00,INR,2026-09-22,playwright_network
6E,6E6114,6656.00,INR,2026-09-22,playwright_network
AI,AI2933,7001.00,INR,2026-09-22,playwright_network
6E,6E6218,6866.00,INR,2026-09-22,playwright_network
6E,6E357,6982.00,INR,2026-09-22,playwright_network
AI,AI2433,7211.00,INR,2026-09-22,playwright_network
6E,6E2013,7080.00,INR,2026-09-22,playwright_network
6E,6E2249,7212.00,INR,2026-09-22,playwright_network
6E,6E6433,7212.00,INR,2026-09-22,playwright_network
QP,QP1119,7233.00,INR,2026-09-22,playwright_network
AI,AI2981,7473.00,INR,2026-09-22,playwright_network
AI,AI2957,7473.00,INR,2026-09-22,playwright_network
6E,6E5073,7650.00,INR,2026-09-22,playwright_network
6E,6E5298,7860.00,INR,2026-09-22,playwright_network
QP,QP1826,7922.00,INR,2026-09-22,playwright_network
6E,6E354,8105.00,INR,2026-09-22,playwright_network
6E,6E6829,8408.00,INR,2026-09-22,playwright_network
6E,6E6443,8408.00,INR,2026-09-22,playwright_network
IX,IX1165,8821.00,INR,2026-09-22,playwright_network
AI,AI2955,8978.00,INR,2026-09-22,playwright_network
IX,IX1068,9929.00,INR,2026-09-22,playwright_network
IX,IX1003,9929.00,INR,2026-09-22,playwright_network
6E,6E6479,9174.00,INR,2026-09-22,playwright_network
QP,QP1833,9349.00,INR,2026-09-22,playwright_network
AI,AI2499,9841.00,INR,2026-09-22,playwright_network
AI,AI2569,9841.00,INR,2026-09-22,playwright_network
IX,IX1059,10930.00,INR,2026-09-22,playwright_network
6E,6E5119,9721.00,INR,2026-09-22,playwright_network
6E,6E5206,9828.00,INR,2026-09-22,playwright_network
6E,6E6293,10062.00,INR,2026-09-22,playwright_network
6E,6E2331,10554.00,INR,2026-09-22,playwright_network
AI,AI9757,11175.00,INR,2026-09-22,playwright_network
6E,6E303,11150.00,INR,2026-09-22,playwright_network
AI,AI1710,11836.00,INR,2026-09-22,playwright_network
6E,6E704,11810.00,INR,2026-09-22,playwright_network
IX,IX1049,12365.00,INR,2026-09-22,playwright_network
6E,6E6010,12125.00,INR,2026-09-22,playwright_network
6E,6E5119,12473.00,INR,2026-09-22,playwright_network
AI,AI9418,12914.00,INR,2026-09-22,playwright_network
6E,6E6601,12815.00,INR,2026-09-22,playwright_network
AI,AI2907,13106.00,INR,2026-09-22,playwright_network
AI,AI1757,13106.00,INR,2026-09-22,playwright_network
6E,6E5038,13212.00,INR,2026-09-22,playwright_network
AI,AI2985,13670.00,INR,2026-09-22,playwright_network
6E,6E5073,13579.00,INR,2026-09-22,playwright_network
6E,6E2076,13579.00,INR,2026-09-22,playwright_network
6E,6E2341,13579.00,INR,2026-09-22,playwright_network
IX,IX1070,14299.00,INR,2026-09-22,playwright_network
AI,AI2715,14293.00,INR,2026-09-22,playwright_network
6E,6E2349,14171.00,INR,2026-09-22,playwright_network
AI,AI809,14405.00,INR,2026-09-22,playwright_network
AI,AI2939,14405.00,INR,2026-09-22,playwright_network
IX,IX1108,14731.00,INR,2026-09-22,playwright_network
IX,IX1108,15231.00,INR,2026-09-22,playwright_network
AI,AI9584,15059.00,INR,2026-09-22,playwright_network
IX,IX1001,15461.00,INR,2026-09-22,playwright_network
AI,AI2627,15960.00,INR,2026-09-22,playwright_network
6E,6E358,15999.00,INR,2026-09-22,playwright_network
AI,AI2975,17000.00,INR,2026-09-22,playwright_network
AI,AI1780,17042.00,INR,2026-09-22,playwright_network
AI,AI2565,17147.00,INR,2026-09-22,playwright_network
6E,6E705,17460.00,INR,2026-09-22,playwright_network
6E,6E2381,17468.00,INR,2026-09-22,playwright_network
AI,AI1743,17781.00,INR,2026-09-22,playwright_network
6E,6E5014,17597.00,INR,2026-09-22,playwright_network
IX,IX1783,18183.00,INR,2026-09-22,playwright_network
IX,IX1817,18824.00,INR,2026-09-22,playwright_network
IX,IX1049,18824.00,INR,2026-09-22,playwright_network
6E,6E320,18500.00,INR,2026-09-22,playwright_network
AI,AI2577,19336.00,INR,2026-09-22,playwright_network
AI,AI2859,19336.00,INR,2026-09-22,playwright_network
AI,AI2803,19701.00,INR,2026-09-22,playwright_network
AI,AI2465,19759.00,INR,2026-09-22,playwright_network
AI,AI427,19850.00,INR,2026-09-22,playwright_network
AI,AI1779,20423.00,INR,2026-09-22,playwright_network
AI,AI1739,20885.00,INR,2026-09-22,playwright_network
AI,AI2483,22464.00,INR,2026-09-22,playwright_network
AI,AI2963,24260.00,INR,2026-09-22,playwright_network
AI,AI2429,24260.00,INR,2026-09-22,playwright_network
AI,AI2678,24951.00,INR,2026-09-22,playwright_network
AI,AI2977,25182.00,INR,2026-09-22,playwright_network
IX,IX1056,6529.00,INR,2026-09-28,playwright_network
IX,IX1165,7197.00,INR,2026-09-28,playwright_network
IX,IX1392,7197.00,INR,2026-09-28,playwright_network
6E,6E303,6530.00,INR,2026-09-28,playwright_network
6E,6E6676,6530.00,INR,2026-09-28,playwright_network
6E,6E324,6530.00,INR,2026-09-28,playwright_network
QP,QP1119,6530.00,INR,2026-09-28,playwright_network
QP,QP1110,6530.00,INR,2026-09-28,playwright_network
QP,QP1820,6530.00,INR,2026-09-28,playwright_network
6E,6E449,6530.00,INR,2026-09-28,playwright_network
6E,6E322,6530.00,INR,2026-09-28,playwright_network
6E,6E329,6530.00,INR,2026-09-28,playwright_network
6E,6E6706,6530.00,INR,2026-09-28,playwright_network
6E,6E864,6530.00,INR,2026-09-28,playwright_network
6E,6E6318,6530.00,INR,2026-09-28,playwright_network
6E,6E675,6530.00,INR,2026-09-28,playwright_network
6E,6E6047,6530.00,INR,2026-09-28,playwright_network
QP,QP1112,6530.00,INR,2026-09-28,playwright_network
QP,QP1128,6530.00,INR,2026-09-28,playwright_network
6E,6E327,6530.00,INR,2026-09-28,playwright_network
6E,6E6328,6530.00,INR,2026-09-28,playwright_network
QP,QP1836,6530.00,INR,2026-09-28,playwright_network
6E,6E354,6530.00,INR,2026-09-28,playwright_network
6E,6E6022,6530.00,INR,2026-09-28,playwright_network
6E,6E6107,6530.00,INR,2026-09-28,playwright_network
QP,QP1826,6609.00,INR,2026-09-28,playwright_network
6E,6E5014,6618.00,INR,2026-09-28,playwright_network
6E,6E2383,6618.00,INR,2026-09-28,playwright_network
6E,6E2076,6618.00,INR,2026-09-28,playwright_network
6E,6E931,6618.00,INR,2026-09-28,playwright_network
6E,6E2013,6618.00,INR,2026-09-28,playwright_network
6E,6E6983,6618.00,INR,2026-09-28,playwright_network
6E,6E6261,6618.00,INR,2026-09-28,playwright_network
6E,6E5119,6618.00,INR,2026-09-28,playwright_network
6E,6E5073,6618.00,INR,2026-09-28,playwright_network
6E,6E2331,6618.00,INR,2026-09-28,playwright_network
6E,6E853,6688.00,INR,2026-09-28,playwright_network
6E,6E6218,6688.00,INR,2026-09-28,playwright_network
6E,6E6114,6688.00,INR,2026-09-28,playwright_network
6E,6E395,6688.00,INR,2026-09-28,playwright_network
6E,6E2169,6750.00,INR,2026-09-28,playwright_network
6E,6E2249,6750.00,INR,2026-09-28,playwright_network
6E,6E6829,6750.00,INR,2026-09-28,playwright_network
6E,6E6443,6750.00,INR,2026-09-28,playwright_network
6E,6E5138,6750.00,INR,2026-09-28,playwright_network
6E,6E6459,6750.00,INR,2026-09-28,playwright_network
6E,6E6433,6750.00,INR,2026-09-28,playwright_network
6E,6E6569,6750.00,INR,2026-09-28,playwright_network
6E,6E6479,6828.00,INR,2026-09-28,playwright_network
6E,6E6050,6828.00,INR,2026-09-28,playwright_network
6E,6E5038,6828.00,INR,2026-09-28,playwright_network
6E,6E320,6898.00,INR,2026-09-28,playwright_network
6E,6E6601,6960.00,INR,2026-09-28,playwright_network
6E,6E6282,6960.00,INR,2026-09-28,playwright_network
6E,6E882,6960.00,INR,2026-09-28,playwright_network
6E,6E6212,6960.00,INR,2026-09-28,playwright_network
6E,6E6497,6960.00,INR,2026-09-28,playwright_network
6E,6E6814,7160.00,INR,2026-09-28,playwright_network
IX,IX1235,7513.00,INR,2026-09-28,playwright_network
6E,6E5206,7352.00,INR,2026-09-28,playwright_network
QP,QP1833,7501.00,INR,2026-09-28,playwright_network
SG,SG2802,8001.00,INR,2026-09-28,playwright_network
IX,IX1754,9129.00,INR,2026-09-28,playwright_network
SG,SG162,8459.00,INR,2026-09-28,playwright_network
6E,6E705,8692.00,INR,2026-09-28,playwright_network
6E,6E5298,9257.00,INR,2026-09-28,playwright_network
IX,IX1068,10930.00,INR,2026-09-28,playwright_network
IX,IX1059,10930.00,INR,2026-09-28,playwright_network
IX,IX1003,10930.00,INR,2026-09-28,playwright_network
6E,6E704,10994.00,INR,2026-09-28,playwright_network
6E,6E2381,10994.00,INR,2026-09-28,playwright_network
IX,IX1812,13429.00,INR,2026-09-28,playwright_network
6E,6E357,12410.00,INR,2026-09-28,playwright_network
6E,6E5119,12594.00,INR,2026-09-28,playwright_network
6E,6E6293,12795.00,INR,2026-09-28,playwright_network
6E,6E5073,13632.00,INR,2026-09-28,playwright_network
IX,IX1082,14516.00,INR,2026-09-28,playwright_network
IX,IX1817,14516.00,INR,2026-09-28,playwright_network
IX,IX1049,15462.00,INR,2026-09-28,playwright_network
IX,IX1811,17320.00,INR,2026-09-28,playwright_network
IX,IX1108,16544.00,INR,2026-09-28,playwright_network
IX,IX1815,17993.00,INR,2026-09-28,playwright_network
6E,6E358,16708.00,INR,2026-09-28,playwright_network
IX,IX1783,17973.00,INR,2026-09-28,playwright_network
IX,IX1001,19189.00,INR,2026-09-28,playwright_network
IX,IX1067,19396.00,INR,2026-09-28,playwright_network
IX,IX1081,21970.00,INR,2026-09-28,playwright_network
IX,IX1273,22759.00,INR,2026-09-28,playwright_network
IX,IX1049,22918.00,INR,2026-09-28,playwright_network
IX,IX1108,27163.00,INR,2026-09-28,playwright_network
AI,AI2627,34566.00,INR,2026-09-28,playwright_network
IX,IX1165,6529.00,INR,2026-10-06,playwright_network
6E,6E5014,6090.00,INR,2026-10-06,playwright_network
6E,6E6454,6090.00,INR,2026-10-06,playwright_network
6E,6E5119,6090.00,INR,2026-10-06,playwright_network
6E,6E6171,6090.00,INR,2026-10-06,playwright_network
6E,6E2076,6090.00,INR,2026-10-06,playwright_network
6E,6E931,6090.00,INR,2026-10-06,playwright_network
6E,6E6983,6090.00,INR,2026-10-06,playwright_network
6E,6E6261,6090.00,INR,2026-10-06,playwright_network
SG,SG162,6447.00,INR,2026-10-06,playwright_network
IX,IX1235,6529.00,INR,2026-10-06,playwright_network
6E,6E2169,6222.00,INR,2026-10-06,playwright_network
6E,6E2249,6222.00,INR,2026-10-06,playwright_network
6E,6E6829,6222.00,INR,2026-10-06,playwright_network
6E,6E6443,6222.00,INR,2026-10-06,playwright_network
6E,6E5138,6222.00,INR,2026-10-06,playwright_network
6E,6E6459,6222.00,INR,2026-10-06,playwright_network
6E,6E6433,6222.00,INR,2026-10-06,playwright_network
6E,6E6479,6300.00,INR,2026-10-06,playwright_network
6E,6E5298,6300.00,INR,2026-10-06,playwright_network
6E,6E758,6300.00,INR,2026-10-06,playwright_network
6E,6E6050,6300.00,INR,2026-10-06,playwright_network
6E,6E5038,6300.00,INR,2026-10-06,playwright_network
IX,IX1056,6688.00,INR,2026-10-06,playwright_network
6E,6E6601,6432.00,INR,2026-10-06,playwright_network
6E,6E6282,6432.00,INR,2026-10-06,playwright_network
6E,6E882,6432.00,INR,2026-10-06,playwright_network
6E,6E6026,6432.00,INR,2026-10-06,playwright_network
6E,6E704,6432.00,INR,2026-10-06,playwright_network
6E,6E717,6432.00,INR,2026-10-06,playwright_network
6E,6E6212,6432.00,INR,2026-10-06,playwright_network
6E,6E2381,6432.00,INR,2026-10-06,playwright_network
6E,6E705,6432.00,INR,2026-10-06,playwright_network
IX,IX1049,7197.00,INR,2026-10-06,playwright_network
IX,IX1082,7197.00,INR,2026-10-06,playwright_network
IX,IX1817,7197.00,INR,2026-10-06,playwright_network
6E,6E358,6510.00,INR,2026-10-06,playwright_network
6E,6E324,6530.00,INR,2026-10-06,playwright_network
QP,QP1807,6530.00,INR,2026-10-06,playwright_network
6E,6E322,6530.00,INR,2026-10-06,playwright_network
6E,6E864,6530.00,INR,2026-10-06,playwright_network
6E,6E6318,6530.00,INR,2026-10-06,playwright_network
6E,6E449,6530.00,INR,2026-10-06,playwright_network
6E,6E6047,6530.00,INR,2026-10-06,playwright_network
6E,6E6676,6530.00,INR,2026-10-06,playwright_network
6E,6E675,6530.00,INR,2026-10-06,playwright_network
QP,QP1833,6530.00,INR,2026-10-06,playwright_network
QP,QP1110,6530.00,INR,2026-10-06,playwright_network
QP,QP1128,6530.00,INR,2026-10-06,playwright_network
QP,QP1820,6530.00,INR,2026-10-06,playwright_network
6E,6E353,6530.00,INR,2026-10-06,playwright_network
6E,6E6114,6530.00,INR,2026-10-06,playwright_network
6E,6E327,6530.00,INR,2026-10-06,playwright_network
QP,QP1119,6530.00,INR,2026-10-06,playwright_network
QP,QP1826,6530.00,INR,2026-10-06,playwright_network
6E,6E6022,6530.00,INR,2026-10-06,playwright_network
6E,6E6107,6530.00,INR,2026-10-06,playwright_network
6E,6E303,6688.00,INR,2026-10-06,playwright_network
6E,6E6218,6688.00,INR,2026-10-06,playwright_network
6E,6E853,6898.00,INR,2026-10-06,playwright_network
6E,6E6814,6898.00,INR,2026-10-06,playwright_network
6E,6E395,6898.00,INR,2026-10-06,playwright_network
6E,6E320,6898.00,INR,2026-10-06,playwright_network
6E,6E354,6898.00,INR,2026-10-06,playwright_network
6E,6E6328,7160.00,INR,2026-10-06,playwright_network
6E,6E2113,7290.00,INR,2026-10-06,playwright_network
6E,6E5073,7650.00,INR,2026-10-06,playwright_network
6E,6E6706,7790.00,INR,2026-10-06,playwright_network
IX,IX2749,9129.00,INR,2026-10-06,playwright_network
6E,6E5073,8276.00,INR,2026-10-06,playwright_network
IX,IX1059,9929.00,INR,2026-10-06,playwright_network
IX,IX1064,9929.00,INR,2026-10-06,playwright_network
IX,IX1783,9929.00,INR,2026-10-06,playwright_network
IX,IX1057,9929.00,INR,2026-10-06,playwright_network
AI,AI2569,9841.00,INR,2026-10-06,playwright_network
6E,6E2349,9657.00,INR,2026-10-06,playwright_network
IX,IX1812,10930.00,INR,2026-10-06,playwright_network
AI,AI1717,10272.00,INR,2026-10-06,playwright_network
SG,SG2802,10618.00,INR,2026-10-06,playwright_network
6E,6E329,10468.00,INR,2026-10-06,playwright_network
AI,AI9759,11175.00,INR,2026-10-06,playwright_network
IX,IX1081,13219.00,INR,2026-10-06,playwright_network
IX,IX1076,13219.00,INR,2026-10-06,playwright_network
IX,IX1067,13219.00,INR,2026-10-06,playwright_network
IX,IX1108,12235.00,INR,2026-10-06,playwright_network
AI,AI9418,12723.00,INR,2026-10-06,playwright_network
IX,IX1108,13258.00,INR,2026-10-06,playwright_network
IX,IX1068,13394.00,INR,2026-10-06,playwright_network
6E,6E6021,13212.00,INR,2026-10-06,playwright_network
AI,AI2715,14293.00,INR,2026-10-06,playwright_network
AI,AI2909,14293.00,INR,2026-10-06,playwright_network
AI,AI2545,14293.00,INR,2026-10-06,playwright_network
AI,AI531,14293.00,INR,2026-10-06,playwright_network
AI,AI809,14293.00,INR,2026-10-06,playwright_network
AI,AI809,14405.00,INR,2026-10-06,playwright_network
AI,AI9584,15059.00,INR,2026-10-06,playwright_network
AI,AI2499,15383.00,INR,2026-10-06,playwright_network
AI,AI2569,15383.00,INR,2026-10-06,playwright_network
AI,AI1717,15383.00,INR,2026-10-06,playwright_network
IX,IX1815,16690.00,INR,2026-10-06,playwright_network
AI,AI2907,16781.00,INR,2026-10-06,playwright_network
AI,AI479,17416.00,INR,2026-10-06,playwright_network
AI,AI855,17416.00,INR,2026-10-06,playwright_network
AI,AI2761,18475.00,INR,2026-10-06,playwright_network
AI,AI1739,20885.00,INR,2026-10-06,playwright_network
AI,AI2627,20923.00,INR,2026-10-06,playwright_network
IX,IX1165,6790.00,INR,2026-10-21,playwright_network
IX,IX1392,6790.00,INR,2026-10-21,playwright_network
SG,SG162,6508.00,INR,2026-10-21,playwright_network
IX,IX1056,6529.00,INR,2026-10-21,playwright_network
IX,IX1235,6529.00,INR,2026-10-21,playwright_network
QP,QP1820,6530.00,INR,2026-10-21,playwright_network
SG,SG9091,6892.00,INR,2026-10-21,playwright_network
SG,SG802,6892.00,INR,2026-10-21,playwright_network
QP,QP1128,6977.00,INR,2026-10-21,playwright_network
QP,QP1119,6977.00,INR,2026-10-21,playwright_network
6E,6E324,7019.00,INR,2026-10-21,playwright_network
6E,6E322,7019.00,INR,2026-10-21,playwright_network
6E,6E6318,7019.00,INR,2026-10-21,playwright_network
6E,6E449,7019.00,INR,2026-10-21,playwright_network
6E,6E6218,7019.00,INR,2026-10-21,playwright_network
6E,6E6047,7019.00,INR,2026-10-21,playwright_network
6E,6E6676,7019.00,INR,2026-10-21,playwright_network
6E,6E675,7019.00,INR,2026-10-21,playwright_network
6E,6E353,7019.00,INR,2026-10-21,playwright_network
6E,6E6114,7019.00,INR,2026-10-21,playwright_network
6E,6E395,7019.00,INR,2026-10-21,playwright_network
6E,6E327,7019.00,INR,2026-10-21,playwright_network
6E,6E6328,7019.00,INR,2026-10-21,playwright_network
6E,6E6022,7019.00,INR,2026-10-21,playwright_network
6E,6E6107,7019.00,INR,2026-10-21,playwright_network
QP,QP1833,7103.00,INR,2026-10-21,playwright_network
QP,QP1110,7103.00,INR,2026-10-21,playwright_network
6E,6E5014,7120.00,INR,2026-10-21,playwright_network
6E,6E5073,7120.00,INR,2026-10-21,playwright_network
6E,6E5119,7120.00,INR,2026-10-21,playwright_network
6E,6E2076,7120.00,INR,2026-10-21,playwright_network
6E,6E931,7120.00,INR,2026-10-21,playwright_network
6E,6E6261,7120.00,INR,2026-10-21,playwright_network
AI,AI2678,7332.00,INR,2026-10-21,playwright_network
AI,AI2963,7332.00,INR,2026-10-21,playwright_network
AI,AI2975,7332.00,INR,2026-10-21,playwright_network
AI,AI2425,7332.00,INR,2026-10-21,playwright_network
AI,AI2941,7332.00,INR,2026-10-21,playwright_network
AI,AI1745,7332.00,INR,2026-10-21,playwright_network
AI,AI2995,7332.00,INR,2026-10-21,playwright_network
AI,AI2945,7332.00,INR,2026-10-21,playwright_network
AI,AI2999,7332.00,INR,2026-10-21,playwright_network
AI,AI2927,7332.00,INR,2026-10-21,playwright_network
AI,AI1780,7332.00,INR,2026-10-21,playwright_network
6E,6E2169,7252.00,INR,2026-10-21,playwright_network
6E,6E2249,7252.00,INR,2026-10-21,playwright_network
6E,6E6829,7252.00,INR,2026-10-21,playwright_network
6E,6E6443,7252.00,INR,2026-10-21,playwright_network
6E,6E6459,7252.00,INR,2026-10-21,playwright_network
6E,6E6433,7252.00,INR,2026-10-21,playwright_network
AI,AI2433,7516.00,INR,2026-10-21,playwright_network
AI,AI1777,7516.00,INR,2026-10-21,playwright_network
AI,AI1785,7516.00,INR,2026-10-21,playwright_network
6E,6E6479,7330.00,INR,2026-10-21,playwright_network
6E,6E5298,7330.00,INR,2026-10-21,playwright_network
6E,6E758,7330.00,INR,2026-10-21,playwright_network
6E,6E6050,7330.00,INR,2026-10-21,playwright_network
6E,6E5038,7330.00,INR,2026-10-21,playwright_network
QP,QP1826,7366.00,INR,2026-10-21,playwright_network
AI,AI2439,7637.00,INR,2026-10-21,playwright_network
6E,6E6601,7462.00,INR,2026-10-21,playwright_network
6E,6E717,7462.00,INR,2026-10-21,playwright_network
6E,6E2381,7462.00,INR,2026-10-21,playwright_network
6E,6E705,7462.00,INR,2026-10-21,playwright_network
6E,6E303,7469.00,INR,2026-10-21,playwright_network
6E,6E853,7469.00,INR,2026-10-21,playwright_network
6E,6E329,7469.00,INR,2026-10-21,playwright_network
6E,6E6706,7469.00,INR,2026-10-21,playwright_network
6E,6E6814,7469.00,INR,2026-10-21,playwright_network
6E,6E320,7469.00,INR,2026-10-21,playwright_network
6E,6E354,7469.00,INR,2026-10-21,playwright_network
AI,AI2951,7782.00,INR,2026-10-21,playwright_network
AI,AI2981,7782.00,INR,2026-10-21,playwright_network
AI,AI2429,7782.00,INR,2026-10-21,playwright_network
AI,AI2441,7782.00,INR,2026-10-21,playwright_network
AI,AI441,7782.00,INR,2026-10-21,playwright_network
AI,AI2957,7782.00,INR,2026-10-21,playwright_network
AI,AI2985,7980.00,INR,2026-10-21,playwright_network
AI,AI2943,7980.00,INR,2026-10-21,playwright_network
AI,AI2805,8110.00,INR,2026-10-21,playwright_network
AI,AI2977,8307.00,INR,2026-10-21,playwright_network
AI,AI2955,8307.00,INR,2026-10-21,playwright_network
IX,IX1082,9129.00,INR,2026-10-21,playwright_network
AI,AI2933,8570.00,INR,2026-10-21,playwright_network
6E,6E864,8384.00,INR,2026-10-21,playwright_network
6E,6E5138,9150.00,INR,2026-10-21,playwright_network
6E,6E2113,9229.00,INR,2026-10-21,playwright_network
6E,6E2349,9374.00,INR,2026-10-21,playwright_network
6E,6E358,9439.00,INR,2026-10-21,playwright_network
IX,IX1108,10930.00,INR,2026-10-21,playwright_network
6E,6E6171,9780.00,INR,2026-10-21,playwright_network
6E,6E6983,9780.00,INR,2026-10-21,playwright_network
6E,6E704,10121.00,INR,2026-10-21,playwright_network
IX,IX1817,10551.00,INR,2026-10-21,playwright_network
IX,IX1057,11930.00,INR,2026-10-21,playwright_network
IX,IX1049,11285.00,INR,2026-10-21,playwright_network
6E,6E6282,10959.00,INR,2026-10-21,playwright_network
6E,6E357,11103.00,INR,2026-10-21,playwright_network
6E,6E6212,11880.00,INR,2026-10-21,playwright_network
IX,IX1783,13429.00,INR,2026-10-21,playwright_network
AI,AI2509,12172.00,INR,2026-10-21,playwright_network
AI,AI9674,12723.00,INR,2026-10-21,playwright_network
AI,AI9418,12723.00,INR,2026-10-21,playwright_network
IX,IX2749,13383.00,INR,2026-10-21,playwright_network
IX,IX1064,14929.00,INR,2026-10-21,playwright_network
6E,6E882,13751.00,INR,2026-10-21,playwright_network
AI,AI2959,14293.00,INR,2026-10-21,playwright_network
AI,AI531,14293.00,INR,2026-10-21,playwright_network
AI,AI809,14405.00,INR,2026-10-21,playwright_network
AI,AI531,14405.00,INR,2026-10-21,playwright_network
IX,IX1273,14722.00,INR,2026-10-21,playwright_network
AI,AI817,14652.00,INR,2026-10-21,playwright_network
IX,IX1081,15249.00,INR,2026-10-21,playwright_network
IX,IX1067,15511.00,INR,2026-10-21,playwright_network
IX,IX1068,15674.00,INR,2026-10-21,playwright_network
AI,AI1743,16186.00,INR,2026-10-21,playwright_network
AI,AI2601,16186.00,INR,2026-10-21,playwright_network
AI,AI2907,16781.00,INR,2026-10-21,playwright_network
IX,IX1076,17191.00,INR,2026-10-21,playwright_network
IX,IX1059,17763.00,INR,2026-10-21,playwright_network
IX,IX1812,21171.00,INR,2026-10-21,playwright_network
IX,IX1811,21171.00,INR,2026-10-21,playwright_network
IX,IX1815,21171.00,INR,2026-10-21,playwright_network
AI,AI2627,20923.00,INR,2026-10-21,playwright_network
IX,IX1782,22021.00,INR,2026-10-21,playwright_network
SG,SG612,6508.00,INR,2026-11-05,playwright_network
SG,SG603,6508.00,INR,2026-11-05,playwright_network
SG,SG475,6528.00,INR,2026-11-05,playwright_network
IX,IX1056,6688.00,INR,2026-11-05,playwright_network
IX,IX1235,6898.00,INR,2026-11-05,playwright_network
SG,SG510,6892.00,INR,2026-11-05,playwright_network
IX,IX1021,7197.00,INR,2026-11-05,playwright_network
6E,6E353,7019.00,INR,2026-11-05,playwright_network
6E,6E6114,7019.00,INR,2026-11-05,playwright_network
6E,6E395,7019.00,INR,2026-11-05,playwright_network
6E,6E853,7019.00,INR,2026-11-05,playwright_network
6E,6E328,7019.00,INR,2026-11-05,playwright_network
6E,6E6706,7019.00,INR,2026-11-05,playwright_network
6E,6E327,7019.00,INR,2026-11-05,playwright_network
6E,6E864,7019.00,INR,2026-11-05,playwright_network
6E,6E6318,7019.00,INR,2026-11-05,playwright_network
6E,6E6022,7019.00,INR,2026-11-05,playwright_network
6E,6E324,7019.00,INR,2026-11-05,playwright_network
6E,6E449,7019.00,INR,2026-11-05,playwright_network
6E,6E6218,7019.00,INR,2026-11-05,playwright_network
6E,6E320,7019.00,INR,2026-11-05,playwright_network
6E,6E6107,7019.00,INR,2026-11-05,playwright_network
6E,6E6328,7019.00,INR,2026-11-05,playwright_network
6E,6E6047,7019.00,INR,2026-11-05,playwright_network
6E,6E6676,7019.00,INR,2026-11-05,playwright_network
6E,6E675,7019.00,INR,2026-11-05,playwright_network
6E,6E6051,7019.00,INR,2026-11-05,playwright_network
QP,QP1112,7103.00,INR,2026-11-05,playwright_network
QP,QP1116,7103.00,INR,2026-11-05,playwright_network
QP,QP1118,7103.00,INR,2026-11-05,playwright_network
6E,6E6787,7120.00,INR,2026-11-05,playwright_network
6E,6E6878,7120.00,INR,2026-11-05,playwright_network
6E,6E6220,7120.00,INR,2026-11-05,playwright_network
6E,6E303,7169.00,INR,2026-11-05,playwright_network
6E,6E354,7169.00,INR,2026-11-05,playwright_network
QP,QP1114,7233.00,INR,2026-11-05,playwright_network
6E,6E6569,7252.00,INR,2026-11-05,playwright_network
6E,6E6004,7252.00,INR,2026-11-05,playwright_network
6E,6E5225,7330.00,INR,2026-11-05,playwright_network
6E,6E5058,7462.00,INR,2026-11-05,playwright_network
6E,6E6601,7462.00,INR,2026-11-05,playwright_network
6E,6E6212,7462.00,INR,2026-11-05,playwright_network
6E,6E329,7469.00,INR,2026-11-05,playwright_network
6E,6E6814,7469.00,INR,2026-11-05,playwright_network
6E,6E358,7540.00,INR,2026-11-05,playwright_network
6E,6E907,7695.00,INR,2026-11-05,playwright_network
6E,6E2164,7695.00,INR,2026-11-05,playwright_network
6E,6E2105,7695.00,INR,2026-11-05,playwright_network
6E,6E6787,7695.00,INR,2026-11-05,playwright_network
6E,6E907,8325.00,INR,2026-11-05,playwright_network
6E,6E2402,8456.00,INR,2026-11-05,playwright_network
6E,6E6488,8456.00,INR,2026-11-05,playwright_network
6E,6E2289,9019.00,INR,2026-11-05,playwright_network
6E,6E2298,9019.00,INR,2026-11-05,playwright_network
QP,QP1805,9349.00,INR,2026-11-05,playwright_network
6E,6E717,9360.00,INR,2026-11-05,playwright_network
6E,6E705,9360.00,INR,2026-11-05,playwright_network
6E,6E704,9360.00,INR,2026-11-05,playwright_network
6E,6E6293,9360.00,INR,2026-11-05,playwright_network
6E,6E2303,9360.00,INR,2026-11-05,playwright_network
IX,IX2241,9800.00,INR,2026-11-05,playwright_network
IX,IX1385,10501.00,INR,2026-11-05,playwright_network
IX,IX1392,10501.00,INR,2026-11-05,playwright_network
IX,IX1108,10424.00,INR,2026-11-05,playwright_network
IX,IX1196,10735.00,INR,2026-11-05,playwright_network
6E,6E2013,10618.00,INR,2026-11-05,playwright_network
IX,IX1082,11379.00,INR,2026-11-05,playwright_network
IX,IX2237,11379.00,INR,2026-11-05,playwright_network
6E,6E6050,10907.00,INR,2026-11-05,playwright_network
AI,AI2545,11837.00,INR,2026-11-05,playwright_network
AI,AI1713,12180.00,INR,2026-11-05,playwright_network
6E,6E6699,12473.00,INR,2026-11-05,playwright_network
AI,AI1705,12740.00,INR,2026-11-05,playwright_network
6E,6E5252,12552.00,INR,2026-11-05,playwright_network
6E,6E5375,12657.00,INR,2026-11-05,playwright_network
AI,AI9641,13166.00,INR,2026-11-05,playwright_network
6E,6E6808,13021.00,INR,2026-11-05,playwright_network
IX,IX1979,14194.00,INR,2026-11-05,playwright_network
6E,6E428,13877.00,INR,2026-11-05,playwright_network
AI,AI9581,14288.00,INR,2026-11-05,playwright_network
AI,AI2499,14753.00,INR,2026-11-05,playwright_network
IX,IX1286,15179.00,INR,2026-11-05,playwright_network
AI,AI2545,14970.00,INR,2026-11-05,playwright_network
AI,AI2577,14970.00,INR,2026-11-05,playwright_network
QP,QP1845,15804.00,INR,2026-11-05,playwright_network
IX,IX1059,16817.00,INR,2026-11-05,playwright_network
IX,IX2222,16817.00,INR,2026-11-05,playwright_network
IX,IX1064,16817.00,INR,2026-11-05,playwright_network
IX,IX1057,16817.00,INR,2026-11-05,playwright_network
IX,IX1064,17237.00,INR,2026-11-05,playwright_network
IX,IX1525,17378.00,INR,2026-11-05,playwright_network
IX,IX1261,17378.00,INR,2026-11-05,playwright_network
AI,AI1715,17252.00,INR,2026-11-05,playwright_network
AI,AI2581,17718.00,INR,2026-11-05,playwright_network
AI,AI1768,18693.00,INR,2026-11-05,playwright_network
6E,6E5025,19493.00,INR,2026-11-05,playwright_network
IX,IX1067,21814.00,INR,2026-11-05,playwright_network
IX,IX1274,23074.00,INR,2026-11-05,playwright_network
IX,IX1076,23074.00,INR,2026-11-05,playwright_network
IX,IX1046,23268.00,INR,2026-11-05,playwright_network
AI,AI1737,23546.00,INR,2026-11-05,playwright_network
6E,6E2250,24360.00,INR,2026-11-05,playwright_network
IX,IX2764,25224.00,INR,2026-11-05,playwright_network
AI,AI2513,26390.00,INR,2026-11-05,playwright_network
6E,6E5241,6369.00,INR,2026-09-22,playwright_network
6E,6E6599,6386.00,INR,2026-09-22,playwright_network
6E,6E673,6500.00,INR,2026-09-22,playwright_network
6E,6E6701,6710.00,INR,2026-09-22,playwright_network
6E,6E437,6710.00,INR,2026-09-22,playwright_network
6E,6E5109,6710.00,INR,2026-09-22,playwright_network
6E,6E2284,6710.00,INR,2026-09-22,playwright_network
6E,6E5196,6710.00,INR,2026-09-22,playwright_network
6E,6E230,6869.00,INR,2026-09-22,playwright_network
IX,IX1026,7856.00,INR,2026-09-22,playwright_network
IX,IX1797,7856.00,INR,2026-09-22,playwright_network
IX,IX1801,7856.00,INR,2026-09-22,playwright_network
IX,IX5985,7357.00,INR,2026-09-22,playwright_network
6E,6E5071,7062.00,INR,2026-09-22,playwright_network
6E,6E5382,7062.00,INR,2026-09-22,playwright_network
6E,6E5184,7062.00,INR,2026-09-22,playwright_network
AI,AI2632,7322.00,INR,2026-09-22,playwright_network
AI,AI2853,7322.00,INR,2026-09-22,playwright_network
6E,6E2016,7210.00,INR,2026-09-22,playwright_network
6E,6E5126,7210.00,INR,2026-09-22,playwright_network
6E,6E6349,7210.00,INR,2026-09-22,playwright_network
6E,6E240,7210.00,INR,2026-09-22,playwright_network
AI,AI2863,7568.00,INR,2026-09-22,playwright_network
6E,6E5217,7377.00,INR,2026-09-22,playwright_network
6E,6E5082,7420.00,INR,2026-09-22,playwright_network
QP,QP1527,7495.00,INR,2026-09-22,playwright_network
6E,6E5123,7683.00,INR,2026-09-22,playwright_network
QP,QP1131,7807.00,INR,2026-09-22,playwright_network
6E,6E5092,8112.00,INR,2026-09-22,playwright_network
QP,QP1149,8130.00,INR,2026-09-22,playwright_network
AI,AI2812,8372.00,INR,2026-09-22,playwright_network
QP,QP1516,8825.00,INR,2026-09-22,playwright_network
6E,6E5241,8997.00,INR,2026-09-22,playwright_network
IX,IX1242,9331.00,INR,2026-09-22,playwright_network
AI,AI603,9618.00,INR,2026-09-22,playwright_network
6E,6E5296,9582.00,INR,2026-09-22,playwright_network
6E,6E5196,9763.00,INR,2026-09-22,playwright_network
6E,6E5188,9763.00,INR,2026-09-22,playwright_network
6E,6E5337,9763.00,INR,2026-09-22,playwright_network
6E,6E5048,10057.00,INR,2026-09-22,playwright_network
AI,AI603,10458.00,INR,2026-09-22,playwright_network
IX,IX1238,10725.00,INR,2026-09-22,playwright_network
AI,AI639,10667.00,INR,2026-09-22,playwright_network
AI,AI2857,10744.00,INR,2026-09-22,playwright_network
6E,6E632,10566.00,INR,2026-09-22,playwright_network
6E,6E5313,10566.00,INR,2026-09-22,playwright_network
AI,AI639,10868.00,INR,2026-09-22,playwright_network
AI,AI681,11061.00,INR,2026-09-22,playwright_network
AI,AI2855,11061.00,INR,2026-09-22,playwright_network
AI,AI2780,11081.00,INR,2026-09-22,playwright_network
AI,AI2780,11281.00,INR,2026-09-22,playwright_network
6E,6E6057,11117.00,INR,2026-09-22,playwright_network
AI,AI681,11378.00,INR,2026-09-22,playwright_network
6E,6E5386,11240.00,INR,2026-09-22,playwright_network
6E,6E5193,11367.00,INR,2026-09-22,playwright_network
6E,6E5221,11367.00,INR,2026-09-22,playwright_network
6E,6E261,11389.00,INR,2026-09-22,playwright_network
6E,6E2237,11450.00,INR,2026-09-22,playwright_network
6E,6E5313,11886.00,INR,2026-09-22,playwright_network
6E,6E5388,12102.00,INR,2026-09-22,playwright_network
6E,6E5228,12211.00,INR,2026-09-22,playwright_network
6E,6E5386,12211.00,INR,2026-09-22,playwright_network
6E,6E5178,12211.00,INR,2026-09-22,playwright_network
IX,IX1797,13286.00,INR,2026-09-22,playwright_network
6E,6E5107,12421.00,INR,2026-09-22,playwright_network
6E,6E5201,12421.00,INR,2026-09-22,playwright_network
AI,AI2865,12634.00,INR,2026-09-22,playwright_network
6E,6E5047,12837.00,INR,2026-09-22,playwright_network
QP,QP1518,12848.00,INR,2026-09-22,playwright_network
QP,QP1133,12848.00,INR,2026-09-22,playwright_network
AI,AI2603,13092.00,INR,2026-09-22,playwright_network
AI,AI2401,13206.00,INR,2026-09-22,playwright_network
AI,AI2491,13237.00,INR,2026-09-22,playwright_network
AI,AI2827,13326.00,INR,2026-09-22,playwright_network
IX,IX1280,13824.00,INR,2026-09-22,playwright_network
AI,AI2745,14261.00,INR,2026-09-22,playwright_network
IX,IX1237,16148.00,INR,2026-09-22,playwright_network
IX,IX1237,15661.00,INR,2026-09-22,playwright_network
IX,IX1237,15862.00,INR,2026-09-22,playwright_network
6E,6E5178,14453.00,INR,2026-09-22,playwright_network
6E,6E6188,14517.00,INR,2026-09-22,playwright_network
6E,6E5181,14794.00,INR,2026-09-22,playwright_network
AI,AI2855,17202.00,INR,2026-09-22,playwright_network
AI,AI435,18455.00,INR,2026-09-22,playwright_network
AI,AI2851,19386.00,INR,2026-09-22,playwright_network
AI,AI2821,19464.00,INR,2026-09-22,playwright_network
AI,AI2849,20115.00,INR,2026-09-22,playwright_network
AI,AI2641,20115.00,INR,2026-09-22,playwright_network
IX,IX1050,20624.00,INR,2026-09-22,playwright_network
AI,AI2619,20462.00,INR,2026-09-22,playwright_network
6E,6E5318,20752.00,INR,2026-09-22,playwright_network
IX,IX1023,22774.00,INR,2026-09-22,playwright_network
IX,IX1809,22774.00,INR,2026-09-22,playwright_network
IX,IX1797,24038.00,INR,2026-09-22,playwright_network
AI,AI2531,25431.00,INR,2026-09-22,playwright_network
AI,AI2663,25864.00,INR,2026-09-22,playwright_network
AI,AI2471,26368.00,INR,2026-09-22,playwright_network
AI,AI2741,33527.00,INR,2026-09-22,playwright_network
AI,AI2812,5639.00,INR,2026-09-28,playwright_network
AI,AI2857,5639.00,INR,2026-09-28,playwright_network
QP,QP1384,5673.00,INR,2026-09-28,playwright_network
6E,6E5323,5848.00,INR,2026-09-28,playwright_network
6E,6E5294,5848.00,INR,2026-09-28,playwright_network
QP,QP1516,6644.00,INR,2026-09-28,playwright_network
QP,QP1518,6914.00,INR,2026-09-28,playwright_network
QP,QP1133,6914.00,INR,2026-09-28,playwright_network
6E,6E5193,7062.00,INR,2026-09-28,playwright_network
6E,6E6188,7062.00,INR,2026-09-28,playwright_network
6E,6E5047,7062.00,INR,2026-09-28,playwright_network
6E,6E5382,7062.00,INR,2026-09-28,playwright_network
6E,6E5184,7062.00,INR,2026-09-28,playwright_network
6E,6E5221,7062.00,INR,2026-09-28,playwright_network
6E,6E5296,7062.00,INR,2026-09-28,playwright_network
6E,6E5217,7062.00,INR,2026-09-28,playwright_network
6E,6E5388,7062.00,INR,2026-09-28,playwright_network
AI,AI2401,7322.00,INR,2026-09-28,playwright_network
6E,6E5241,7243.00,INR,2026-09-28,playwright_network
6E,6E6361,7243.00,INR,2026-09-28,playwright_network
6E,6E261,7243.00,INR,2026-09-28,playwright_network
6E,6E230,7243.00,INR,2026-09-28,playwright_network
AI,AI2851,7445.00,INR,2026-09-28,playwright_network
AI,AI2603,7568.00,INR,2026-09-28,playwright_network
AI,AI2641,7568.00,INR,2026-09-28,playwright_network
AI,AI2849,7568.00,INR,2026-09-28,playwright_network
6E,6E5386,7374.00,INR,2026-09-28,playwright_network
6E,6E5178,7374.00,INR,2026-09-28,playwright_network
6E,6E6057,7374.00,INR,2026-09-28,playwright_network
6E,6E5228,7374.00,INR,2026-09-28,playwright_network
6E,6E5318,7374.00,INR,2026-09-28,playwright_network
6E,6E5092,7377.00,INR,2026-09-28,playwright_network
AI,AI2865,7637.00,INR,2026-09-28,playwright_network
QP,QP1382,7495.00,INR,2026-09-28,playwright_network
6E,6E6802,7505.00,INR,2026-09-28,playwright_network
6E,6E136,7584.00,INR,2026-09-28,playwright_network
6E,6E673,7584.00,INR,2026-09-28,playwright_network
6E,6E5196,7584.00,INR,2026-09-28,playwright_network
6E,6E5126,7584.00,INR,2026-09-28,playwright_network
6E,6E5337,7584.00,INR,2026-09-28,playwright_network
6E,6E5107,7584.00,INR,2026-09-28,playwright_network
6E,6E6701,7584.00,INR,2026-09-28,playwright_network
6E,6E5048,7584.00,INR,2026-09-28,playwright_network
6E,6E437,7584.00,INR,2026-09-28,playwright_network
6E,6E6349,7584.00,INR,2026-09-28,playwright_network
6E,6E5188,7584.00,INR,2026-09-28,playwright_network
6E,6E5313,7584.00,INR,2026-09-28,playwright_network
6E,6E5109,7584.00,INR,2026-09-28,playwright_network
6E,6E2237,7584.00,INR,2026-09-28,playwright_network
6E,6E240,7584.00,INR,2026-09-28,playwright_network
6E,6E5204,7584.00,INR,2026-09-28,playwright_network
AI,AI2410,7832.00,INR,2026-09-28,playwright_network
AI,AI2863,7895.00,INR,2026-09-28,playwright_network
AI,AI2853,7895.00,INR,2026-09-28,playwright_network
6E,6E6599,7715.00,INR,2026-09-28,playwright_network
6E,6E5082,7785.00,INR,2026-09-28,playwright_network
IX,IX1810,8798.00,INR,2026-09-28,playwright_network
IX,IX1026,8798.00,INR,2026-09-28,playwright_network
IX,IX1797,8798.00,INR,2026-09-28,playwright_network
IX,IX1801,8798.00,INR,2026-09-28,playwright_network
6E,6E632,8126.00,INR,2026-09-28,playwright_network
AI,AI2505,8878.00,INR,2026-09-28,playwright_network
AI,AI2632,8944.00,INR,2026-09-28,playwright_network
IX,IX1280,9855.00,INR,2026-09-28,playwright_network
IX,IX1238,9519.00,INR,2026-09-28,playwright_network
QP,QP1527,9196.00,INR,2026-09-28,playwright_network
AI,AI603,9408.00,INR,2026-09-28,playwright_network
AI,AI2619,9695.00,INR,2026-09-28,playwright_network
AI,AI2869,9695.00,INR,2026-09-28,playwright_network
AI,AI2875,9695.00,INR,2026-09-28,playwright_network
AI,AI2869,10144.00,INR,2026-09-28,playwright_network
AI,AI2875,10144.00,INR,2026-09-28,playwright_network
AI,AI2619,10144.00,INR,2026-09-28,playwright_network
AI,AI598,10236.00,INR,2026-09-28,playwright_network
IX,IX1237,11333.00,INR,2026-09-28,playwright_network
AI,AI2531,10375.00,INR,2026-09-28,playwright_network
IX,IX1242,10651.00,INR,2026-09-28,playwright_network
AI,AI639,10667.00,INR,2026-09-28,playwright_network
AI,AI2531,10825.00,INR,2026-09-28,playwright_network
AI,AI2821,10898.00,INR,2026-09-28,playwright_network
AI,AI2787,11061.00,INR,2026-09-28,playwright_network
AI,AI2855,11061.00,INR,2026-09-28,playwright_network
IX,IX1238,11199.00,INR,2026-09-28,playwright_network
AI,AI435,11081.00,INR,2026-09-28,playwright_network
AI,AI2827,11081.00,INR,2026-09-28,playwright_network
AI,AI681,11378.00,INR,2026-09-28,playwright_network
AI,AI2745,12028.00,INR,2026-09-28,playwright_network
AI,AI2444,12591.00,INR,2026-09-28,playwright_network
IX,IX1026,13164.00,INR,2026-09-28,playwright_network
IX,IX1023,13522.00,INR,2026-09-28,playwright_network
IX,IX1809,13522.00,INR,2026-09-28,playwright_network
IX,IX1050,13874.00,INR,2026-09-28,playwright_network
IX,IX1671,14552.00,INR,2026-09-28,playwright_network
AI,AI2471,20518.00,INR,2026-09-28,playwright_network
AI,AI2741,21318.00,INR,2026-09-28,playwright_network
AI,AI2420,22346.00,INR,2026-09-28,playwright_network
AI,AI2663,24593.00,INR,2026-09-28,playwright_network
IX,IX5986,5250.00,INR,2026-10-06,playwright_network
QP,QP1149,5050.00,INR,2026-10-06,playwright_network
QP,QP1516,5050.00,INR,2026-10-06,playwright_network
6E,6E5323,5050.00,INR,2026-10-06,playwright_network
6E,6E5294,5050.00,INR,2026-10-06,playwright_network
AI,AI2845,5310.00,INR,2026-10-06,playwright_network
6E,6E5178,5253.00,INR,2026-10-06,playwright_network
6E,6E673,5253.00,INR,2026-10-06,playwright_network
6E,6E5179,5253.00,INR,2026-10-06,playwright_network
AI,AI2857,5639.00,INR,2026-10-06,playwright_network
6E,6E5126,5463.00,INR,2026-10-06,playwright_network
6E,6E5196,5463.00,INR,2026-10-06,playwright_network
6E,6E5337,5463.00,INR,2026-10-06,playwright_network
6E,6E5107,5463.00,INR,2026-10-06,playwright_network
6E,6E6701,5463.00,INR,2026-10-06,playwright_network
6E,6E5048,5463.00,INR,2026-10-06,playwright_network
6E,6E437,5463.00,INR,2026-10-06,playwright_network
6E,6E6349,5463.00,INR,2026-10-06,playwright_network
6E,6E5188,5463.00,INR,2026-10-06,playwright_network
6E,6E5313,5463.00,INR,2026-10-06,playwright_network
6E,6E2284,5463.00,INR,2026-10-06,playwright_network
6E,6E5109,5463.00,INR,2026-10-06,playwright_network
6E,6E240,5463.00,INR,2026-10-06,playwright_network
IX,IX1238,6011.00,INR,2026-10-06,playwright_network
6E,6E6361,5499.00,INR,2026-10-06,playwright_network
6E,6E5241,5499.00,INR,2026-10-06,playwright_network
6E,6E5273,5594.00,INR,2026-10-06,playwright_network
6E,6E5181,5594.00,INR,2026-10-06,playwright_network
6E,6E6599,5594.00,INR,2026-10-06,playwright_network
6E,6E2016,6255.00,INR,2026-10-06,playwright_network
6E,6E5082,6369.00,INR,2026-10-06,playwright_network
6E,6E230,6369.00,INR,2026-10-06,playwright_network
6E,6E6057,6500.00,INR,2026-10-06,playwright_network
QP,QP1153,6644.00,INR,2026-10-06,playwright_network
AI,AI2851,7154.00,INR,2026-10-06,playwright_network
6E,6E5386,7000.00,INR,2026-10-06,playwright_network
6E,6E5228,7000.00,INR,2026-10-06,playwright_network
IX,IX1797,7856.00,INR,2026-10-06,playwright_network
IX,IX1026,7856.00,INR,2026-10-06,playwright_network
IX,IX1023,7856.00,INR,2026-10-06,playwright_network
IX,IX1801,7856.00,INR,2026-10-06,playwright_network
IX,IX1809,7856.00,INR,2026-10-06,playwright_network
6E,6E5296,7062.00,INR,2026-10-06,playwright_network
6E,6E5071,7062.00,INR,2026-10-06,playwright_network
6E,6E6188,7062.00,INR,2026-10-06,playwright_network
6E,6E5032,7062.00,INR,2026-10-06,playwright_network
6E,6E5047,7062.00,INR,2026-10-06,playwright_network
6E,6E5382,7062.00,INR,2026-10-06,playwright_network
6E,6E5184,7062.00,INR,2026-10-06,playwright_network
6E,6E5221,7062.00,INR,2026-10-06,playwright_network
6E,6E5217,7062.00,INR,2026-10-06,playwright_network
6E,6E5388,7062.00,INR,2026-10-06,playwright_network
6E,6E5193,7062.00,INR,2026-10-06,playwright_network
6E,6E5092,7062.00,INR,2026-10-06,playwright_network
AI,AI2632,7322.00,INR,2026-10-06,playwright_network
AI,AI2865,7322.00,INR,2026-10-06,playwright_network
AI,AI2853,7322.00,INR,2026-10-06,playwright_network
AI,AI2603,7393.00,INR,2026-10-06,playwright_network
QP,QP1133,7199.00,INR,2026-10-06,playwright_network
QP,QP1143,7199.00,INR,2026-10-06,playwright_network
6E,6E911,7210.00,INR,2026-10-06,playwright_network
AI,AI2863,7568.00,INR,2026-10-06,playwright_network
AI,AI2641,7568.00,INR,2026-10-06,playwright_network
AI,AI2849,7568.00,INR,2026-10-06,playwright_network
AI,AI2401,7629.00,INR,2026-10-06,playwright_network
6E,6E5318,7551.00,INR,2026-10-06,playwright_network
6E,6E5386,7551.00,INR,2026-10-06,playwright_network
IX,IX1242,7921.00,INR,2026-10-06,playwright_network
QP,QP1518,7807.00,INR,2026-10-06,playwright_network
IX,IX1237,8798.00,INR,2026-10-06,playwright_network
IX,IX1238,8469.00,INR,2026-10-06,playwright_network
6E,6E5228,8156.00,INR,2026-10-06,playwright_network
6E,6E2237,8366.00,INR,2026-10-06,playwright_network
6E,6E261,8609.00,INR,2026-10-06,playwright_network
6E,6E632,9031.00,INR,2026-10-06,playwright_network
AI,AI2444,10005.00,INR,2026-10-06,playwright_network
AI,AI2625,10005.00,INR,2026-10-06,playwright_network
AI,AI2619,10111.00,INR,2026-10-06,playwright_network
AI,AI2444,10479.00,INR,2026-10-06,playwright_network
AI,AI2869,10479.00,INR,2026-10-06,playwright_network
AI,AI2625,10479.00,INR,2026-10-06,playwright_network
AI,AI2875,10479.00,INR,2026-10-06,playwright_network
AI,AI2531,10489.00,INR,2026-10-06,playwright_network
AI,AI435,10667.00,INR,2026-10-06,playwright_network
AI,AI2780,10667.00,INR,2026-10-06,playwright_network
AI,AI639,10667.00,INR,2026-10-06,playwright_network
AI,AI2739,10840.00,INR,2026-10-06,playwright_network
AI,AI2827,10840.00,INR,2026-10-06,playwright_network
AI,AI2821,10898.00,INR,2026-10-06,playwright_network
AI,AI2531,10963.00,INR,2026-10-06,playwright_network
AI,AI2745,11556.00,INR,2026-10-06,playwright_network
AI,AI2855,13141.00,INR,2026-10-06,playwright_network
AI,AI2787,13223.00,INR,2026-10-06,playwright_network
IX,IX1050,13874.00,INR,2026-10-06,playwright_network
IX,IX1671,14072.00,INR,2026-10-06,playwright_network
IX,IX1237,16348.00,INR,2026-10-06,playwright_network
AI,AI2422,15450.00,INR,2026-10-06,playwright_network
IX,IX1280,15775.00,INR,2026-10-06,playwright_network
AI,AI816,15562.00,INR,2026-10-06,playwright_network
AI,AI2677,15562.00,INR,2026-10-06,playwright_network
AI,AI2944,15562.00,INR,2026-10-06,playwright_network
AI,AI2442,15562.00,INR,2026-10-06,playwright_network
AI,AI2952,15716.00,INR,2026-10-06,playwright_network
AI,AI2930,15931.00,INR,2026-10-06,playwright_network
AI,AI2988,15931.00,INR,2026-10-06,playwright_network
AI,AI2424,16170.00,INR,2026-10-06,playwright_network
AI,AI2928,16340.00,INR,2026-10-06,playwright_network
AI,AI2432,16340.00,INR,2026-10-06,playwright_network
AI,AI2471,18311.00,INR,2026-10-06,playwright_network
AI,AI2841,18903.00,INR,2026-10-06,playwright_network
AI,AI2741,19988.00,INR,2026-10-06,playwright_network
AI,AI2663,21023.00,INR,2026-10-06,playwright_network
SG,SG669,5022.00,INR,2026-10-21,playwright_network
SG,SG642,5022.00,INR,2026-10-21,playwright_network
SG,SG487,5022.00,INR,2026-10-21,playwright_network
IX,IX5938,5049.00,INR,2026-10-21,playwright_network
QP,QP1149,5050.00,INR,2026-10-21,playwright_network
6E,6E5294,5050.00,INR,2026-10-21,playwright_network
AI,AI2845,5310.00,INR,2026-10-21,playwright_network
6E,6E5323,5430.00,INR,2026-10-21,playwright_network
QP,QP1516,5456.00,INR,2026-10-21,playwright_network
AI,AI2812,5690.00,INR,2026-10-21,playwright_network
AI,AI2857,5690.00,INR,2026-10-21,playwright_network
QP,QP1985,5673.00,INR,2026-10-21,playwright_network
6E,6E5296,7062.00,INR,2026-10-21,playwright_network
6E,6E5193,7062.00,INR,2026-10-21,playwright_network
QP,QP1129,7199.00,INR,2026-10-21,playwright_network
6E,6E5241,7243.00,INR,2026-10-21,playwright_network
6E,6E230,7243.00,INR,2026-10-21,playwright_network
6E,6E261,7243.00,INR,2026-10-21,playwright_network
6E,6E6057,7374.00,INR,2026-10-21,playwright_network
6E,6E5228,7374.00,INR,2026-10-21,playwright_network
6E,6E5386,7374.00,INR,2026-10-21,playwright_network
6E,6E5179,7374.00,INR,2026-10-21,playwright_network
6E,6E5071,7377.00,INR,2026-10-21,playwright_network
6E,6E5217,7377.00,INR,2026-10-21,playwright_network
6E,6E5184,7377.00,INR,2026-10-21,playwright_network
6E,6E5388,7377.00,INR,2026-10-21,playwright_network
6E,6E5092,7377.00,INR,2026-10-21,playwright_network
AI,AI2603,7589.00,INR,2026-10-21,playwright_network
6E,6E6361,7457.00,INR,2026-10-21,playwright_network
AI,AI2632,7735.00,INR,2026-10-21,playwright_network
AI,AI2851,7735.00,INR,2026-10-21,playwright_network
6E,6E5126,7584.00,INR,2026-10-21,playwright_network
6E,6E673,7584.00,INR,2026-10-21,playwright_network
6E,6E5196,7584.00,INR,2026-10-21,playwright_network
6E,6E6701,7584.00,INR,2026-10-21,playwright_network
6E,6E5048,7584.00,INR,2026-10-21,playwright_network
6E,6E437,7584.00,INR,2026-10-21,playwright_network
6E,6E6349,7584.00,INR,2026-10-21,playwright_network
6E,6E5188,7584.00,INR,2026-10-21,playwright_network
6E,6E5313,7584.00,INR,2026-10-21,playwright_network
6E,6E5109,7584.00,INR,2026-10-21,playwright_network
6E,6E5337,7584.00,INR,2026-10-21,playwright_network
6E,6E6188,7692.00,INR,2026-10-21,playwright_network
6E,6E5032,7692.00,INR,2026-10-21,playwright_network
6E,6E5221,7692.00,INR,2026-10-21,playwright_network
6E,6E5273,7715.00,INR,2026-10-21,playwright_network
6E,6E6599,7715.00,INR,2026-10-21,playwright_network
6E,6E5082,7785.00,INR,2026-10-21,playwright_network
IX,IX1797,8798.00,INR,2026-10-21,playwright_network
AI,AI2853,8156.00,INR,2026-10-21,playwright_network
6E,6E5382,8112.00,INR,2026-10-21,playwright_network
6E,6E911,8126.00,INR,2026-10-21,playwright_network
6E,6E5107,8126.00,INR,2026-10-21,playwright_network
QP,QP1133,8130.00,INR,2026-10-21,playwright_network
QP,QP1518,8130.00,INR,2026-10-21,playwright_network
AI,AI2863,8435.00,INR,2026-10-21,playwright_network
AI,AI2849,8435.00,INR,2026-10-21,playwright_network
AI,AI2401,8504.00,INR,2026-10-21,playwright_network
AI,AI2865,8504.00,INR,2026-10-21,playwright_network
6E,6E5386,8508.00,INR,2026-10-21,playwright_network
IX,IX1801,9855.00,INR,2026-10-21,playwright_network
6E,6E5047,9057.00,INR,2026-10-21,playwright_network
IX,IX1242,9915.00,INR,2026-10-21,playwright_network
IX,IX1238,10043.00,INR,2026-10-21,playwright_network
AI,AI2745,10044.00,INR,2026-10-21,playwright_network
6E,6E5181,10200.00,INR,2026-10-21,playwright_network
AI,AI639,10667.00,INR,2026-10-21,playwright_network
AI,AI2780,10667.00,INR,2026-10-21,playwright_network
AI,AI2869,10829.00,INR,2026-10-21,playwright_network
AI,AI2875,10829.00,INR,2026-10-21,playwright_network
AI,AI2780,10835.00,INR,2026-10-21,playwright_network
AI,AI2739,10840.00,INR,2026-10-21,playwright_network
AI,AI435,10840.00,INR,2026-10-21,playwright_network
AI,AI435,11008.00,INR,2026-10-21,playwright_network
IX,IX1810,11934.00,INR,2026-10-21,playwright_network
IX,IX1797,11934.00,INR,2026-10-21,playwright_network
AI,AI2505,11120.00,INR,2026-10-21,playwright_network
AI,AI2869,11229.00,INR,2026-10-21,playwright_network
AI,AI2875,11229.00,INR,2026-10-21,playwright_network
AI,AI2641,11317.00,INR,2026-10-21,playwright_network
AI,AI2625,11679.00,INR,2026-10-21,playwright_network
AI,AI2827,11731.00,INR,2026-10-21,playwright_network
AI,AI2619,11785.00,INR,2026-10-21,playwright_network
AI,AI2821,11797.00,INR,2026-10-21,playwright_network
6E,6E632,11678.00,INR,2026-10-21,playwright_network
IX,IX1238,12698.00,INR,2026-10-21,playwright_network
IX,IX1026,13110.00,INR,2026-10-21,playwright_network
AI,AI2531,13072.00,INR,2026-10-21,playwright_network
IX,IX1237,15249.00,INR,2026-10-21,playwright_network
IX,IX1023,14613.00,INR,2026-10-21,playwright_network
IX,IX1671,15393.00,INR,2026-10-21,playwright_network
6E,6E5178,15350.00,INR,2026-10-21,playwright_network
IX,IX1050,15801.00,INR,2026-10-21,playwright_network
AI,AI2745,15871.00,INR,2026-10-21,playwright_network
IX,IX1809,16711.00,INR,2026-10-21,playwright_network
6E,6E5318,16400.00,INR,2026-10-21,playwright_network
6E,6E2284,16922.00,INR,2026-10-21,playwright_network
AI,AI2787,17847.00,INR,2026-10-21,playwright_network
IX,IX1280,19793.00,INR,2026-10-21,playwright_network
AI,AI2855,19948.00,INR,2026-10-21,playwright_network
AI,AI2841,23471.00,INR,2026-10-21,playwright_network
IX,IX1237,24118.00,INR,2026-10-21,playwright_network
AI,AI2663,24877.00,INR,2026-10-21,playwright_network
AI,AI2741,26346.00,INR,2026-10-21,playwright_network
IX,IX1176,26743.00,INR,2026-10-21,playwright_network
AI,AI2471,43193.00,INR,2026-10-21,playwright_network
